name,online_order,book_table,rate,votes,location,rest_type,dish_liked,cuisines,approx_cost(for two people),listed_in(type),listed_in(city)
Jalsa,Yes,Yes,4.1/5,775,Banashankari,Casual Dining,"Pasta, Lunch Buffet, Masala Papad, Paneer Lajawab, Tomato Shorba, Dum Biryani, Sweet Corn Soup","North Indian, Mughlai, Chinese",800,Buffet,Banashankari
Spice Elephant,Yes,No,4.1/5,787,Banashankari,Casual Dining,"Momos, Lunch Buffet, Chocolate Nirvana, Thai Green Curry, Paneer Tikka, Dum Biryani, Chicken Biryani","Chinese, North Indian, Thai",800,Buffet,Banashankari
San Churro Cafe,Yes,No,3.8/5,918,Banashankari,"Cafe, Casual Dining","Churros, Cannelloni, Minestrone Soup, Hot Chocolate, Pink Sauce Pasta, Salsa, Veg Supreme Pizza","Cafe, Mexican, Italian",800,Buffet,Banashankari
Addhuri Udupi Bhojana,No,No,3.7/5,88,Banashankari,Quick Bites,Masala Dosa,"South Indian, North Indian",300,Buffet,Banashankari
Grand Village,No,No,3.8/5,166,Basavanagudi,Casual Dining,"Panipuri, Gol Gappe","North Indian, Rajasthani",600,Buffet,Banashankari
Timepass Dinner,Yes,No,3.8/5,286,Basavanagudi,Casual Dining,"Onion Rings, Pasta, Kadhai Paneer, Salads, Salad, Roti, Jeera Rice",North Indian,600,Buffet,Banashankari
Rosewood International Hotel - Bar & Restaurant,No,No,3.6/5,8,Mysore Road,Casual Dining,,"North Indian, South Indian, Andhra, Chinese",800,Buffet,Banashankari
Onesta,Yes,Yes,4.6/5,2556,Banashankari,"Casual Dining, Cafe","Farmhouse Pizza, Chocolate Banana, Virgin Mojito, Pasta, Paneer Tikka, Lime Soda, Prawn Pizza","Pizza, Cafe, Italian",600,Cafes,Banashankari
Penthouse Cafe,Yes,No,4.0/5,324,Banashankari,Cafe,"Pizza, Mocktails, Coffee, Nachos, Salad, Pasta, Sandwiches","Cafe, Italian, Continental",700,,
 service was sluggish as they took too long to prepare the dishes though there only a few in the cafÃƒÂƒ\x83ÃƒÂ‚\x83ÃƒÂƒ\x82ÃƒÂ‚\x83ÃƒÂƒ\x83ÃƒÂ‚\x82ÃƒÂƒ\x82ÃƒÂ‚Ã‚Â©. I hope they get good experience out of this and improve in future.\nTaste 3.5/5\nHygiene 3.5/5\nPrice 3/5\nAmbience 2/5\nServing size 3/5\nService 3/5'), ('Rated 4.0', 'RATED\n  Amazing cafe,\nTop floor, no outdoor seating.\nFood is delicious, a nice place to give a try.'), ('Rated 1.0', 'RATED\n  Located opposite to wildcraft store..this place is on the 4th floor.\nThe ambience is not good..feels very congested.\nWell for starters, we had nachos cheese salsa which was okay. We ordered some garlic bread with cheese. A complete disappointment as it just had some processed cheese and the bread was dipped in ghee.\nWe ordered some chicken Alfredo hoping it would be better but to our disappointment, it turned out worse than the garlic bread. The Kentucky killing pizza was the worst dish ever made. Hot chocolate was quite good. Lychee punch was okay. Rest was horrible. This place does not even have a proper place for hand wash.\nFood-1/5\nService and staff-2/5\nAmbience-1/5\nHope they really improve.'), parking facility I could not locate. Staff can be little more local speaking ," it was little difficult to converse. Overall not a bad experience."""")]"""
Smacznego,Yes,No,4.2/5,504,Banashankari,Cafe,"Waffles, Pasta, Coleslaw Sandwich, Choco Waffle, Tacos, Momos, Cheese Nachos","Cafe, Mexican, Italian, Momos, Beverages",550,Cafes,Banashankari
CafÃƒÂƒÃ‚ÂƒÃƒÂ‚Ã‚ÂƒÃƒÂƒÃ‚Â‚ÃƒÂ‚Ã‚ÂƒÃƒÂƒÃ‚ÂƒÃƒÂ‚Ã‚Â‚ÃƒÂƒÃ‚Â‚ÃƒÂ‚Ã‚Â© Down The Alley,Yes,No,4.1/5,402,Banashankari,Cafe,"Waffles, Pasta, Crispy Chicken, Honey Chilli Chicken, Sandwich, Coffee, Crepe",Cafe,500,Cafes,Banashankari
Cafe Shuffle,Yes,Yes,4.2/5,150,Banashankari,Cafe,"Mocktails, Peri Fries, Lasagne, Pizza, Chicken Bbq Wings, Virgin Mojito, Nachos","Cafe, Italian, Continental",600,Cafes,Banashankari
The Coffee Shack,Yes,Yes,4.2/5,164,Banashankari,Cafe,"Coffee, Spaghetti, Pancakes, Nachos, Pasta, Sandwich, Garlic Bread","Cafe, Chinese, Continental, Italian",500,Cafes,Banashankari
Caf-Eleven,No,No,4.0/5,424,Banashankari,Cafe,"Sandwich, Omelette, Ice Tea, Virgin Mojito, Hot Chocolate, Pasta Arrabiata, Hazelnut Cappuccino","Cafe, Continental",450,Cafes,Banashankari
San Churro Cafe,Yes,No,3.8/5,918,Banashankari,"Cafe, Casual Dining","Churros, Cannelloni, Minestrone Soup, Hot Chocolate, Pink Sauce Pasta, Salsa, Veg Supreme Pizza","Cafe, Mexican, Italian",800,Cafes,Banashankari
Cafe Vivacity,Yes,No,3.8/5,90,Banashankari,Cafe,"Garlic Bread, Burgers, Sandwiches, Pizza, Hot Chocolate Fudge, Waffles, Potato Wedges",Cafe,650,Cafes,Banashankari
Catch-up-ino,Yes,No,3.9/5,133,Banashankari,Cafe,"Momos, Mushroom Bruschettas, Jalapeno Cheeseballs, Pasta, Red Velvet Shake, Red Velvet Milkshake, Maggi","Cafe, Fast Food, Continental, Chinese, Momos",800,Cafes,Banashankari
Kirthi's Biryani,Yes,No,3.8/5,144,Banashankari,Cafe,"Pasta, Gelato, Garlic Bread, Mojito, Nachos, Paneer Pizza, Mocktails","Chinese, Cafe, Italian",700,Cafes,Banashankari
T3H Cafe,No,No,3.9/5,93,Banashankari,Cafe,"Cheese Maggi, Peri Peri Fries, Pasta Arrabiata","Cafe, Italian, American",300,Cafes,Banashankari
360 Atoms Restaurant And Cafe,Yes,No,3.1/5,13,Banashankari,Cafe,,"Cafe, Chinese, Continental, Italian",400,Cafes,Banashankari
The Vintage Cafe,Yes,No,3.0/5,62,Banashankari,Cafe,"Burgers, Caramel Milkshake, Iced Coffee, Iced Tea","Cafe, French, North Indian",400,Cafes,Banashankari
Woodee Pizza,Yes,No,3.7/5,180,Banashankari,Cafe,"Pizza, Garlic Bread","Cafe, Pizza, Fast Food, Beverages",500,Cafes,Banashankari
Cafe Coffee Day,No,No,3.6/5,28,Banashankari,Cafe,,"Cafe, Fast Food",900,Cafes,Banashankari
My Tea House,Yes,No,3.6/5,62,Banashankari,"Quick Bites, Cafe","Pasta, Iced Tea","Italian, Fast Food, Cafe, European",600,Cafes,Banashankari
Hide Out Cafe,No,No,3.7/5,31,Banashankari,Cafe,,Cafe,300,Cafes,Banashankari
CAFE NOVA,No,No,3.2/5,11,Banashankari,Cafe,,"Cafe, Bakery",600,Cafes,Banashankari
Coffee Tindi,Yes,No,3.8/5,75,Banashankari,"Cafe, Quick Bites",,"Cafe, South Indian",200,Cafes,Banashankari
Sea Green Cafe,No,No,3.3/5,4,Banashankari,Cafe,,"Cafe, Fast Food, Beverages",500,Cafes,Banashankari
Cuppa,No,No,3.3/5,23,Banashankari,Cafe,,"Cafe, Fast Food",550,Cafes,Banashankari
Srinathji's Cafe,No,No,3.8/5,148,Basavanagudi,"Casual Dining, Cafe","Paratha, Sandwich, Chilli Idli, Noodles, Sandwiches, Lime Soda","North Indian, Cafe, Chinese, Fast Food",550,Cafes,Banashankari
Redberrys,Yes,No,4.0/5,219,Basavanagudi,Cafe,"Pizza, Fries, Anjeer Ice Cream, Sandwiches, Gelato, Burgers, Kesar Badam","Cafe, Italian",600,Cafes,Banashankari
Foodiction,Yes,No,2.8/5,506,Banashankari,Quick Bites,"Burgers, Lassi, Chicken Grill, Naan, Momos, Chicken Burger, Biryani","North Indian, Fast Food, Chinese, Burger",500,,
 'RATED\n  not that much worth'), ('Rated 2.0', 'RATED\n  Delay in delivery'), ('Rated 1.0'," """"RATED\n  Not good and gravy not sufficient really it's bad"""")", 'RATED\n  it was not worth the money'), ('Rated 4.0', 'RATED\n  Very nice loved it and ur chat support is really awesome please keep it up love u'), ('Rated 3.0', 'RATED\n  one item wasnt delivered')," don't expect too much from this place.."""")", ('Rated 1.0'
Sweet Truth,Yes,No,3.9/5,35,Banashankari,Delivery,,"Bakery, Desserts",500,Delivery,Banashankari
Ovenstory Pizza,Yes,No,3.9/5,172,Banashankari,Delivery,"Paneer Tikka, Garlic Bread, Thin Crust Pizza, Falafel, Veggie Pizza",Pizza,750,Delivery,Banashankari
Faasos,Yes,No,4.2/5,415,Banashankari,Quick Bites,"Rolls, Veggie Wrap, Chocolate Fantasy, Rice Bowls, Chicken Rice, Paneer Makhanwala, Chicken Tikka Wrap","North Indian, Biryani, Fast Food",500,,
 Will Recommend To Everyone.\n\nCheers!!'), ('Rated 5.0', 'RATED\n  This was my second time trying faasos lunch box and the experience was just perfect. Actually this time i ordered a Navratra special thali and it was just perfect in taste and the quantity of box was also enough for 1 person. I love the faasos lunch box..it is the best lunch box available in the market.\nThe delivery was also very fast.'), ('Rated 5.0', 'RATED\n  The Navaratri special thali of faasos is amazing. It was really tasty. The thalli included paneer, potato, and 2 chapattis. Each and every bite was a bliss. Truly enjoyed this meal! \U0001f929'), ('Rated 5.0', 'RATED\n  Faasos is a perfect place to order some lip smacking fast food.\nI ordered Paneer steak , Veg jumbo roll and paneer cheesy roll.\nThey had Navratri Special Menu also which was a unique concept.\nPackaging was awesome.\nTaste was up to the mark.\nPaneer steak was amazing.\nWould Love to order from here again.'), ('Rated 4.5', 'RATED\n  FAASOS\n\nJumbo Chicken Wrap\n\nBhuna Chicken & Chicken Tikka Wrap\n\nJumbo Chicken Wrap:- The perfect taste of bhuna ( spicy ) chicken with the combination of mayo sauce
Behrouz Biryani,Yes,No,3.9/5,230,Banashankari,Delivery,"Raita, Gulab Jamun, Paneer Biryani, Vegetable Biryani, Gosht Dum Biryani, Chicken Biryani, Murgh Biryani",Biryani,650,Delivery,Banashankari
Fast And Fresh,Yes,No,2.8/5,91,Banashankari,Quick Bites,,"North Indian, Chinese, Fast Food",400,Delivery,Banashankari
Szechuan Dragon,Yes,No,4.2/5,1647,Banashankari,Casual Dining,"Noodles, Momos, Veg Manchow Soup, Kung Pao Chicken, Chicken Lollipop, Chop Suey, Dragon Chicken","Chinese, Thai, Momos",600,Delivery,Banashankari
Empire Restaurant,Yes,No,4.4/5,4884,Jayanagar,Casual Dining,"Chicken Tikka Masala, Mutton Keema Dosa, Mutton Biryani, Raan Biryani, Brain Fry, Chicken Grill, Ghee Rice","North Indian, Mughlai, South Indian, Chinese",750,,
 'RATED\n  We enjoyed our dinner, grilled chicken was good, with tandoori roti good combination, always a good experience, good support from staff. Try their kabab')," """"RATED\n  The food was good and the ambience was quite impressive too. The service also was up to the mark"," although I wanted to have the buffet but wasn't able to because I was 10 minutes late."""")", ('Rated 4.0'," """"RATED\n  Okay this review is mainly about the shaadi ka biryani (mutton). Lived the taste. We had taken a home delivery of this through zomatogold. No complaints on the service and delivery.\n\nOther than that"," been to empire a couple of times. Food depends on the day and the time I guess. Sometimes it's really good and at other times I have found hair in the food. And they do tend to make all the curries spicy."""")", Jayanagar, Bannerghatta Road
Maruthi Davangere Benne Dosa,Yes,No,4.0/5,17,Banashankari,Quick Bites,,South Indian,150,Delivery,Banashankari
Chaatimes,Yes,No,3.8/5,133,Basavanagudi,Quick Bites,"Dabeli, Faluda, Masala Poori, Sandwiches, Tokri Chaat, Pav Bhaji, Dahipuri","Street Food, Fast Food",200,Delivery,Banashankari
Havyaka Mess,No,No,3.9/5,28,Banashankari,Mess,,South Indian,300,Delivery,Banashankari
McDonald's,Yes,No,3.9/5,286,Banashankari,Quick Bites,"Burgers, Fries, Hot Chocolate","Burger, Fast Food",500,Delivery,Banashankari
Domino's Pizza,Yes,No,3.9/5,540,Banashankari,Quick Bites,"Pane Pizza, Lava Cake, Pasta, Stuffed Garlic Bread, Chocolava Cake, Tacos","Pizza, Fast Food",800,Delivery,Banashankari
Onesta,Yes,Yes,4.6/5,2556,Banashankari,"Casual Dining, Cafe","Farmhouse Pizza, Chocolate Banana, Virgin Mojito, Pasta, Paneer Tikka, Lime Soda, Prawn Pizza","Pizza, Cafe, Italian",600,,
 and the crust was made amazing also so was the pizza.\nThe service is really good and the place is clean also. All in all wonderful place and another great restaurant part of the franchise.'), ('Rated 4.0', 'RATED\n  Loved the foodie experience here!!!!!! Came here for the name of the week offer and trust me I was disappointed. This whole place has such a good ambience that u l love it instantly.\nCrazy Bangalore rain and Fresh piping hot pizza and the night is sorted!\nUnlimited pizzas, a mocktail and did i just hear unlimited desserts?!\nGoodbye midweek blues!!!?\n\nI would specially mention the staff here-Chaitanya,Arup and Binita serving us, never have i had such an experience.\nWhat really makes your food enjoyable is just not the taste but how the person served you!\n\nTop notch guys!!\nComing back for more-offer or no offer ! ?'), ('Rated 5.0', 'RATED\n  This roof top outlet of OnestÃƒÂƒ\x83ÃƒÂ‚\x83ÃƒÂƒ\x82ÃƒÂ‚\x83ÃƒÂƒ\x83ÃƒÂ‚\x82ÃƒÂƒ\x82ÃƒÂ‚\xa0 is one of the amazing places to have the best pizzas in and around Banashankari.\n\nNot only the ambience but also the cheerful yet humble service staff catalised my great experience there.\n\nMust try: chat pizza, herbed wedges\n\n#rajeshwrites'), ('Rated 4.0', and off course pizzas .\nThey serve these tiny little desserts which look good . Personal favourite was cheese balls and fish fingers .\nI love the service here itÃƒÂƒ\x83ÃƒÂ‚\x83ÃƒÂƒ\x82ÃƒÂ‚\x82ÃƒÂƒ\x83ÃƒÂ‚\x82ÃƒÂƒ\x82ÃƒÂ‚\x92s quick even during the offers their service is pretty fast.'), ('Rated 5.0'
Hotboxit,No,No,3.8/5,36,Banashankari,Delivery,Prompt Service,"North Indian, Continental, Italian",400,Delivery,Banashankari
Kitchen Garden,Yes,No,3.6/5,244,Kumaraswamy Layout,Quick Bites,Biryani,"North Indian, Chinese",300,Delivery,Banashankari
Recipe,Yes,No,4.0/5,804,Kumaraswamy Layout,Casual Dining,"Butter Chicken, Noodles, Thali, Biryani","North Indian, Chinese, Biryani, Rolls",450,Delivery,Banashankari
Beijing Bites,Yes,No,3.7/5,679,Rajarajeshwari Nagar,Casual Dining,"Momos, Dragon Chicken, Hakka Noodles, Chowmein, Chop Suey, Chilli Garlic Noodles, Garlic Rice","Chinese, Thai",850,Delivery,Banashankari
Tasty Bytes,Yes,No,3.1/5,245,Kumaraswamy Layout,Quick Bites,"Paratha, Pasta","North Indian, Chinese, Momos, Rolls",300,Delivery,Banashankari
Petoo,No,No,3.7/5,21,Banashankari,Quick Bites,,North Indian,450,Delivery,Banashankari
Shree Cool Point,Yes,No,4.1/5,28,Vijay Nagar,Quick Bites,,"Fast Food, Street Food, Beverages",150,Delivery,Banashankari
Corner House Ice Cream,No,No,4.3/5,345,Banashankari,Dessert Parlor,"Hot Chocolate Fudge, Vanilla Ice Cream, Fudge Cake, Chocolate Mousse","Ice Cream, Desserts",400,Delivery,Banashankari
Biryanis And More,Yes,No,4.0/5,618,Jayanagar,Casual Dining,"Prawn Biryani, Dragon Chicken, Chicken Boneless Biryani, Afghani Biryani, Mughlai Biryani, Paneer Tikka Biryani, Gongura Biryani","Biryani, North Indian, Chinese, Andhra, South Indian",750,Delivery,Banashankari
Roving Feast,No,No,4.0/5,1047,Banashankari,Quick Bites,"Pasta, Momos, Rolls, Chicken Roll, Chilli Chicken, Paneer Roll, Spaghetti","Italian, Continental, Fast Food, Chinese, Momos",450,Delivery,Banashankari
FreshMenu,Yes,No,3.9/5,627,Banashankari,Delivery,"Salads, Sandwiches, Salad, Thai Rice, Pasta, Noodles, Pizza","Healthy Food, Chinese, Biryani, North Indian, Continental, Salad, American, Burger",450,Delivery,Banashankari
Banashankari Donne Biriyani,Yes,No,3.8/5,104,Banashankari,Quick Bites,,"Biryani, Fast Food",300,Delivery,Banashankari
Wamama,Yes,Yes,4.2/5,354,Banashankari,Casual Dining,"Sushi, Noodles, Wine, Khau Suey, Mocktails, Yakisoba, Spring Roll","Asian, Korean, Indonesian, Japanese, Chinese, Thai, Momos",800,,
 ('Rated 4.0', 'RATED\n  Love the ambience! This is the place to go if youÃƒÂƒ\x83ÃƒÂ‚\x83ÃƒÂƒ\x82ÃƒÂ‚\x82ÃƒÂƒ\x83ÃƒÂ‚\x82ÃƒÂƒ\x82ÃƒÂ‚\x92re looking for authentic oriental food. They have special breakfast menu which is worth a try for everyone! And they make amazing cocktails :)'), ('Rated 4.0', 'RATED\n  First thing about this place is.. PAN Asian cuisine.. there are hardly any place which serves sushi etc in this part of Bangalore.. you can park your vehicle at BDA Complex parking.. and enjoy your evening peacefully.. ambiance is nice... food is delicious..\nwe tried veg dim sum platter, seafood sushi platter, yakisoba (buckwheat noodles), house wine, wamama special mocktail and to finish fried ice cream. Everything was good.'), ('Rated 5.0', 'RATED\n  Amazing place! Must visit! Pocket friendly! Good food! Good ambience! Loved the overall experience! Tried dim sums, 'RATED\n  Amazing Asian food and even better place.Its so beautiful and pleasing to the eyes.Has good vibe,their must try would be the sushi
Five Star Chicken,No,No,3.6/5,55,Banashankari,Quick Bites,,"Fast Food, Burger",200,Delivery,Banashankari
XO Belgian Waffle,Yes,No,3.7/5,17,Banashankari,Dessert Parlor,,"Desserts, Beverages",400,Delivery,Banashankari
Peppy Peppers,No,No,4.2/5,244,Banashankari,Casual Dining,"Pasta, Pepper Pizza, Paneer Pizza, Peppy Paneer, Nachos, Supreme Pizza, Manchow Soup","Italian, North Indian, Mexican",800,,
 this was amazing, loved it, the flavor of both the paneer tikka and biriyani were very good.\n\nService was good too.\n\nAmbience: 3.5/5\nService: 4/5\nFood: 3/5\nPrice: 4/5\n\nMust try: paneer tikka biriyani'), ('Rated 4.0'," """"RATED\n  PEPPY PEPPERS is a unit of jalsa banashankri. They have the best thin crust wood fired pizza. The ambience is good with full of white tables and chairs. The staff is friendly and quick at service.\nComing to food we tried peppy pepper fries large"," taste was just amazing and the crust was perfect later we ordered for peppy panner pizza where the taste was good but the crust was watery where we couldn't take and hold it in our hands.\nFully not satisfied nor fully not disappointed."""")", ('Rated 2.0', 'RATED\n  A not so good experience in this restaurant\nAmbience is okay but food taste is not upto mark\nThe curry leaf fried Chicken was soggy & not hot enough.\nCheesy fries was big dampener.. pizza cheese was just mixed with the fries which was way too sticky & fries itself tasted not so great.\nThe only solace was Thin crust Chicken supreme pizza which was good.\nService was quite slow. To get the starters it took almost 30 min.'), ('Rated 3.0', 'RATED\n  Went here for dinner on a Saturday night, so came here to try.\n\nWe got cheese balls, super large fries and Taiwanese baby corn for starters. The cheese balls were pretty good but they had given chili mayo as accompaniment which was just mayo mixed with chilli powder
Goa 0 Km,Yes,Yes,3.6/5,163,Kumaraswamy Layout,Casual Dining,"Sea Food, Crab Meat, Crab Soup, Fish Curry, Chicken Cafreal, Butter Naan, Butter Chicken","Goan, Seafood, North Indian, Chinese, Biryani",800,Delivery,Banashankari
Chinese Kitchen,Yes,No,3.8/5,58,Basavanagudi,Quick Bites,,Chinese,150,Delivery,Banashankari
1947,No,Yes,4.0/5,808,Banashankari,Casual Dining,"Salads, Panneer Butter Masala, Rabri, Gajar Ka Halwa, Manchow Soup, Aam Panna, Tomato Basil Soup","North Indian, Chinese",850,Delivery,Banashankari
Cake of the Day,No,No,3.7/5,78,Banashankari,"Bakery, Dessert Parlor",,Bakery,150,Delivery,Banashankari
Kabab Magic,Yes,No,4.1/5,1720,Basavanagudi,Quick Bites,"Grape Juice, Chicken Grill, Chicken Tikka Roll, Shawarma Roll, Chicken Shawarama, Biryani Combo, Rolls","North Indian, Kebab, Chinese, Fast Food",400,Delivery,Banashankari
Namma Brahmin's Idli,Yes,No,3.6/5,34,Jayanagar,Quick Bites,,South Indian,100,Delivery,Banashankari
Gustoes Beer House,No,No,4.1/5,868,Banashankari,Pub,"Beer, Wedges, Pizza, Nachos, Salads, Papaya Salad, Buffalo Wings","Continental, Italian, Mexican, North Indian, Chinese, Steak",1200,Delivery,Banashankari
Sugar Rush,No,No,3.8/5,39,Banashankari,Bakery,,"Bakery, Desserts",300,Delivery,Banashankari
Burger King,Yes,No,3.2/5,71,Basavanagudi,Quick Bites,,"Burger, Fast Food, Beverages",600,Delivery,Banashankari
The Good Bowl,Yes,No,3.6/5,6,Banashankari,"Takeaway, Delivery",,"Italian, North Indian, Biryani",500,Delivery,Banashankari
The Biryani Cafe,No,No,4.1/5,520,Banashankari,Quick Bites,"Vegetable Biryani, Ginger Chicken, Chicken Biryani, Donne Biryani, Chicken Kebab, Egg Bhurji, Dum Biryani","Biryani, Chinese, Kebab",300,Delivery,Banashankari
Spicy Tandoor,No,No,NEW,0,Banashankari,Quick Bites,,North Indian,150,Delivery,Banashankari
LSD Cafe,No,No,2.9/5,84,Banashankari,Delivery,,"Chinese, Continental, Italian, North Indian",700,,
 'RATED\n  Best Delivery Restaurants that serve late at night. Ordered #ChickenChanghezi and the quantity was sufficient for two person. It was delivered before time and it was absolute yummy. Will order again soon.. Pretty Soon'), ('Rated 5.0'," """"RATED\n  Life saver at night!\nI woke up at 2 PM last time and decided to try out this interestingly named place. Ordered a kit kat shake"," chicken chengezi and assorted breads. I was absolutely surprised at the quality of food at this point of day. I'd definitely recommend it to all my friends."""")", ('Rated 5.0', even Better Service in the middle of night #LSD Great Work. Best option for the night owls\nPS. Love the Pasta and garlic bread combo.'), ('Rated 4.0', 'RATED\n  Exhaustive mouth watery menu , well-cooked and packaged  \nFriendly delivery guys ,Two suggestions, 'RATED\n  Great food for nocturnes.with very courteous management..delivery is also fairly quick..my only suggestion is to please introduce online order\nThat will be a very wise step considering the demonetisation.\nAll in all great job ?'), ('Rated 4.0'
Rolls On Wheels,No,No,3.6/5,299,Banashankari,Quick Bites,"Rolls, Momos, Fries, Veggie Roll, Chicken Kebab Roll, Paneer Roll, Cheese Roll","Fast Food, Rolls, Momos",300,Delivery,Banashankari
Om Sri Vinayaka Chats,No,No,NEW,0,Banashankari,"Takeaway, Delivery",,"Street Food, Fast Food",500,Delivery,Banashankari
Sri Guru Kottureshwara Davangere Benne Dosa,Yes,No,4.1/5,558,Basavanagudi,Quick Bites,"Benne Dosa, Mirchi Bajji, Filter Coffee, Poha, Tea, Butter Dosa, Crispy Dosa",South Indian,150,Delivery,Banashankari
Devanna Dum Biriyani Centre,Yes,No,3.6/5,28,Banashankari,Quick Bites,,"Biryani, South Indian",300,Delivery,Banashankari
Kolbeh,No,No,3.7/5,22,Banashankari,Quick Bites,,Fast Food,500,Delivery,Banashankari
Upahar Sagar,No,No,3.8/5,39,Banashankari,Quick Bites,Masala Dosa,"South Indian, Chinese, North Indian",350,Delivery,Banashankari
Kadalu Sea Food Restaurant,Yes,No,3.8/5,153,Vijay Nagar,Fine Dining,,"Seafood, North Indian, Chinese, Andhra, Biryani, Kebab",500,Delivery,Banashankari
Frozen Bottle,Yes,No,4.2/5,146,Banashankari,Beverage Shop,"Berryblast, Waffles, Cheesecake, Salted Caramel","Beverages, Desserts, Ice Cream",400,Delivery,Banashankari
Parimala Sweets,No,No,3.5/5,14,Banashankari,Sweet Shop,,"Mithai, Street Food",200,Delivery,Banashankari
Vaishali Deluxe,No,No,3.8/5,42,Banashankari,Casual Dining,,"North Indian, Chinese",700,Delivery,Banashankari
Chill Out,No,No,,0,Banashankari,Quick Bites,,"South Indian, Chinese",100,Delivery,Banashankari
The Big O Bakes,No,No,4.0/5,66,Banashankari,Bakery,,"Bakery, Desserts",300,Delivery,Banashankari
Meghana Foods,Yes,No,4.4/5,4401,Jayanagar,Casual Dining,"Chicken Boneless Biryani, Hyderabadi Biryani, Paneer Biryani, Tandoori Chicken, Vegetable Biryani, Chicken Kebab, Raita","Biryani, North Indian, Chinese",600,Delivery,Banashankari
Krishna Sagar,No,No,3.5/5,31,Banashankari,Quick Bites,,North Indian,200,Delivery,Banashankari
Dessert Rose,No,No,3.5/5,7,Banashankari,Dessert Parlor,,Desserts,500,Delivery,Banashankari
Chickpet Donne Biryani House,No,No,3.7/5,21,Banashankari,Quick Bites,,Biryani,250,Delivery,Banashankari
Me And My Cake,No,No,,0,Banashankari,Delivery,,"Bakery, Desserts",500,Delivery,Banashankari
Sunsadm,No,No,,0,Banashankari,"Takeaway, Delivery",,South Indian,400,Delivery,Banashankari
Annapooraneshwari Mess,No,No,,0,Banashankari,Mess,,South Indian,200,Delivery,Banashankari
Thanco's Natural Ice Creams,No,No,3.2/5,9,Banashankari,Dessert Parlor,,Ice Cream,300,Delivery,Banashankari
Nandhini Deluxe,No,No,2.6/5,283,Banashankari,Casual Dining,"Biryani, Chicken Guntur, Thali, Buttermilk, Manchurian",North Indian,600,Delivery,Banashankari
Vi Ra's Bar and Restaurant,No,No,3.3/5,62,Banashankari,Bar,Chilli Chicken,"South Indian, North Indian, Chinese",800,Delivery,Banashankari
Kaggis,No,No,3.8/5,64,Banashankari,Quick Bites,,"Fast Food, Bakery",250,Delivery,Banashankari
Ayda Persian Kitchen,No,No,3.7/5,39,Banashankari,Casual Dining,,"North Indian, Iranian",950,Delivery,Banashankari
Chatar Patar,No,No,3.7/5,65,Banashankari,Quick Bites,"Panipuri, Chaat, Noodles, Dahi Bhalle","Fast Food, Street Food",300,Delivery,Banashankari
Polar Bear,Yes,No,3.8/5,71,Basavanagudi,Dessert Parlor,Hot Chocolate Fudge,"Ice Cream, Desserts, Beverages, Sandwich",400,Delivery,Banashankari
Kidambi's Kitchen,No,No,3.5/5,52,Banashankari,Quick Bites,Rooftop Ambience,South Indian,300,Delivery,Banashankari
Mane Thindi,No,No,3.7/5,130,Banashankari,Quick Bites,"Coffee, Tea, Kesari Bath, Open Dosa, Vada, Idli, Bread Dosa",South Indian,200,Delivery,Banashankari
Kotian Karavali Restaurant,No,No,3.5/5,10,Banashankari,Quick Bites,,"South Indian, Biryani",300,Delivery,Banashankari
Floured-Baked With Love,No,No,3.8 /5,45,Banashankari,"Takeaway, Delivery","Cup Cake, Chocolate Cake",Bakery,400,Delivery,Banashankari
CAFE NOVA,No,No,3.2/5,11,Banashankari,Cafe,,"Cafe, Bakery",600,Delivery,Banashankari
Cakes & Slices,No,No,3.5/5,13,Banashankari,Bakery,,"Bakery, Desserts",300,Delivery,Banashankari
Spice 9,No,No,3.4/5,8,Banashankari,Quick Bites,,"Biryani, North Indian, Chinese, Fast Food",300,Delivery,Banashankari
Coffee Shopee,No,No,,0,Banashankari,"Takeaway, Delivery",,Beverages,250,Delivery,Banashankari
Naveen Kabab & Biriyani Mane,No,No,3.2/5,9,Banashankari,Quick Bites,,Biryani,300,Delivery,Banashankari
Katriguppe Donne Biryani,No,No,3.2/5,4,Banashankari,Quick Bites,,North Indian,300,Delivery,Banashankari
Hari Super Sandwich,No,No,NEW,0,Banashankari,"Takeaway, Delivery",,"Sandwich, Pizza, Beverages",200,Delivery,Banashankari
Atithi Point Ande Ka Funda,No,No,3.1/5,29,Banashankari,Quick Bites,,North Indian,150,Delivery,Banashankari
Just Bake,No,No,3.4/5,8,Banashankari,Bakery,,"Bakery, Desserts",400,Delivery,Banashankari
Dharwad Line Bazaar Mishra Pedha,No,No,,0,Banashankari,Dessert Parlor,,Mithai,150,Delivery,Banashankari
Cake Bite,No,No,,0,Banashankari,Bakery,,Bakery,300,Delivery,Banashankari
Aarush's Food Plaza,No,No,,0,Banashankari,Quick Bites,,"North Indian, Street Food",200,Delivery,Banashankari
Wood Stove,No,No,,0,Banashankari,"Takeaway, Delivery",,South Indian,150,Delivery,Banashankari
Kulfi & More,No,No,,0,Banashankari,Dessert Parlor,,"Ice Cream, Desserts, Juices",150,Delivery,Banashankari
Kannadigas Karavali,No,No,,0,Banashankari,Quick Bites,,"Mangalorean, South Indian, North Indian",250,Delivery,Banashankari
K27 - The Pub,No,No,3.1/5,30,Banashankari,Bar,,"Chinese, North Indian",1000,Delivery,Banashankari
Bengaluru Coffee House,Yes,No,4.1/5,201,Banashankari,Quick Bites,"Masala Dosa, Tirupathi Pongal, Filter Coffee, Vada, Kharabath, Kali Dosa, Rava Idli","South Indian, North Indian, Chinese, Street Food",300,Delivery,Banashankari
New Mangalore Lunch Home,No,No,3.3/5,7,Banashankari,Quick Bites,,"Mangalorean, South Indian, North Indian",200,Delivery,Banashankari
Coffee Bytes,No,No,3.1/5,6,Banashankari,Quick Bites,,"Fast Food, South Indian",100,Delivery,Banashankari
Parjanya Chat Zone,No,No,3.3/5,17,Banashankari,Quick Bites,,"Street Food, Fast Food",200,Delivery,Banashankari
Kwality Wall's Swirl's Happiness Station,No,No,2.9/5,25,Banashankari,Dessert Parlor,,"Ice Cream, Desserts",200,Delivery,Banashankari
Soms Kitchen & Bakes,No,No,,0,Banashankari,Delivery,,"South Indian, North Indian, Continental",400,Delivery,Banashankari
Banashankari Nati Style,No,No,,0,Banashankari,Quick Bites,,"Biryani, Chinese, South Indian, North Indian",350,Delivery,Banashankari
Ruchi Maayaka,No,No,3.3/5,8,Banashankari,Delivery,,South Indian,100,Delivery,Banashankari
Mohitesh Hut Roll,No,No,,0,Banashankari,Quick Bites,,"Rolls, North Indian",150,Delivery,Banashankari
Sri Basaveshwar Jolada Rotti Oota,No,No,,0,Banashankari,Quick Bites,,South Indian,150,Delivery,Banashankari
Roll Magic Fast Food,No,No,NEW,0,Banashankari,"Takeaway, Delivery",,"Biryani, Rolls, Chinese",200,Delivery,Banashankari
Foodlieious Multi Cuisine,No,No,NEW,0,Banashankari,Quick Bites,,North Indian,100,Delivery,Banashankari
Thanishka Nati And Karavali Style,No,No,NEW,0,Banashankari,Quick Bites,,"Biryani, Fast Food",400,Delivery,Banashankari
Swathi Cool Point,No,No,,0,Banashankari,Beverage Shop,,"Beverages, Juices",200,Delivery,Banashankari
Kaumudis Juoice,No,No,,0,Banashankari,"Beverage Shop, Quick Bites",,"Beverages, Fast Food, Juices",150,Delivery,Banashankari
Amma - Manae,No,No,,0,Banashankari,"Takeaway, Delivery",,South Indian,400,Delivery,Banashankari
Sri Sai Tiffannies,No,No,,0,Banashankari,Quick Bites,,"South Indian, Chinese",150,Delivery,Banashankari
Hotel Andhra Speices,No,No,,0,Banashankari,Quick Bites,,Andhra,250,Delivery,Banashankari
Sri Murari Family Restaurant,No,No,,0,Banashankari,Quick Bites,,Biryani,250,Delivery,Banashankari
Aramane Donne Biriyani,No,No,,0,Banashankari,Quick Bites,,"South Indian, Biryani",150,Delivery,Banashankari
Darkolates,No,No,,0,Banashankari,Confectionery,,Desserts,200,Delivery,Banashankari
Swaada Healthy Kitchen,No,No,,0,Banashankari,"Quick Bites, Beverage Shop",,"Healthy Food, Juices, Sandwich",350,Delivery,Banashankari
Gawdaru Mane Beriyani,No,No,,0,Banashankari,Quick Bites,,"South Indian, Biryani",300,Delivery,Banashankari
Melting Melodies,No,No,NEW,0,Banashankari,"Takeaway, Delivery",,"Pizza, Fast Food",100,Delivery,Banashankari
New Indraprasta,No,No,NEW,0,Banashankari,Quick Bites,,"South Indian, Beverages",150,Delivery,Banashankari
Anna Kuteera,Yes,No,4.0/5,771,Banashankari,Casual Dining,"Panner Tikka, Kulfi, Coffee, Pav Bhaji, Carrot Halwa, Fried Rice, Set Dosa","South Indian, North Indian, Chinese",450,Delivery,Banashankari
Darbar,No,No,3.0/5,98,Banashankari,Bar,"Paneer Tikka, Dal Kichadi, French Fries","North Indian, Chinese",800,Delivery,Banashankari
Vijayalakshmi,Yes,No,3.9/5,47,Basavanagudi,Quick Bites,,South Indian,200,Delivery,Banashankari
Sri Udupi Food Hub,Yes,Yes,4.1/5,175,Jayanagar,Casual Dining,"Filter Coffee, Masala Dosa, Idli, Vada","South Indian, North Indian, Chinese, Beverages",500,Delivery,Banashankari
Udupi Upahar,Yes,No,3.8/5,58,Banashankari,Quick Bites,,"South Indian, Chinese, North Indian, Juices",300,Delivery,Banashankari
House Of Kebabs,Yes,No,3.8/5,540,Basavanagudi,Casual Dining,"Rolls, Shawarma, Butter Chicken, Mutton Biryani, Lahori Chicken, Chicken Roll, Grape Juice","North Indian, Kebab, Biryani, Chinese",650,Delivery,Banashankari
Roll N Rock,Yes,No,3.8/5,124,Kumaraswamy Layout,Quick Bites,"Rolls, Paratha, Chicken Biryani","Chinese, North Indian, Mughlai, Rolls",400,Delivery,Banashankari
BOX8- Desi Meals,Yes,No,4.1/5,340,Banashankari,"Takeaway, Delivery","Paratha, Mughlai Chicken, Masala Lemonade, Butter Chicken, Rajma, Sandwich, Salad","North Indian, Mughlai, Fast Food",500,Delivery,Banashankari
KFC,Yes,No,3.8/5,505,Banashankari,Quick Bites,"Burgers, French Fries","Burger, Fast Food",450,Delivery,Banashankari
Bitez,No,No,NEW,0,Banashankari,Quick Bites,,Fast Food,100,Delivery,Banashankari
Roll Over,Yes,No,4.1/5,438,Jayanagar,Dessert Parlor,"Rolls, Ice Cream Roll, Paan Ice Cream, Coffee, Vanilla Ice Cream, Chocolate Icecreams, Mississippi Mudpie","Desserts, Ice Cream, Beverages, Fast Food, Sandwich",500,Delivery,Banashankari
Imperial Restaurant,Yes,No,3.7/5,264,Mysore Road,Casual Dining,"Kadhai Paneer, Ghee Rice, Chicken Grill, Shawarma, Paratha, Biryani, Butter Chicken","North Indian, Chinese, Biryani, Beverages",750,Delivery,Banashankari
Lassi Shop,Yes,No,3.9/5,169,Kumaraswamy Layout,Beverage Shop,,"Beverages, Juices, Ice Cream",150,Delivery,Banashankari
The Fortuna,Yes,No,3.0/5,67,Kumaraswamy Layout,Quick Bites,,"North Indian, Chinese",250,Delivery,Banashankari
Wahab,Yes,No,3.7/5,97,Jayanagar,Quick Bites,"Chicken Biryani, Rolls","North Indian, Mughlai, Chinese",350,Delivery,Banashankari
Al Diwan Biryanis And More,Yes,No,3.3/5,12,Basavanagudi,"Takeaway, Delivery",,Biryani,300,Delivery,Banashankari
New Gowda's Fried Chicken,Yes,No,3.3/5,12,Banashankari,Quick Bites,,Biryani,300,Delivery,Banashankari
Canton,Yes,No,3.6/5,195,Jayanagar,Casual Dining,"Roast Pork, Tai Pai Chicken, Beer, Sweet Corn Chicken Soup, Masala Peanuts, Chinese Chop Suey, Chicken Lollipop","Chinese, Seafood, Biryani",800,Delivery,Banashankari
Diabetics Dezire Sugarless Sweets and Bakes,Yes,No,3.3/5,13,Basavanagudi,"Dessert Parlor, Sweet Shop",,"Desserts, Mithai",300,Delivery,Banashankari
The Blue Wagon - Kitchen,Yes,No,4.6/5,228,Jayanagar,Cafe,"Pizza, Nachos, Garlic Maggi, Burgers, Cheese Maggi, Bruschetta Bites, Sandwich","Cafe, Beverages",400,Delivery,Banashankari
HOT COFFEE,Yes,No,4.1/5,70,Basavanagudi,Quick Bites,,"South Indian, Chinese",150,Delivery,Banashankari
Patio 805,Yes,Yes,4.1/5,364,Jayanagar,Casual Dining,"Noodles, Laksa Soup, Coffee, Veg Fritters, Vegetarian, Babycorn Manchurian, Mango Salad","Thai, Vietnamese, Asian, Chinese",1200,Delivery,Banashankari
Lassi Corner,Yes,No,3.7/5,107,Basavanagudi,Beverage Shop,Lassi,"Beverages, Ice Cream",150,Delivery,Banashankari
Sagar Deluxe,Yes,No,3.2/5,167,Kumaraswamy Layout,Quick Bites,"Coffee, Chaat","South Indian, North Indian, Chinese, Juices",300,Delivery,Banashankari
Kanti Sweets,Yes,No,4.0/5,115,Banashankari,Sweet Shop,,"Mithai, Street Food",400,Delivery,Banashankari
Vegetalia,Yes,No,3.7/5,27,Banashankari,"Takeaway, Delivery",,"Italian, Pizza",400,Delivery,Banashankari
Aramane Donne Biryani,Yes,No,3.5/5,57,Banashankari,Quick Bites,,Biryani,200,Delivery,Banashankari
Ande Ka Funda,Yes,No,3.8/5,120,Banashankari,Quick Bites,,"North Indian, Fast Food, Rolls",250,Delivery,Banashankari
Cake Ghar,Yes,No,3.8/5,15,Basavanagudi,Bakery,,Bakery,400,Delivery,Banashankari
Energy Addaa,Yes,No,4.2/5,64,Basavanagudi,Quick Bites,"Pizza, Nachos, Salads, Peri Peri Fries, Brownie, Pasta Alfredo, Spaghetti","Salad, Healthy Food, Sandwich, Juices, Burger, Desserts, Pizza",500,Delivery,Banashankari
Bhattara Bhojana,Yes,No,3.6/5,66,Banashankari,Quick Bites,,South Indian,150,Delivery,Banashankari
Tandoori Knight,Yes,No,3.0/5,290,Banashankari,Quick Bites,"Chicken Grill, Biryani, Roti, Chicken Masala","North Indian, Chinese, Biryani, Kebab",450,Delivery,Banashankari
Dev Sagar - Food Street,Yes,No,4.1/5,233,Basavanagudi,Quick Bites,"Chaat, Pav Bhaji, Dabeli, Vada Pav, Tawa Pulav, Panipuri, Malpua",Street Food,200,Delivery,Banashankari
Mitraa Da Pizza,Yes,No,3.8/5,115,Kumaraswamy Layout,Quick Bites,"Pizza, Burgers","Fast Food, Pizza",250,Delivery,Banashankari
Paradise Premium,Yes,No,3.1/5,119,Banashankari,Casual Dining,,"Biryani, Andhra, Hyderabadi, North Indian",700,Delivery,Banashankari
Grazers,Yes,Yes,3.9/5,291,Jayanagar,Cafe,"Burgers, Panneer Butter Masala, Pasta, Hot Dog, Fries, Cheesy Pizza, Potato Wedges","Cafe, Burger, Continental, Italian, Desserts",650,Delivery,Banashankari
Shakes Theory,Yes,No,4.5/5,155,Jayanagar,Beverage Shop,"Sandwiches, Thick Shakes, Paan Shake, Brownie Bomb, Fries, Spinach Corn Sandwich, Paneer Peri Peri","Beverages, Sandwich",300,Delivery,Banashankari
@Italy,Yes,No,4.1/5,305,Kumaraswamy Layout,Casual Dining,"Pizza, Pasta, Spinach Salsa, Garlic Bread, Lasagne, Bruschettas, Chocolate Bomb",Italian,700,Delivery,Banashankari
Chilli Flakes,Yes,No,3.6/5,46,Banashankari,Quick Bites,,"Fast Food, Italian, Beverages",500,Delivery,Banashankari
Calcutta Cafe,Yes,No,3.5/5,45,Kumaraswamy Layout,Quick Bites,,"Bengali, Chinese, Sandwich",350,Delivery,Banashankari
Old Mumbai Ice Cream,Yes,No,3.9/5,38,Banashankari,Dessert Parlor,Friendly Staff,Ice Cream,150,Delivery,Banashankari
Donne Biriyani House,Yes,No,3.9/5,441,Banashankari,Quick Bites,Biryani,"South Indian, North Indian, Chinese, Biryani",400,Delivery,Banashankari
By 2 Coffee,Yes,No,3.9/5,25,Basavanagudi,Quick Bites,,South Indian,100,Delivery,Banashankari
Kedia's Fun Food,Yes,No,4.3/5,630,Jayanagar,Quick Bites,"Paratha, Vada Pav, Chaat, Pav Bhaji, Panipuri, Masala Poori, Dhokla","North Indian, Street Food, Juices",200,Delivery,Banashankari
Davangere Butter Dosa Hotel,Yes,No,3.8/5,25,Kumaraswamy Layout,Quick Bites,,South Indian,150,Delivery,Banashankari
Just Shawarma,Yes,No,3.9/5,160,Kumaraswamy Layout,Quick Bites,"Whole Meat Shawarma, Fries",Arabian,300,Delivery,Banashankari
Mini Punjabi Dhaba,Yes,No,4.2/5,287,Banashankari,Quick Bites,"Panneer Butter Masala, Lassi, Paratha, Jeera Rice, Paneer Parantha, Bhindi Fry, Veg Kolhapuri",North Indian,350,Delivery,Banashankari
Mulabagilu Dosa,Yes,No,3.6/5,11,Basavanagudi,Quick Bites,,South Indian,100,Delivery,Banashankari
CafÃƒÂƒÃ‚ÂƒÃƒÂ‚Ã‚ÂƒÃƒÂƒÃ‚Â‚ÃƒÂ‚Ã‚ÂƒÃƒÂƒÃ‚ÂƒÃƒÂ‚Ã‚Â‚ÃƒÂƒÃ‚Â‚ÃƒÂ‚Ã‚Â© Down The Alley,Yes,No,4.1/5,402,Banashankari,Cafe,"Waffles, Pasta, Crispy Chicken, Honey Chilli Chicken, Sandwich, Coffee, Crepe",Cafe,500,Delivery,Banashankari
Gokul Veg,Yes,No,3.8/5,469,Basavanagudi,Casual Dining,"Masala Papad, Paneer Satay, Vegetable Biryani, Panneer Butter Masala, Tomato Soup, Manchow Soup, Roti","North Indian, Chinese, Beverages",750,Delivery,Banashankari
Olive - Era,Yes,No,3.3/5,511,Kumaraswamy Layout,Casual Dining,"Shawarma, Biryani, Bbq Chicken, Chicken Grill, Raita","BBQ, Arabian, Rolls, Chinese, North Indian, Juices, Kebab, Desserts",550,Delivery,Banashankari
Udupi Ruchi,Yes,No,3.9/5,57,Banashankari,Quick Bites,,"South Indian, North Indian, Chinese, Street Food",200,Delivery,Banashankari
Madhappa Hindu Military Hotel,Yes,No,3.4/5,14,Banashankari,Quick Bites,,South Indian,300,Delivery,Banashankari
Gama Gama,Yes,No,3.9/5,264,Banashankari,Quick Bites,"Jowar Roti, Buttermilk, Sabudana Vada, Thali, Mirchi Bajji, Brinjal Curry",South Indian,200,Delivery,Banashankari
The Vintage Cafe,Yes,No,3.0/5,62,Banashankari,Cafe,"Burgers, Caramel Milkshake, Iced Coffee, Iced Tea","Cafe, French, North Indian",400,Delivery,Banashankari
Pizza Hut,Yes,No,3.8/5,693,Banashankari,Casual Dining,"Supreme Pizza, Potato Wedges, Masala Lemonade, Tandoori Paneer, Exotic Garlic Bread","Pizza, Fast Food",750,Delivery,Banashankari
Mangalore Pearl,Yes,No,3.8/5,242,Jayanagar,Casual Dining,"Neer Dosa, Sea Food, Ghee Rice, Marwai Sukka, Egg Biryani, Kori Roti, Thai Fish","Mangalorean, Seafood, Chinese, Biryani",650,Delivery,Banashankari
Asha Sweets Centre,Yes,No,3.6/5,27,Basavanagudi,Dessert Parlor,,Fast Food,250,Delivery,Banashankari
Twiststick House,Yes,No,4.1/5,163,Basavanagudi,Quick Bites,"White Pasta, Noodles, Babycorn Manchurian, Pizza, Veg Momos, Fry Momos, Tawa Pulav","Continental, Fast Food, Street Food, Momos",500,Delivery,Banashankari
Cool Corner,Yes,No,4.2/5,191,Basavanagudi,Quick Bites,"Masala Dosa, Sandwiches, Coffee, Onion Dosa, Rava Dosa, Chaat, Sandwich","Street Food, Fast Food",250,Delivery,Banashankari
Pizza Mane,Yes,No,3.5/5,32,Banashankari,Quick Bites,"French Fries, Burgers","Pizza, Sandwich, Burger, Fast Food",150,Delivery,Banashankari
Dal Tadkaa,Yes,No,2.5/5,247,Banashankari,Casual Dining,"Paratha, Boondi Raita, Roti, Kulfi, Panneer Butter Masala, Sweet Lassi, Dal Tadka",North Indian,500,,
" """"RATED\n  The buffet is inr 330 pp all incl. But the quality is very mediocre", so is the variety. Daal baati didn't feel like one... I could eat, but at that price range," you can definitely hang in domino's and get a d cheese burst full in your mouth :p"""")", ('Rated 2.5', they had a board that said spl buffet. There was nothing special about it. The usual north indian thali, only served buffet style, which cost us 340/head. I felt it wasn't worth that much. Food was ordinary. Service isn't very good (when u ask for salt," the server says it is on the other table madam please take it ? )\nFood: 2.5/5\nAmbiance: 3/5\nService: 2/5\nPrice: 2/5"""")", ('Rated 3.5', my expression was it has to be Veg restaurant but it was not at all only Veg. Food was spicy and absolute pleasure to eat.'), ('Rated 2.5'
Chutney Chang,Yes,Yes,4.1/5,2339,Jayanagar,Casual Dining,"Veg Momos, Brownie Chocolate, Palak Chaat, Mutton Biryani, Dahipuri, Fish, Sea Food","North Indian, Chinese, BBQ",1500,Delivery,Banashankari
Mystique Palate,Yes,No,4.1/5,337,Jayanagar,Quick Bites,"Noodles, Pasta, Schezwan Momos, Chicken Momo, Teriyaki Chicken, Thukpa, Fries","Chinese, Fast Food",300,Delivery,Banashankari
Thamboola,Yes,No,3.9/5,135,Banashankari,Casual Dining,"Spring Roll, Manchow Soup, Babycorn Manchurian, Mint Cooler, Roti, Panneer Butter Masala","North Indian, Chinese, Continental",800,Delivery,Banashankari
Castle Rock,Yes,No,3.6/5,172,Uttarahalli,Casual Dining,Biryani,"North Indian, Chinese",700,Delivery,Banashankari
Vietnamese Kitchen,Yes,No,3.6/5,105,Banashankari,Casual Dining,"Pho, Papaya Salad, Coffee, Veg Momos, Rolls",Vietnamese,700,Delivery,Banashankari
Smacznego,Yes,No,4.2/5,504,Banashankari,Cafe,"Waffles, Pasta, Coleslaw Sandwich, Choco Waffle, Tacos, Momos, Cheese Nachos","Cafe, Mexican, Italian, Momos, Beverages",550,Delivery,Banashankari
C Corner,Yes,No,3.2/5,36,Kumaraswamy Layout,Quick Bites,,"Fast Food, Street Food",200,Delivery,Banashankari
Paratha Merchant,Yes,No,3.1/5,39,Kumaraswamy Layout,Quick Bites,,North Indian,300,Delivery,Banashankari
North Rasoe,Yes,No,3.1/5,5,Kumaraswamy Layout,Casual Dining,,"North Indian, Chinese, Biryani, Kebab",500,Delivery,Banashankari
Inchara Restaurant,Yes,No,,0,Basavanagudi,Quick Bites,,"North Indian, Chinese",300,Delivery,Banashankari
Toscano,Yes,Yes,4.3/5,1129,Jayanagar,Casual Dining,"Pizza, Pasta, Salads, Calamari, Ravioli, Pumpkin Soup, Wine","Italian, Salad",1300,Delivery,Banashankari
Lord Of The Kitchen,Yes,No,3.9/5,56,Kumaraswamy Layout,Quick Bites,,"North Indian, Chinese",350,Delivery,Banashankari
Stoned Monkey,Yes,No,4.3/5,860,Banashankari,Dessert Parlor,"Nachos, Cup Cake, Hot Chocolate Fudge, Salsa, Cheesy Garlic Bread, Waffles, Tiramisu","Desserts, Ice Cream",500,Delivery,Banashankari
Central Jail Restaurant,Yes,No,3.8/5,412,Jayanagar,Casual Dining,"Lime Soda, Manchow Soup, Biryani, Lemon Chicken, Tomato Soup, Butter Naan, Chilli Chicken","Andhra, Seafood, North Indian, Chinese",700,Delivery,Banashankari
Bella,Yes,Yes,3.9/5,142,Jayanagar,Casual Dining,"Murgh Ghee Roast, Fish Fry, Ghee Roast Paneer, Neer Dosa, Appam, Sea Food, Chicken Sukha","Mangalorean, Seafood, South Indian",1000,Delivery,Banashankari
Vennela Andhra Meals,Yes,No,3.0/5,23,Jayanagar,Quick Bites,,Andhra,400,Delivery,Banashankari
New Prashanth Hotel,Yes,No,3.6/5,143,Jayanagar,Casual Dining,"Ragi Mudde, Lemon Chicken, Chilli Chicken, Chicken Curry, Mutton Chops, Mutton Biryani","South Indian, Biryani, Chinese, North Indian",750,Delivery,Banashankari
The Grillo,Yes,Yes,2.8/5,80,Jayanagar,Casual Dining,,"South Indian, Arabian, Chinese, North Indian, Seafood, Mangalorean",500,Delivery,Banashankari
Re Malnad Nati Style Hotel,Yes,No,3.6/5,16,JP Nagar,Casual Dining,,South Indian,400,Delivery,Banashankari
Karma Kaapi,Yes,No,4.4/5,181,Jayanagar,Beverage Shop,"Pasta, Potato Fries, Potato Wedges, Hot Chocolate, Chaat, Filter Coffee, Americano","Beverages, Tea",250,Delivery,Banashankari
Tiwari's,Yes,No,3.8/5,70,Jayanagar,Quick Bites,"Sweet Lassi, Gulab Jamun, Palak Paneer Paratha, Paneer Parantha","North Indian, Street Food",200,Delivery,Banashankari
Pizza Stop,Yes,No,3.8/5,164,Basavanagudi,Quick Bites,"Pizza, White Sauce Pasta, Masala Garlic Bread","Pizza, Italian",600,Delivery,Banashankari
Biggies Burger 'n' More,Yes,No,3.6/5,58,Kumaraswamy Layout,Quick Bites,"Burgers, Fries, Mojito, Chicken Burger","Cafe, Burger, Beverages",650,Delivery,Banashankari
Srinathji's Cafe,No,No,3.8/5,148,Basavanagudi,"Casual Dining, Cafe","Paratha, Sandwich, Chilli Idli, Noodles, Sandwiches, Lime Soda","North Indian, Cafe, Chinese, Fast Food",550,Delivery,Banashankari
Kollapuri's,No,No,3.9/5,206,Basavanagudi,Quick Bites,"Chicken Biryani, Mutton Biryani, Egg Biryani, Chicken Fry, Mutton Fry","South Indian, Mangalorean",450,Delivery,Banashankari
Sugar Stars Co,No,No,,0,Basavanagudi,Bakery,,"Bakery, Desserts",300,Delivery,Banashankari
Bombay Kulfis,No,No,,0,JP Nagar,Dessert Parlor,,Ice Cream,200,Delivery,Banashankari
Kadamba Classic,No,No,3.6/5,16,Mysore Road,Quick Bites,,South Indian,300,Delivery,Banashankari
RS Shiv Sagar,No,No,3.7/5,217,Basavanagudi,Casual Dining,"Chaat, Brownie, Onion Rings, Tomato Soup, Paneer Manchurian, Thali, Faluda","North Indian, Chinese, South Indian, Fast Food, Juices",450,Delivery,Banashankari
Kholi Mane,No,No,3.6/5,46,Basavanagudi,Quick Bites,,"Andhra, South Indian, Biryani, North Indian",450,Delivery,Banashankari
Harshi Super Sandwich,No,No,3.8/5,148,Basavanagudi,Quick Bites,"Sandwiches, Chocolate Sandwich, Chaat, Veg Cheese Sandwich, Chilli Cheese, Corn Sandwich","Fast Food, Street Food",150,Delivery,Banashankari
Cake Yard,No,No,3.4/5,30,Basavanagudi,Dessert Parlor,,Desserts,250,Delivery,Banashankari
Rosewood International Hotel - Bar & Restaurant,No,No,3.6/5,8,Mysore Road,Casual Dining,,"North Indian, South Indian, Andhra, Chinese",800,Delivery,Banashankari
Sri Udupi Veg,No,No,3.3/5,4,Jayanagar,Quick Bites,,South Indian,250,Delivery,Banashankari
Cake Art,No,No,3.5/5,15,Basavanagudi,"Bakery, Quick Bites",,Bakery,400,Delivery,Banashankari
Aahar Cafe,No,No,,0,Basavanagudi,Quick Bites,,South Indian,100,Delivery,Banashankari
Akash Gowdru Biryani Center,No,No,,0,Uttarahalli,Quick Bites,,"North Indian, Chinese",300,Delivery,Banashankari
New Sri Udupi Restaurant,No,No,,0,Jayanagar,Quick Bites,,"North Indian, South Indian, Chinese, Beverages, Fast Food",200,Delivery,Banashankari
Potato House,Yes,No,3.4/5,9,Uttarahalli,Quick Bites,,Street Food,200,Delivery,Banashankari
Hotel Biriyani Counter,No,No,,0,Vijay Nagar,Quick Bites,,"North Indian, Chinese, Biryani",350,Delivery,Banashankari
Matru Sagar,Yes,No,3.7/5,31,Mysore Road,Quick Bites,,"South Indian, North Indian",300,Delivery,Banashankari
Ugadi,Yes,No,2.9/5,177,Jayanagar,Casual Dining,"Prawn Biryani, Andhra Meal, Veg Thali, Fry Piece Biryani, Gongura Chicken, Paratha","North Indian, Chinese, Biryani, Andhra, Mangalorean",700,,
" """"RATED\n  The food here is just about an average", neither it's too good nor its bad.\nThe starters taste needs a Lil improvement.\nWorth a try," the service is good as well."""")", ('Rated 2.5', 'RATED\n  The first time I visited this place I had a good experience, ('Rated 3.0', 'RATED\n  The restaurant will give a treat to non-vegetarian tongues. Being Andhra styled, meals lack spice. The ambience is average while people with asthma may die instantly because the place is tightly packed with no fresh air entering.'), ('Rated 3.0', 'RATED\n  Ambience is not at all nice.... Service is also not satisfied... Still have to improve on those aspects...... Food is good.. Esp chicken majestic.. Is awesome... Biryani is also good..veg thali is also nice'), but it was disaster. I never had such a bad tasting food so far in my life, it was too much sour and without any taste. Finally we came out with our stomach half filled. I decided not to experiment and better stick to the restaurants we like.')
Sri Krishna Sweets,Yes,No,3.7/5,22,Basavanagudi,Sweet Shop,,"Mithai, Desserts",250,Delivery,Banashankari
In Time Cane Juice,Yes,No,3.5/5,10,Kumaraswamy Layout,Beverage Shop,,"Juices, Beverages",100,Delivery,Banashankari
Subway,Yes,No,3.7/5,136,Banashankari,Quick Bites,"Veggie Delight, Paneer Tikka, Salad","Salad, Fast Food",600,Delivery,Banashankari
Daal Roti,Yes,No,2.9/5,35,Kumaraswamy Layout,Quick Bites,,"North Indian, Chinese",250,Delivery,Banashankari
The Lassi Park,Yes,No,4.1/5,185,Jayanagar,Quick Bites,"Faluda, Brownie, Sandwich, Kulfi, Fruit Salad, Sweet Lassi, Chocolate Fudge","Juices, Desserts",200,Delivery,Banashankari
Cafe Coffee Day,Yes,No,3.2/5,17,Jayanagar,Cafe,,"Cafe, Fast Food",900,Delivery,Banashankari
A2B - Adyar Ananda Bhavan,Yes,No,3.8/5,155,Mysore Road,Casual Dining,"Pav Bhaji, Masala Dosa, Idli Vada, Filter Coffee, Pongal, Curd Rice, Kesari Bath","South Indian, North Indian, Chinese, Street Food",400,Delivery,Banashankari
Srikrishna Bhavan,Yes,No,3.8/5,42,Banashankari,Quick Bites,"Roti, Masala Dosa","South Indian, North Indian, Chinese",300,Delivery,Banashankari
Timepass Dinner,Yes,No,3.8/5,286,Basavanagudi,Casual Dining,"Onion Rings, Pasta, Kadhai Paneer, Salads, Salad, Roti, Jeera Rice",North Indian,600,Delivery,Banashankari
Green Gardenia,Yes,No,3.8/5,160,Banashankari,Casual Dining,"Masala Papad, Paneer Satay, Paneer Hyderabadi, Butter Naan, Roti","North Indian, Chinese",700,Delivery,Banashankari
J Spice,Yes,No,3.8/5,59,Banashankari,Casual Dining,"Stuffed Mushroom, Chicken Biryani, Jal-jeera","North Indian, Chinese",750,Delivery,Banashankari
Karavali Family Restaurant,Yes,No,3.5/5,90,Jayanagar,Casual Dining,,"Seafood, Biryani, South Indian, North Indian, Chinese",500,Delivery,Banashankari
Karavali Lunch Home,Yes,No,3.7/5,51,Kumaraswamy Layout,Quick Bites,,"South Indian, Mangalorean",350,Delivery,Banashankari
Hatti Kaapi,Yes,No,4.0/5,89,Jayanagar,Quick Bites,"Filter Coffee, Tea, Hot Coffee, Hatti Samosa","South Indian, Beverages",200,Delivery,Banashankari
Kolkata Kathi Roll's,Yes,No,3.6/5,18,Banashankari,Quick Bites,,"Fast Food, Rolls",250,Delivery,Banashankari
Upahara Darshini,Yes,No,3.9/5,40,Basavanagudi,Casual Dining,Masala Dosa,"North Indian, Chinese, South Indian, Fast Food",600,Delivery,Banashankari
The Chaat Shop,Yes,No,2.5/5,35,Basavanagudi,Quick Bites,"Badam Milk, Potato Twister, Pav Bhaji, Panipuri, Tikki Chaat, Cheese Cutlet",Fast Food,200,Delivery,Banashankari
Anda Ka Funda,Yes,No,3.4/5,89,Jayanagar,Quick Bites,,"North Indian, Chinese, Rolls",250,Delivery,Banashankari
Shri Vinayaka Ice N Juice,Yes,No,3.2/5,11,Basavanagudi,Quick Bites,,"Beverages, Fast Food",150,Delivery,Banashankari
My Tea House,Yes,No,3.6/5,62,Banashankari,"Quick Bites, Cafe","Pasta, Iced Tea","Italian, Fast Food, Cafe, European",600,Delivery,Banashankari
Ibaco,Yes,No,3.9/5,33,Jayanagar,Dessert Parlor,,Desserts,300,Delivery,Banashankari
Jalaram Sweets,Yes,No,3.8/5,32,Jayanagar,Sweet Shop,,"Desserts, Mithai",250,Delivery,Banashankari
Samskruti - Sanman Gardenia,Yes,No,4.1/5,139,Jayanagar,Casual Dining,"Roti, Butter Kulcha, Fried Rice, Tomato Soup, Curd Rice, Lunch Buffet, Paneer Tikka","North Indian, Chinese, South Indian",550,Delivery,Banashankari
Bendakaluru Bytes,Yes,No,3.2/5,154,Vijay Nagar,Quick Bites,,Fast Food,300,Delivery,Banashankari
Cocoa Bakes,Yes,No,3.6/5,14,Banashankari,Bakery,,"Bakery, Desserts",350,Delivery,Banashankari
Chumma Delicious,Yes,No,3.7/5,237,Banashankari,Quick Bites,Chicken Biryani,"South Indian, Fast Food",200,Delivery,Banashankari
New Prashanth Hotel,Yes,No,3.9/5,388,Banashankari,Casual Dining,"Chicken Biryani, Ragi Mudde, Mutton Chops","Biryani, North Indian, Seafood, Andhra",650,Delivery,Banashankari
SSV Upahar,Yes,No,NEW,0,Jayanagar,Quick Bites,,"South Indian, Chinese",300,Delivery,Banashankari
Dwaraka Grand,Yes,No,3.9/5,128,Kumaraswamy Layout,Casual Dining,"Masala Dosa, Coffee","South Indian, Chinese, Street Food, Juices",500,Delivery,Banashankari
Gufha - The President Hotel,Yes,Yes,4.1/5,1875,Jayanagar,Casual Dining,"Cocktails, Paneer Tikka, Rasmalai, Rabri, Masala Papad, Vegetable Biryani, Chicken Curry","North Indian, Afghani, Mughlai",1200,Delivery,Banashankari
Cafe Vivacity,Yes,No,3.8/5,90,Banashankari,Cafe,"Garlic Bread, Burgers, Sandwiches, Pizza, Hot Chocolate Fudge, Waffles, Potato Wedges",Cafe,650,Delivery,Banashankari
Tanna's Kitchen,Yes,No,3.1/5,7,Kumaraswamy Layout,Quick Bites,,"Italian, Chinese, Street Food",250,Delivery,Banashankari
Shree Mandarathi Grand,Yes,No,3.7/5,38,Uttarahalli,Casual Dining,,"South Indian, North Indian",400,Delivery,Banashankari
Mojo Pizza - 2X Toppings,Yes,No,4.2/5,179,Banashankari,Delivery,"Veggie Pizza, Garlic Bread, Lava Cake, Chocolava, Spicy Paneer",Pizza,600,Delivery,Banashankari
Iceberg Icecreams,Yes,No,4.0/5,43,Basavanagudi,Dessert Parlor,,"Desserts, Ice Cream",250,Delivery,Banashankari
South Kitchen,Yes,No,4.3/5,275,Basavanagudi,Quick Bites,"Kharabath, Crispy Vada, Filter Coffee, Idli Vada, Idli Chutney, Kesari Bath, Gulab Jamun",South Indian,100,Delivery,Banashankari
Chung Wah,Yes,No,3.7/5,323,Jayanagar,Casual Dining,"Noodles, Veg Momos, Chowmein, Schezwan Fried Rice, Clear Soup, Sweet Corn Soup, Chicken Wings","Chinese, Thai, Momos",850,Delivery,Banashankari
Shanthi Sagar,Yes,No,3.1/5,28,Uttarahalli,Casual Dining,,"South Indian, North Indian, Chinese",400,Delivery,Banashankari
Millet Mama,Yes,No,3.9/5,18,Basavanagudi,Quick Bites,,"South Indian, Healthy Food",200,Delivery,Banashankari
Bangarpet Chat Express,Yes,No,3.3/5,6,Basavanagudi,Quick Bites,,"Street Food, Fast Food",100,Delivery,Banashankari
South Cool Point,Yes,No,,0,Basavanagudi,Dessert Parlor,,Beverages,100,Delivery,Banashankari
Prems Graama Bhojanam,Yes,No,4.3/5,322,Jayanagar,Casual Dining,"Veg Thali, Matka Kulfi, Pongal, Buttermilk, Vada, Ragi Mudde, Curd Rice",South Indian,400,Delivery,Banashankari
Java City,Yes,No,2.6/5,157,Jayanagar,Cafe,"Coffee, Sandwich, Hot Chocolate, Ice Tea, Sandwiches, Chicken Lasagne, Pizza","Cafe, American, Pizza",450,Delivery,Banashankari
Kamat Bugle Rock,Yes,No,3.9/5,543,Basavanagudi,Quick Bites,"Jowar Roti, Buttermilk, Jolada Rotti, Brinjal Curry, Coffee, Pongal, Vegetable Biryani","South Indian, Fast Food",300,Delivery,Banashankari
Woodee Pizza,Yes,No,3.7/5,180,Banashankari,Cafe,"Pizza, Garlic Bread","Cafe, Pizza, Fast Food, Beverages",500,Delivery,Banashankari
Puliyogare Point,Yes,No,4.2/5,444,Basavanagudi,Quick Bites,"Sweet Pongal, Mini Idlis, Filter Coffee, Open Masala Dosa, Pakoda, Vada, Raagi Dosa",South Indian,100,Delivery,Banashankari
Bangalore Agarwal Bhavan,Yes,No,3.9/5,134,Jayanagar,Quick Bites,"Paratha, Coffee, Halwa, Lassi","Street Food, North Indian, South Indian",400,Delivery,Banashankari
Rustic Stove,Yes,No,3.8/5,577,Jayanagar,Casual Dining,"Vegetable Biryani, Pineapple Rasam, Cheese Garlic Naan, Potato Cheese Ball, Bamboo Chicken Biryani, Chicken Skewer, Fish","North Indian, South Indian, Biryani, Beverages",900,Delivery,Banashankari
Udupi Ruchi Grand,Yes,No,4.2/5,60,Banashankari,Quick Bites,,"South Indian, North Indian, Chinese, Street Food",200,Delivery,Banashankari
De Thaali,Yes,No,3.9/5,144,Jayanagar,Casual Dining,"Malai Kofta, Sandwich, Naan","North Indian, Chinese, Rolls",550,Delivery,Banashankari
Spice Elephant,Yes,No,4.1/5,787,Banashankari,Casual Dining,"Momos, Lunch Buffet, Chocolate Nirvana, Thai Green Curry, Paneer Tikka, Dum Biryani, Chicken Biryani","Chinese, North Indian, Thai",800,Delivery,Banashankari
Just Thindi,Yes,No,3.6/5,16,Basavanagudi,Quick Bites,,South Indian,200,Delivery,Banashankari
Matru Sagar,Yes,No,3.6/5,84,Banashankari,Quick Bites,"Coffee, Masala Dosa","South Indian, North Indian, Chinese",250,Delivery,Banashankari
Vasanth Vihar - Since 1965,Yes,No,3.6/5,95,Banashankari,Quick Bites,,"South Indian, Street Food",150,Delivery,Banashankari
Sea Spice by 7 Star,Yes,Yes,4.0/5,349,Banashankari,Casual Dining,"Sea Food, Neer Dosa, Anjal Masala Fry, Coconut Pudding, Chicken Biryani, Roti, Fish Curry","Seafood, Biryani, Beverages, South Indian, North Indian, Kebab",1200,Delivery,Banashankari
Desi Dawat,Yes,No,3.7/5,248,Kumaraswamy Layout,Quick Bites,"Tandoori Chicken, Rolls","North Indian, Fast Food",400,Delivery,Banashankari
Cafe Aira,Yes,No,4.1/5,216,Basavanagudi,Cafe,"Pasta, Nachos, Jalapeno Poppers, Burrito Bowl, Ferrero Rocher Shake, Falafal Sandwich, Banana Waffles","Cafe, Continental, Beverages, Desserts",500,Delivery,Banashankari
Donne Biriyani combos,Yes,No,,0,Kumaraswamy Layout,Casual Dining,,Biryani,400,Delivery,Banashankari
Penthouse Cafe,Yes,No,4.0/5,324,Banashankari,Cafe,"Pizza, Mocktails, Coffee, Nachos, Salad, Pasta, Sandwiches","Cafe, Italian, Continental",700,Delivery,Banashankari
Mast Punjabi,Yes,No,2.6/5,231,Kumaraswamy Layout,Quick Bites,Aloo Paratha,"North Indian, Chinese, Rolls, Biryani, Kebab",400,,
 'RATED\n  bad quality'), ('Rated 1.0'," """"RATED\n  just some onion's and nothing else at all"""")", ('Rated 1.0', 'RATED\n  Bad taste'), 'RATED\n  tawa roti required to be improve'), ('Rated 1.0', 'RATED\n  Food quality and quantity not worth the money'), ('Rated 1.0', 'RATED\n  bad quality'), ('Rated 1.0', 'RATED\n  Bad taste')
South Grand,Yes,No,3.4/5,102,Uttarahalli,Casual Dining,Rava Dosa,"South Indian, North Indian, Chinese, Beverages",400,Delivery,Banashankari
Catch-up-ino,Yes,No,3.9/5,133,Banashankari,Cafe,"Momos, Mushroom Bruschettas, Jalapeno Cheeseballs, Pasta, Red Velvet Shake, Red Velvet Milkshake, Maggi","Cafe, Fast Food, Continental, Chinese, Momos",800,Delivery,Banashankari
The Pizzeria,Yes,No,2.8/5,45,Banashankari,Casual Dining,Pesto Pizza,"Pizza, Italian, Salad",800,Delivery,Banashankari
Cafe Zone,Yes,No,3.9/5,149,Kumaraswamy Layout,Quick Bites,,"Fast Food, Chinese, Rolls",300,Delivery,Banashankari
Ruchis Point,Yes,No,3.8/5,75,Banashankari,Quick Bites,"Sandwiches, Noodles, Sandwich","Fast Food, Chinese",200,Delivery,Banashankari
Firangi Bake,Yes,No,4.0/5,53,Rajarajeshwari Nagar,Delivery,"Lasagne, Steak, Masala Quesadilla, Garlic Bread","Mexican, Italian",600,Delivery,Banashankari
The Royal Corner - Pai Viceroy,Yes,Yes,4.2/5,815,Jayanagar,Casual Dining,"Breakfast Buffet, Kulcha, Almond Soup, Lunch Buffet, Roti, Mocktails, Vegetarian","North Indian, Chinese",900,Delivery,Banashankari
Hara Fine Dine,Yes,Yes,4.0/5,633,Banashankari,Casual Dining,"Hara Bhara Kabab, Crispy Corn, Patiala Paneer, Panneer Butter Masala, Dum Biryani, Jal-jeera, Butter Naan","North Indian, Chinese",800,Delivery,Banashankari
Chocoberry,Yes,No,3.5/5,56,Jayanagar,Dessert Parlor,"Waffles, Cup Cake, Chocolate Cake","Ice Cream, Desserts, Beverages",400,Delivery,Banashankari
Dakshin Grand,Yes,No,3.0/5,82,Banashankari,Quick Bites,,"South Indian, North Indian, Chinese, Street Food",300,Delivery,Banashankari
Sandwichwallas,Yes,No,3.7/5,35,Jayanagar,Quick Bites,,Fast Food,200,Delivery,Banashankari
Chai Mane,Yes,No,3.6/5,20,Basavanagudi,Quick Bites,,"Juices, Fast Food",150,Delivery,Banashankari
SLV Upachar,Yes,No,3.1/5,14,Kumaraswamy Layout,Quick Bites,,"South Indian, Chinese, Street Food",250,Delivery,Banashankari
Waffle-A-Go Go,Yes,No,3.9/5,70,Banashankari,Dessert Parlor,Waffles,"Fast Food, Desserts, Ice Cream",400,Delivery,Banashankari
Cross Road Cafe,Yes,No,3.9/5,91,Jayanagar,Cafe,"Momos, Burgers, Rolls, Sandwich, Hot Chocolate, Tea, Naga Thali","Cafe, Fast Food, Chinese",300,Delivery,Banashankari
Anand Donne Biriyani,Yes,No,3.6/5,45,Jayanagar,Quick Bites,,Biryani,200,Delivery,Banashankari
Seven Star,Yes,No,3.4/5,7,Banashankari,Quick Bites,,"North Indian, Chinese",250,Delivery,Banashankari
Stop 'N' Joy,Yes,No,3.8/5,28,Banashankari,Quick Bites,,Fast Food,150,Delivery,Banashankari
Sri Yaksha Shiv Sagar,Yes,No,3.6/5,24,Banashankari,Casual Dining,,"North Indian, Chinese",600,Delivery,Banashankari
Fudge,Yes,No,3.8/5,36,Basavanagudi,Dessert Parlor,,"Desserts, Momos",200,Delivery,Banashankari
Just Bunny,Yes,No,3.5/5,11,Jayanagar,Quick Bites,,Fast Food,200,Delivery,Banashankari
Bakers Town,Yes,No,3.8/5,77,Kumaraswamy Layout,Cafe,"Freak Shake, Fries, Pasta Alfredo","Cafe, Continental, Fast Food",650,Delivery,Banashankari
Shree Mahalakshmi Sweets,Yes,No,3.2/5,8,Banashankari,Sweet Shop,,"Mithai, Street Food",100,Delivery,Banashankari
Kaapi Kendra,Yes,No,3.7/5,14,Jayanagar,Quick Bites,,South Indian,100,Delivery,Banashankari
Ivy,Yes,No,3.8/5,210,Kumaraswamy Layout,Casual Dining,"Butter Chicken, Chicken Grill, Tandoori Chicken, Noodles, Biryani, Fried Rice Chicken","North Indian, Chinese, Fast Food",600,Delivery,Banashankari
The Airos,Yes,No,4.1/5,130,Jayanagar,Cafe,"Pizza, Pasta, Nachos, Burgers, Sandwich, Tea, Cheese Balls","Cafe, Italian, Pizza",650,Delivery,Banashankari
Chai Kraft,Yes,No,4.1/5,30,Jayanagar,Beverage Shop,"Masala Chai, Coffee, Masala Tea, Maggi","Beverages, Tea",100,Delivery,Banashankari
Kirthi's Biryani,Yes,No,3.8/5,144,Banashankari,Cafe,"Pasta, Gelato, Garlic Bread, Mojito, Nachos, Paneer Pizza, Mocktails","Chinese, Cafe, Italian",700,Delivery,Banashankari
South Point Pub,Yes,No,3.4/5,11,Basavanagudi,Bar,,"North Indian, Seafood, Chinese",800,Delivery,Banashankari
The Trundle,Yes,No,3.7/5,133,Jayanagar,Casual Dining,"Salad, Mocktails, Chocolava, Pesto Pasta, Momos, Jasmine Rice, Tom Yum Soup","Chinese, Thai, Continental, North Indian",700,Delivery,Banashankari
The Krishna Grand Xpress,Yes,No,4.0/5,136,Jayanagar,Quick Bites,"Vada, Masala Dosa, Idli","South Indian, Fast Food",350,Delivery,Banashankari
Sri Krishna Darshini,Yes,No,3.1/5,4,Basavanagudi,Quick Bites,,"South Indian, North Indian, Chinese",200,Delivery,Banashankari
Shringar Sweets & Snacks,Yes,No,3.5/5,11,Basavanagudi,"Sweet Shop, Quick Bites",,"Mithai, South Indian, Street Food, Fast Food",200,Delivery,Banashankari
Udupi Grand,Yes,No,3.8/5,74,Basavanagudi,Quick Bites,"Coffee, Masala Dosa, Vegetable Biryani","South Indian, North Indian, Chinese",300,Delivery,Banashankari
Ganesh Grand,Yes,No,3.7/5,30,Basavanagudi,Quick Bites,,"South Indian, North Indian, Desserts",300,Delivery,Banashankari
Shreyas Upahar & Burger Point,Yes,No,3.0/5,7,Basavanagudi,Quick Bites,,"South Indian, Burger",200,Delivery,Banashankari
Coffee Tindi,Yes,No,3.8/5,75,Banashankari,"Cafe, Quick Bites",,"Cafe, South Indian",200,Delivery,Banashankari
Little Cafe,Yes,No,3.7/5,54,Basavanagudi,Cafe,"Pasta, Pizza, Burgers, Pancakes, Garlic Bread","Cafe, Beverages",600,Delivery,Banashankari
Mumbai Badam Milk & Lassi Center,Yes,No,3.6/5,23,Basavanagudi,Kiosk,,"Beverages, Desserts",100,Delivery,Banashankari
Sri Krishna Sagar,Yes,No,3.2/5,119,Banashankari,Casual Dining,,"North Indian, Chinese",400,Delivery,Banashankari
Mylari Biryani Family Restaurant,Yes,No,3.7/5,73,Banashankari,Quick Bites,,"Biryani, Fast Food",400,Delivery,Banashankari
1980s Games Cafe,Yes,No,3.4/5,58,Basavanagudi,Cafe,"Maggi, Pasta, Burgers, Sandwiches, Fries","Cafe, Fast Food",400,Delivery,Banashankari
Kadala Tarangaa,Yes,No,3.6/5,129,Banashankari,Casual Dining,"Sea Food, Neer Dosa","Mangalorean, Seafood, North Indian",600,,
 'RATED\n  Not good in taste...'), ('Rated 4.0', 'RATED\n  food is good.. but delivery is not satisfactoy'), ('Rated 1.0', 'RATED\n  I love that place...\nVery testy tandoori yammi sea foods\nBangda masala fry is very nice\nPaneer patrani tikka its very spl\nAll food r very very testy'), 'RATED\n  order delivered by 4:45 and delivery time was 3:17. coming to packaging it was worst all food was mixed. and I experienced very bad'), ('Rated 1.0', 'RATED\n  It said boiled rice but I got normal rice I booked it for boiled rice'), ('Rated 1.0', 'RATED\n  Not good in taste...'), ('Rated 1.0', 'RATED\n  I love that place...\nVery testy tandoori yammi sea foods\nBangda masala fry is very nice\nPaneer patrani tikka its very spl\nAll food r very very testy')
Namma Biryani,Yes,No,3.6/5,24,Banashankari,Quick Bites,,"Biryani, Chinese, North Indian",250,Delivery,Banashankari
Nandhanu's Rasoi,Yes,No,3.0/5,175,Kumaraswamy Layout,Quick Bites,,"Chinese, North Indian",400,Delivery,Banashankari
Hotel Pork Paradise,Yes,No,3.7/5,21,Mysore Road,Quick Bites,,South Indian,300,Delivery,Banashankari
As On Fire,Yes,No,3.5/5,41,South Bangalore,Food Truck,Pizza,"Pizza, Fast Food, BBQ",400,Delivery,Banashankari
J K Fish Land,Yes,No,3.6/5,35,Jayanagar,Quick Bites,,"Seafood, Mangalorean",300,Delivery,Banashankari
Curry Leaves,Yes,No,4.1/5,176,Basavanagudi,Casual Dining,"Brownie, Mojito, Prawn Ghee Roast, Corn Tikki, Mushroom Ghee Roast, Pinacolada, Biryani","Andhra, North Indian, Chinese",800,Delivery,Banashankari
Lassi Shop,Yes,No,3.5/5,45,Banashankari,Beverage Shop,,"Beverages, Ice Cream, Fast Food",300,Delivery,Banashankari
Magic Meals,Yes,No,3.7/5,47,Jayanagar,"Quick Bites, Dessert Parlor","Biryani, Thick Shakes, Fries","Fast Food, Desserts, Beverages",400,Delivery,Banashankari
Desi Cream Junction,Yes,Yes,3.7/5,36,Jayanagar,Casual Dining,Vegetarian,"Chinese, North Indian, Pizza, Italian",650,Delivery,Banashankari
Drunken Monkey,Yes,No,3.8/5,52,Kumaraswamy Layout,"Beverage Shop, Quick Bites",,"Beverages, Fast Food",400,Delivery,Banashankari
Ruchi's Corner,Yes,No,2.7/5,123,Banashankari,Quick Bites,,Fast Food,200,Delivery,Banashankari
Tandoori Bytes,Yes,No,3.6/5,59,Kumaraswamy Layout,Casual Dining,,North Indian,700,Delivery,Banashankari
Bangalore Donne Biriyani,Yes,No,3.2/5,4,Kumaraswamy Layout,Quick Bites,,"South Indian, Biryani",300,Delivery,Banashankari
SGS Non Veg - Gundu Pulav,Yes,No,3.8/5,101,Banashankari,Quick Bites,,"Biryani, Fast Food",400,Delivery,Banashankari
Keventers,Yes,No,3.7/5,54,Banashankari,"Beverage Shop, Dessert Parlor",,"Desserts, Beverages, Ice Cream",400,Delivery,Banashankari
Sree Sagar,Yes,No,,0,Banashankari,Quick Bites,,South Indian,200,Delivery,Banashankari
Navi Food Point,Yes,No,3.6/5,22,Basavanagudi,Quick Bites,,Fast Food,200,Delivery,Banashankari
Shawarma Inc,Yes,No,3.1/5,31,Banashankari,Takeaway,,"Rolls, Lebanese",250,Delivery,Banashankari
The Cafe Nuts and Bolts,Yes,No,3.0/5,29,Kumaraswamy Layout,Cafe,,"Cafe, Fast Food, Chinese",500,Delivery,Banashankari
AM WOW,Yes,No,3.4/5,6,Jayanagar,Beverage Shop,,Beverages,100,Delivery,Banashankari
Lalbagh Grand,Yes,No,3.0/5,22,Basavanagudi,Quick Bites,,"South Indian, North Indian, Chinese",250,Delivery,Banashankari
Funjabi Curries,Yes,No,2.9/5,11,Banashankari,Quick Bites,,North Indian,500,Delivery,Banashankari
Eat Repeat,Yes,No,3.9/5,101,Basavanagudi,Quick Bites,"Sweet Pongal, Curd Rice",South Indian,150,Delivery,Banashankari
Salut,Yes,Yes,4.1/5,442,Jayanagar,"Pub, Casual Dining","Pesto Pizza, Buffalo Wings, Cocktails, Beer, Egg Ghee Roast, Brownie, Pepper Chicken","Continental, Finger Food, Seafood, Pizza",1200,Delivery,Banashankari
Nammura Donne Biriyani,Yes,No,3.5/5,155,Basavanagudi,Quick Bites,,"Biryani, Fast Food",400,Delivery,Banashankari
Lassi Stop,Yes,No,3.4/5,12,Banashankari,"Beverage Shop, Quick Bites",,"Beverages, Fast Food, Juices",150,Delivery,Banashankari
Dakshin Kitchen,Yes,No,3.6/5,15,Basavanagudi,Quick Bites,,South Indian,100,Delivery,Banashankari
Sri Sai Cafe,Yes,No,3.5/5,10,Basavanagudi,Quick Bites,,South Indian,200,Delivery,Banashankari
Sri Sai 99 Variety Dosa,Yes,No,3.8/5,25,Banashankari,Quick Bites,,South Indian,300,Delivery,Banashankari
Utsav Restaurant,Yes,No,3.8/5,61,Banashankari,Quick Bites,,"North Indian, Chinese",300,Delivery,Banashankari
Crunch and Munch,Yes,No,3.7/5,23,Uttarahalli,Quick Bites,,"Chinese, Street Food, Ice Cream",300,Delivery,Banashankari
Food Geek,Yes,No,3.8/5,25,Basavanagudi,Quick Bites,,"Sandwich, Fast Food, Rolls",350,Delivery,Banashankari
Sri Krishna Aramane,Yes,No,3.7/5,40,Kumaraswamy Layout,Quick Bites,,"South Indian, North Indian, Chinese, Fast Food",200,Delivery,Banashankari
Great Indian Rolls,Yes,No,3.3/5,4,Basavanagudi,Quick Bites,,Rolls,100,Delivery,Banashankari
Chats Point,Yes,No,3.4/5,8,Basavanagudi,Quick Bites,,"Fast Food, Street Food",150,Delivery,Banashankari
Food Point,Yes,No,3.5/5,32,Kumaraswamy Layout,Quick Bites,,"North Indian, Chinese",300,Delivery,Banashankari
Swarga Ruchi,Yes,No,3.3/5,10,Basavanagudi,Quick Bites,,South Indian,200,Delivery,Banashankari
Kolkata King,Yes,No,3.4/5,6,Basavanagudi,Quick Bites,,"Fast Food, Rolls",300,Delivery,Banashankari
Sandwich Mama's And Frozen Monster,Yes,No,3.8/5,53,Jayanagar,Quick Bites,"Waffles, Sandwiches, Maggi, Thick Shakes, Chocolate Sandwich","Ice Cream, Beverages, Fast Food",250,Delivery,Banashankari
New Rajadhani Spicy,Yes,No,3.7/5,67,Kumaraswamy Layout,Casual Dining,,North Indian,700,Delivery,Banashankari
Big Mishra Pedha,Yes,No,2.9/5,23,Jayanagar,Sweet Shop,,Mithai,250,Delivery,Banashankari
VEGeatz,Yes,No,3.4/5,19,Banashankari,Quick Bites,,"South Indian, North Indian",200,Delivery,Banashankari
Foodizo,Yes,No,3.6/5,24,Banashankari,Quick Bites,,"Desserts, Fast Food, Continental",300,Delivery,Banashankari
Food Springs,Yes,No,4.0/5,232,Jayanagar,Quick Bites,"Honey Chilli Potatoes, Nachos, Lemonade, Hakka Noodles, Babycorn Manchurian, Mushroom Manchurian, Spring Roll","South Indian, Chinese",400,,
 'RATED\n  We had been there to have Paneer pops cos apparently this is the only place where we can get them. Unfortunately they did not have it that day, and we had to settle in for honey chilli potato which was awful. And the ambience here is bad too.'), ('Rated 5.0'," """"RATED\n  Awesome lip smacking indo-Chinese food... Each time we've visited ourselves and/or with friends/family members all of us have liked it so much that we've made it as a mandatory spot to have at least one item here everytime we pass by."""")", ('Rated 4.5', the seating is a problem otherwise the food is really tasty.. I've tried the Manchurian, Green Apple ice tea, Spring rolls," tomato paneer nachos and specifically loved d Dragon chopsuey"""")", ('Rated 4.0', better to order on the higher quantity since most of the dishes are just about enough for one person.'), ('Rated 1.5'
Chung's Chinese Corner,Yes,No,3.9/5,221,Jayanagar,Casual Dining,"Manchow Soup, Momos, Wonton Soup, Chowmein, American Chopsuey, Chop Suey, Manchurian",Chinese,700,Delivery,Banashankari
Eurasia Pasta and Barbeque by Little Italy,Yes,Yes,4.1/5,1063,Jayanagar,"Casual Dining, Bar","Pasta, Pizza, Nachos, Gelato, Ravioli, Jalapeno Poppers, Cocktails","Italian, Fast Food, Salad, BBQ",1200,Delivery,Banashankari
Goli Vada Pav No. 1,Yes,No,3.7/5,93,Basavanagudi,Quick Bites,"Masala Vada Pav, Cheese Vada Pav, Fries",Street Food,200,Delivery,Banashankari
Ragoo's,Yes,No,3.9/5,233,Jayanagar,Casual Dining,"Corn Augratin, Lasagne, Fries, Garlic Bread, Pili Pili Pizza, Mexican Rice, Ravioli","Italian, Pizza, North Indian, Salad",800,Delivery,Banashankari
Pure & Natural,Yes,No,3.9/5,211,Jayanagar,Casual Dining,"Salads, Sandwiches, Pasta, Mocktails, Corn Sandwich, Garden Salad, Miso Salad","Fast Food, Continental, Beverages, Salad, Healthy Food",500,Delivery,Banashankari
Maiyas,Yes,No,4.0/5,1778,Jayanagar,Quick Bites,"Coffee, Thali, Kharabath, Masala Dosa, Idli Vada, Vanilla Ice Cream, Bisi Bele Bhaath","North Indian, South Indian, Fast Food, Juices",200,Delivery,Banashankari
Sip n Dine,Yes,No,3.6/5,218,Vijay Nagar,Casual Dining,"Veg Jaipuri, Neer Dosa, Kulcha, Pepper Chicken, Chilli Mushroom, Murgh Platter, Paneer Tikka","North Indian, Chinese, South Indian",800,Delivery,Banashankari
Cafe Mondo,Yes,No,3.7/5,514,Basavanagudi,Cafe,"Pizza, Pasta Alfredo, Brownie, Garlic Bread, Sandwiches, Lemon Mojito, Mocha Fudge","Cafe, Italian, Beverages",600,Delivery,Banashankari
Jalpaan,Yes,Yes,4.0/5,866,Jayanagar,Casual Dining,"Mocktails, Tomato Soup, Pasta, Nachos, Chaat, Potli Biryani, Lassi","North Indian, Continental",900,Delivery,Banashankari
Kataria's Pakwan,Yes,No,3.2/5,96,Kumaraswamy Layout,Quick Bites,"Paratha, Lassi, Manchurian, Thali",North Indian,400,,
 'RATED\n  Regret ordering from this place. No timeliness on delivery. Ridiculous if over committed should let customers know and let them seek other option s instead of making them wait endlessly. Would never recommend this place for home delivery. Not sure of the services at the place.'), ('Rated 4.5', 'RATED\n  finally my 2 month search of good north indian food came to an end at this place. this place has at lot to offer in different combos, also the owner said if u take the monthly membership, u get further discount. ye sun ke mere to aasu hi aa gaye. try this place once, ('Rated 3.0'," """"RATED\n  Kataria's pakwan is a good place for regular lunch ...... Especially office lunch.\nThey serve food hot irrespective of the time. Basic ambience but hygienic kitchen.\nThey serve a good spread of parathas n varieties of combo meal ..... Mix n match"""")", ('Rated 4.0', 'RATED\n  Hard to come by value for money AND tasty food these days. For the price the ambience is good enough. Highly recommended. [If you are the the down to earth type, you can even take your date there :-) ].\n\nAnd like the other reviewer said," """"RATED\n  A nice and affordable place to have your daily homely food. A variety of combos to choose from. Enough options available to cater to different tastes.\n\nOff late I've noticed that they use the same gravy as a base for all the other that you order which sometimes makes the subji taste very different from what its usual taste is.\nStill a good place to fill your tummy for routine food and trust me it'll be really light on your pocket!"""")", ('Rated 1.0'
Juicy Momos,Yes,No,3.5/5,80,Banashankari,Quick Bites,"Rolls, Burgers, Juicy Momos, Chicken Momo, Chocolate Momos, Mushroom Momo, Paneer Momos","Tibetan, Momos",250,Delivery,Banashankari
Amande Patisserie,Yes,No,4.0/5,73,Basavanagudi,Bakery,"Macaroon, Mousse, Caramel Eclair","Bakery, French, Desserts",300,Delivery,Banashankari
Anand Sweets and Savouries,Yes,No,3.9/5,84,Jayanagar,Sweet Shop,"Dahi Papadi Chaat, Papdi Chaat, Bhel Puri, Paratha, Kachori, Thali, Masala Poori","Mithai, Street Food",400,Delivery,Banashankari
Chicken Hunt,Yes,No,3.5/5,88,Banashankari,Quick Bites,Chicken Grill,"South Indian, North Indian, Chinese, Biryani",350,Delivery,Banashankari
Swadesh Tadka,Yes,No,3.5/5,179,Banashankari,Casual Dining,"Gulab Jamun, Roti, Masala Papad, Babycorn Manchurian, Paratha, Clear Soup, Biryani","North Indian, Chinese, Beverages",600,Delivery,Banashankari
Cane-O-La,Yes,No,3.8/5,61,Basavanagudi,Quick Bites,"Sugarcane Juice, Popcorn",Juices,100,Delivery,Banashankari
New Biryani Mane,Yes,No,3.7/5,128,Uttarahalli,Casual Dining,"Egg Biryani, Tandoori Chicken, Fish, Rumali Roti","North Indian, Chinese, Biryani, South Indian",450,Delivery,Banashankari
Upahara Darshini,Yes,No,3.8/5,339,Jayanagar,Quick Bites,"Rava Dosa, Roti, Masala Dosa, Kulcha, Sandwiches, Vada Pav, Idli","South Indian, North Indian, Chinese",400,Delivery,Banashankari
Karnataka Bhel House,Yes,No,4.1/5,449,Basavanagudi,Quick Bites,"Masala Poori, Bhel Puri, Panipuri, Chaat, Dahipuri, Sev Puri, Dahi Aloo Puri",Street Food,100,Delivery,Banashankari
Sreeraj Lassi Bar,Yes,No,4.1/5,210,Jayanagar,"Dessert Parlor, Beverage Shop","Faluda, Mango Lassi, Sweet Lassi, Fruit Salad, Shrikhand, Matka Kulfi, Pudina Lassi",Beverages,150,Delivery,Banashankari
Juice Junction Food Court,Yes,No,3.7/5,57,Basavanagudi,Quick Bites,,"Juices, South Indian, Chinese, Fast Food",200,Delivery,Banashankari
Bunt's Biriyani Palace,Yes,No,3.0/5,213,Banashankari,Quick Bites,"Neer Dosa, Sea Food, Pepper Chicken","North Indian, South Indian, Chinese, Biryani, Seafood",400,,
" """"RATED\n  Best place for chicken leg roast in whole bangalore.Even neer dosa is good.\nBiryani is not good.\nAmbience is not good.\nService is average.\n\nBill won't burn a hole in your pocket."""")", ('Rated 1.0'," """"RATED\n  I visited this place recently", experience is very bad," first of all they don't know how to cook biriyani. They use very poor quality rice in biriyani the taste is too bad. We asked for starter chicken 65 that was again pathetic. I will never recommend this place to anyone."""")", 'RATED\n  Nice one in surrounding areas. Leg roast is one of my favorite. Golden dry is also must taste. Biriyani is good compared to the other restaurants nearby. Try in once.'), ('Rated 3.5', 'RATED\n  Speciality is seafood tat too neerdosa n mangalore chicken curry or fish curry. Rest all are just menu fillers. I had mutton biryani too. It was gud. Serve chilled soft drinks in summer atleast!!!'), ('Rated 2.5'," """"RATED\n  Chilli chicken seems like the best bet here ..biryani doesnt measure up despite being proudly suffixed on the name. Others in the cast include some Mangalorean specials"," """"RATED\n  Best place for chicken leg roast in whole bangalore.Even neer dosa is good.\nBiryani is not good.\nAmbience is not good.\nService is average.\n\nBill won't burn a hole in your pocket."""")", ('Rated 4.5'
Chai Point,Yes,No,3.2/5,208,Jayanagar,"Beverage Shop, Quick Bites","Ginger Chai, Ginger Tea, Banana Cake, Samosa, Masala Chai, Banana Walnut","Tea, Beverages, Fast Food",250,,
 ('Rated 4.0', 'RATED\n  Good food options available but the chai here is really up to mark and I kind of liked the packaging and the cups and stuff. The place is a bit small!'), ('Rated 2.5', 'RATED\n  No variety and all the items in menu are simple and have average taste. I expected a nice evening with tea but it fell down of all my expectations and I ended up with just the boring evening.'), ('Rated 1.0', ('Rated 5.0'," """"RATED\n  It's good place to have chai but place is to small for ppl to eat .talk about the services it's good .place is clean and well maintained food served is worth for the price u pay"""")", ('Rated 3.0', 'RATED\n  Chai Point is pretty reasonable in terms of price and their several varieties of Chai are MUST TRY stuffs...\n\nBut food is not at all up to the mark in terms of taste and quality, they should definitely focus on improving it... Not at all satisfactory.'), ('Rated 2.5', 'RATED\n  No variety and all the items in menu are simple and have average taste. I expected a nice evening with tea but it fell down of all my expectations and I ended up with just the boring evening.')
Janahaar,Yes,No,3.8/5,70,Banashankari,Quick Bites,"Masala Dosa, Idli, Filter Coffee, Medu Dosa",South Indian,100,Delivery,Banashankari
Redberrys,Yes,No,4.0/5,219,Basavanagudi,Cafe,"Pizza, Fries, Anjeer Ice Cream, Sandwiches, Gelato, Burgers, Kesar Badam","Cafe, Italian",600,Delivery,Banashankari
Utsav,Yes,No,3.7/5,59,Banashankari,Quick Bites,"Paratha, Kachori, Tea, Lassi, Samosa, Vada Pav","North Indian, Street Food",200,Delivery,Banashankari
Meat And Eat,Yes,No,3.1/5,10,Banashankari,Quick Bites,,"Fast Food, Burger",500,Delivery,Banashankari
Snacks Bite,Yes,No,3.0/5,9,Kumaraswamy Layout,Quick Bites,,"Fast Food, Momos",400,Delivery,Banashankari
The Spice Saga,Yes,No,3.7/5,124,Kumaraswamy Layout,Casual Dining,"Biryani, Chicken Grill, Butter Chicken","Biryani, North Indian, Chinese, Seafood",750,Delivery,Banashankari
Dakshin Cafe,Yes,No,3.7/5,19,Kumaraswamy Layout,Quick Bites,,South Indian,100,Delivery,Banashankari
Mr. Parathewala,Yes,No,,0,Jayanagar,"Takeaway, Delivery",,North Indian,300,Delivery,Banashankari
Kaulige Millet Corner,Yes,No,3.3/5,4,Basavanagudi,Quick Bites,,"Healthy Food, South Indian",150,Delivery,Banashankari
Ifruit Ice Cream,Yes,No,3.3/5,4,Kumaraswamy Layout,Dessert Parlor,,"Desserts, Ice Cream",150,Delivery,Banashankari
Havmor,Yes,No,3.8/5,21,Basavanagudi,Dessert Parlor,,"Ice Cream, Desserts",200,Delivery,Banashankari
Grand Food,Yes,No,3.4/5,8,Banashankari,"Quick Bites, Bakery",,"South Indian, Bakery, Chinese",250,Delivery,Banashankari
Dining Hut,Yes,No,3.5/5,10,Kumaraswamy Layout,Quick Bites,,"North Indian, Chinese, South Indian",400,Delivery,Banashankari
7 Hills Garden Restaurant,Yes,No,,0,Banashankari,Quick Bites,,"North Indian, Mughlai, Chinese",400,Delivery,Banashankari
Desi Swaad,Yes,No,3.5/5,10,Kumaraswamy Layout,Quick Bites,,North Indian,400,Delivery,Banashankari
Yummy Momos,Yes,No,3.2/5,4,Kumaraswamy Layout,Quick Bites,,"Momos, Tibetan, Chinese",200,Delivery,Banashankari
Masale Daan,Yes,No,3.1/5,4,Banashankari,Delivery,,North Indian,350,Delivery,Banashankari
Sri Manjunatha Tandoori Corner,Yes,No,,0,Uttarahalli,Quick Bites,,Mughlai,300,Delivery,Banashankari
Grow Fit,Yes,No,3.6/5,16,JP Nagar,"Takeaway, Delivery",,"Healthy Food, North Indian, Thai",500,Delivery,Banashankari
The House Of Vadapav,Yes,No,,0,Banashankari,Quick Bites,,,150,Delivery,Banashankari
Cutcakes,Yes,No,,0,Kumaraswamy Layout,"Takeaway, Delivery",,Bakery,300,Delivery,Banashankari
Lassi Spot,Yes,No,3.3/5,4,Kumaraswamy Layout,Beverage Shop,,,100,Delivery,Banashankari
Sandwich Hub,Yes,No,3.4/5,12,Jayanagar,Quick Bites,,"Fast Food, Sandwich",300,Delivery,Banashankari
Healthy Bakes 'n' Brew,Yes,No,,0,Jayanagar,Bakery,,Bakery,150,Delivery,Banashankari
Udupi Sri Krishna Cafe,Yes,No,3.9/5,14,Jayanagar,Casual Dining,,"North Indian, South Indian",600,Delivery,Banashankari
Starlite Bakery & Fastfood,Yes,No,3.7/5,0,Jayanagar,Quick Bites,,"North Indian, Chinese, Rolls, Bakery, Arabian, Charcoal Chicken, Desserts",300,Delivery,Banashankari
Veganbreak24x7,Yes,No,2.8/5,5,City Market,"Takeaway, Delivery",,"South Indian, Chinese, Continental, Biryani",199,Delivery,Banashankari
Aadhya Hotel,Yes,No,3.3/5,5,Basavanagudi,"Casual Dining, Bar",,"South Indian, North Indian, Chinese, Biryani",800,Delivery,Banashankari
Dodda Mane Baaduta,Yes,No,3.5/5,15,Banashankari,Quick Bites,,"North Indian, South Indian, Chinese, Biryani",250,Delivery,Banashankari
Swadd Kitchen,Yes,No,3.4/5,4,Basavanagudi,Casual Dining,,"North Indian, Fast Food",500,Delivery,Banashankari
Nandini Milk Parlour and Restaurant,Yes,No,,0,Mysore Road,"Dessert Parlor, Quick Bites",,"Sandwich, Rolls, South Indian, Ice Cream",250,Delivery,Banashankari
Happy Chopsticks,Yes,No,3.6/5,17,Basavanagudi,Quick Bites,,"Chinese, Fast Food",300,Delivery,Banashankari
Sai Super Sandwich,Yes,No,NEW,0,Banashankari,Quick Bites,,"Sandwich, Beverages",200,Delivery,Banashankari
Right Pizza,Yes,No,NEW,0,Basavanagudi,Quick Bites,,Pizza,300,Delivery,Banashankari
Udupi Upachar,Yes,No,3.3/5,6,Banashankari,Quick Bites,,"South Indian, North Indian",500,Delivery,Banashankari
Davanagere Benne Dose Hut,Yes,No,3.4/5,10,Banashankari,Quick Bites,,South Indian,100,Delivery,Banashankari
The Sip Shop,Yes,No,NEW,0,Basavanagudi,Quick Bites,,"Pizza, Beverages, Ice Cream",200,Delivery,Banashankari
Jalsa,Yes,Yes,4.1/5,775,Banashankari,Casual Dining,"Pasta, Lunch Buffet, Masala Papad, Paneer Lajawab, Tomato Shorba, Dum Biryani, Sweet Corn Soup","North Indian, Mughlai, Chinese",800,Delivery,Banashankari
Subz,Yes,Yes,4.2/5,2022,Jayanagar,Casual Dining,"Veg Buffet, Pasta, Salads, Rasmalai, Chaat, Biryani, Fries","North Indian, South Indian",1000,Delivery,Banashankari
Rajastani Rasoi,Yes,No,,0,Basavanagudi,Quick Bites,,North Indian,100,Delivery,Banashankari
Sri Banashankari Upahara,Yes,No,NEW,0,Kumaraswamy Layout,Quick Bites,,"North Indian, South Indian",150,Delivery,Banashankari
Cafe Shuffle,Yes,Yes,4.2/5,150,Banashankari,Cafe,"Mocktails, Peri Fries, Lasagne, Pizza, Chicken Bbq Wings, Virgin Mojito, Nachos","Cafe, Italian, Continental",600,Delivery,Banashankari
Mint and Mustard,Yes,No,4.0/5,232,Basavanagudi,Casual Dining,"Paneer Tikka, Masala Papad, Garlic Naan","North Indian, Chinese",750,Delivery,Banashankari
Chinese Square,Yes,No,3.9/5,38,Basavanagudi,Quick Bites,,Chinese,200,Delivery,Banashankari
Hyderabad Express,Yes,No,NEW,0,Banashankari,Quick Bites,,"Hyderabadi, Biryani, South Indian, Andhra, Beverages",300,Delivery,Banashankari
Punjabi Raswada,Yes,Yes,3.5/5,431,Jayanagar,Casual Dining,"Gajar Ka Halwa, Lassi, Jeera Rice, Shahi Paneer, Shikanji, Makke Ki Roti, Kofta Curry",North Indian,800,Delivery,Banashankari
Vinny's,Yes,Yes,4.2/5,2115,Banashankari,Casual Dining,"Pizza, Pasta, Garlic Bread, Nachos, Penne Alfredo, Mozzarella Sticks, Salad","Pizza, Italian, Continental, Desserts",800,Delivery,Banashankari
Chetty's Corner,Yes,No,3.4/5,30,Uttarahalli,Quick Bites,,"Fast Food, Burger, Pizza",200,Delivery,Banashankari
Kapoor's Cafe,Yes,No,4.2/5,150,Jayanagar,Casual Dining,"Lassi, French Fries, Cheese Balls, Paneer Pakora, Dal Makhani, Buttermilk, Cheese Paratha",North Indian,800,Delivery,Banashankari
Donne Biryani & Kabab Corner,Yes,No,3.3/5,12,Kumaraswamy Layout,Quick Bites,,"Chinese, Biryani",200,Delivery,Banashankari
Sukh Sagar,Yes,No,3.8/5,155,Jayanagar,Casual Dining,"Pav Bhaji, Chaat, Sandwiches, Coffee, Noodles, Masala Dosa, Roti","South Indian, North Indian, Chinese, Street Food",450,Delivery,Banashankari
S M V Snacks Corner,Yes,No,3.7/5,33,Basavanagudi,Quick Bites,,Fast Food,200,Delivery,Banashankari
Andhra Ruchulu,Yes,Yes,4.1/5,666,Jayanagar,"Casual Dining, Bar","Andhra Meal, Mutton Biryani, Chicken Sholay, Chicken Biryani, Chicken Guntur, Andhra Thali, Guava Ice Cream","Andhra, Biryani, North Indian, Chinese",1000,Delivery,Banashankari
The Samosa Co,Yes,No,,0,Jayanagar,Quick Bites,,"Fast Food, Mithai",200,Delivery,Banashankari
Steaming Mugs,Yes,No,3.9/5,240,Basavanagudi,Cafe,"Fries, Oreo Shake, Pasta Arrabiata",Cafe,700,Delivery,Banashankari
San Churro Cafe,Yes,No,3.8/5,918,Banashankari,"Cafe, Casual Dining","Churros, Cannelloni, Minestrone Soup, Hot Chocolate, Pink Sauce Pasta, Salsa, Veg Supreme Pizza","Cafe, Mexican, Italian",800,Delivery,Banashankari
Rajathadri Food Fort,Yes,No,4.0/5,465,Jayanagar,Casual Dining,"Butter Naan, Filter Coffee, Pav Bhaji, Vada, Babycorn Manchurian, Tea, Paneer Tikka Masala","South Indian, North Indian, Chinese, Street Food",600,Delivery,Banashankari
Brew Meister,Yes,Yes,4.1/5,970,Jayanagar,"Microbrewery, Casual Dining","Cocktails, Pasta, Paneer Tikka, Mocktails, Wheat Beer, Corn Paratha, Misal Pav","North Indian, Continental, Finger Food, American, Asian",1500,,
 ('Rated 3.0', 'RATED\n  The only brewery in Jayanagar,\nThe ambiance is not that great but it isnÃƒÂƒ\x83ÃƒÂ‚\x83ÃƒÂƒ\x82ÃƒÂ‚\x82ÃƒÂƒ\x83ÃƒÂ‚\x82ÃƒÂƒ\x82ÃƒÂ‚\x92t bad either, It is rooftop.\nWe ordered French fries, veg pasta, bhel, pizza to eat.\nWeÃƒÂƒ\x83ÃƒÂ‚\x83ÃƒÂƒ\x82ÃƒÂ‚\x82ÃƒÂƒ\x83ÃƒÂ‚\x82ÃƒÂƒ\x82ÃƒÂ‚\x92 had ordered a few mock tails as well: orange blossom, hot Goa and river runs red.\nI was not really satisfied with the food nor the mock tails.\nHad been here with lot of expectations, but was disappointed.\nBut the staff and the service is great.'), ('Rated 3.0', 'RATED\n  Went to brew Meister for an afternoon team outing.Nice place with a good decor. Beer and starters are really good. Must try the baby corn anritsari and the tandoori cheese mushroom starters. Non veg starters were also good (the team members really liked the mutton samosa and the orange chili chicken starters). Mocktails are not that good - they add a lot of sugar in it. Main course definitely needs improvement. Will recommend this place for a good brewed beer experience along with starters.'), ('Rated 4.0'
Rasoi,Yes,No,3.3/5,128,Banashankari,Quick Bites,"Lassi, Panneer Butter Masala, Paratha, Thali","North Indian, Chinese",300,Delivery,Banashankari
Mr. Singh Da Dhaba,Yes,No,3.6/5,241,Kumaraswamy Layout,Quick Bites,"Mughlai Paratha, Laccha Paratha, Rolls","North Indian, Chinese",300,Delivery,Banashankari
Kababs N Biryani,Yes,No,3.4/5,22,Banashankari,Quick Bites,,South Indian,200,Delivery,Banashankari
Ayodhya Upachar,Yes,No,4.3/5,734,Banashankari,Quick Bites,"Panneer Butter Masala, Vada, Curd Rice, Idli, Jeera Rice, Naan, Kulcha","South Indian, North Indian, Chinese, Street Food",200,Delivery,Banashankari
Biriyani Mane,Yes,No,3.8/5,130,Jayanagar,Quick Bites,"Biryani, Chilli Chicken, Neer Dosa","North Indian, Biryani",400,,
 ('Rated 3.5'," """"RATED\n  The biriyani here is good. But there are pieces of liver and other awful in it and I personally dislike liver. The chicken dishes are average because the meat isn't cut well and there are fragments of bone. The flavour is good. Just average."""")", ('Rated 4.5', 'RATED\n  Good, reasonably priced food. The kitchen is spic and span. The staff is friendly. Prompt home delivery. I like their oil kabab, lollipop and tikka. Butter chicken and Guntur chicken are my fav. gravies from here. Breads can be a little chewy. Biriyani is very good. The pieces in the biriyani are tender and juicy, not at all dry. I like their sherwa, which they give with the biriyani.'), ('Rated 4.0', 'RATED\n  No place to sit here, ('Rated 4.0', 'RATED\n  Like spicy chicken shukka here...mutton biriyani.. Is delicious')
Cafe Ajfan,Yes,No,4.2/5,261,Jayanagar,Cafe,"Sandwiches, Pasta, Cobb Salad, Pizza, Burgers, Calzone, Fries","Cafe, Continental, Beverages",700,,
 ('Rated 4.0', 'RATED\n  The place is easily accessible although may not be suddenly apparent. ItÃƒÂƒ\x83ÃƒÂ‚\x83ÃƒÂƒ\x82ÃƒÂ‚\x82ÃƒÂƒ\x83ÃƒÂ‚\x82ÃƒÂƒ\x82ÃƒÂ‚\x92s right next to their dry fruit shop which is by the way excellent. We ordered a Moroccan chicken pizza followed by Alfredo pasta, as we werenÃƒÂƒ\x83ÃƒÂ‚\x83ÃƒÂƒ\x82ÃƒÂ‚\x82ÃƒÂƒ\x83ÃƒÂ‚\x82ÃƒÂƒ\x82ÃƒÂ‚\x92t in the mood to experiment. But these dishes did not disappoint us. In fact they were splendid. Pasta was made in the creamiest sauce ever. Now the pizza may seem a little small to look at, but mind you itÃƒÂƒ\x83ÃƒÂ‚\x83ÃƒÂƒ\x82ÃƒÂ‚\x82ÃƒÂƒ\x83ÃƒÂ‚\x82ÃƒÂƒ\x82ÃƒÂ‚\x92s heavily loaded with toppings, unless you are the types who likes their pizza plain. So overall a good experience, ('Rated 4.0', 'RATED\n  I went here on a rainy day with a friend of mine and it was a good experience overall! :) The ambience is nice and so is the service. The food was really good as well! We had a salad, hot chocolate and chicken burger and all of them were really nice. Would love to visit again! Cheers ?'), ('Rated 5.0', 'RATED\n  Excellent food & service , 'RATED\n  A very relaxed ambience with good food. Tried two of our favorite Russian dishes- Stroganoff and Chicken ala kiev. Stroganoff was less creamy than what I am used to eating at other places, but nevertheless tasted yummy. Chicken Ala Kiev was very good. Lots of veggies on the sides made both the dishes much more healthier than they actually are. The service was quick and waiter was courteous. Beverages were decent')
Brundhavana Food Point,Yes,No,4.0/5,191,Kumaraswamy Layout,Quick Bites,Biryani,"South Indian, North Indian, Chinese, Street Food, Beverages",300,Delivery,Banashankari
SLV Corner Restaurant,Yes,No,4.1/5,364,Basavanagudi,Casual Dining,"Masala Dosa, Filter Coffee, Maddur Vada, Curd Vadai, Onion Dosa, Upma, Sunday Breakfast","South Indian, Chinese, North Indian, Street Food, Rolls, Juices",550,Delivery,Banashankari
Biryani Royals Garden,Yes,No,NEW,0,Kumaraswamy Layout,Quick Bites,,"North Indian, Biryani, Mughlai",500,Delivery,Banashankari
Hotel New Karavali,Yes,No,3.8/5,133,Banashankari,Quick Bites,,"Mangalorean, South Indian, North Indian",300,Delivery,Banashankari
The Krishna Grand,Yes,No,3.9/5,888,Banashankari,Casual Dining,"Spring Dosa, Coffee, Spring Roll, Masala Papad, Rava Idli, Panneer Butter Masala, Chaat","North Indian, South Indian, Chinese, Fast Food, Juices",750,Delivery,Banashankari
360 Atoms Restaurant And Cafe,Yes,No,3.1/5,13,Banashankari,Cafe,,"Cafe, Chinese, Continental, Italian",400,Delivery,Banashankari
Roti Ghar,Yes,No,3.9/5,750,Basavanagudi,Casual Dining,"Coffee, Spring Roll, Roti, Panneer Butter Masala, Noodles, Butter Naan, Masala Dosa","North Indian, Chinese, South Indian",500,Delivery,Banashankari
The Coffee Shack,Yes,Yes,4.2/5,164,Banashankari,Cafe,"Coffee, Spaghetti, Pancakes, Nachos, Pasta, Sandwich, Garlic Bread","Cafe, Chinese, Continental, Italian",500,Delivery,Banashankari
Multi Snacky Hub,No,No,NEW,0,Basavanagudi,Quick Bites,,Fast Food,200,Delivery,Banashankari
Kettle & Kegs,Yes,No,3.2/5,6,Banashankari,Delivery,,"Tea, Beverages",200,Delivery,Banashankari
Baisakhi,Yes,No,3.8/5,527,Basavanagudi,Casual Dining,"Masala Chaach, Tomato Shorba, Gajar Ka Halwa, Biryani, Deluxe Punjabi Thali, Rajma, Paneer Tikka Masala",North Indian,500,Delivery,Banashankari
Corner House Ice Cream,No,No,4.3/5,345,Banashankari,Dessert Parlor,"Hot Chocolate Fudge, Vanilla Ice Cream, Fudge Cake, Chocolate Mousse","Ice Cream, Desserts",400,Desserts,Banashankari
Poonam Sweets,No,No,4.4/5,356,Banashankari,Sweet Shop,"Dhokla, Jalebi, Badam Milk, Rabri, Rasgulla, Rasmalai, Samosa Kachori",Mithai,150,Desserts,Banashankari
XO Belgian Waffle,Yes,No,3.7/5,17,Banashankari,Dessert Parlor,,"Desserts, Beverages",400,Desserts,Banashankari
Old Mumbai Ice Cream,Yes,No,3.9/5,38,Banashankari,Dessert Parlor,Friendly Staff,Ice Cream,150,Desserts,Banashankari
Cake of the Day,No,No,3.7/5,78,Banashankari,"Bakery, Dessert Parlor",,Bakery,150,Desserts,Banashankari
Amma's Pastries,No,No,3.8/5,60,Banashankari,Dessert Parlor,,Bakery,400,Desserts,Banashankari
Kanti Sweets,Yes,No,4.0/5,115,Banashankari,Sweet Shop,,"Mithai, Street Food",400,Desserts,Banashankari
Sugar Rush,No,No,3.8/5,39,Banashankari,Bakery,,"Bakery, Desserts",300,Desserts,Banashankari
Polar Bear,Yes,No,3.9/5,116,Banashankari,Dessert Parlor,"Sandwiches, Hot Chocolate Fudge, Strawberry Milkshake","Ice Cream, Desserts, Beverages, Sandwich",400,Desserts,Banashankari
San Churro Cafe,Yes,No,3.8/5,918,Banashankari,"Cafe, Casual Dining","Churros, Cannelloni, Minestrone Soup, Hot Chocolate, Pink Sauce Pasta, Salsa, Veg Supreme Pizza","Cafe, Mexican, Italian",800,Desserts,Banashankari
Anand Sweets and Savouries,No,No,3.7/5,46,Banashankari,"Sweet Shop, Quick Bites",,"Mithai, Street Food",400,Desserts,Banashankari
Ibaco,Yes,No,3.9/5,41,Banashankari,Dessert Parlor,,Desserts,300,Desserts,Banashankari
Kirthi's Biryani,Yes,No,3.8/5,144,Banashankari,Cafe,"Pasta, Gelato, Garlic Bread, Mojito, Nachos, Paneer Pizza, Mocktails","Chinese, Cafe, Italian",700,Desserts,Banashankari
The Lassi and Juice Park,No,No,3.8/5,28,Banashankari,"Beverage Shop, Dessert Parlor",,"Juices, Desserts",150,Desserts,Banashankari
Stoned Monkey,Yes,No,4.3/5,860,Banashankari,Dessert Parlor,"Nachos, Cup Cake, Hot Chocolate Fudge, Salsa, Cheesy Garlic Bread, Waffles, Tiramisu","Desserts, Ice Cream",500,Desserts,Banashankari
Parimala Sweets,No,No,3.5/5,14,Banashankari,Sweet Shop,,"Mithai, Street Food",200,Desserts,Banashankari
The Big O Bakes,No,No,4.0/5,66,Banashankari,Bakery,,"Bakery, Desserts",300,Desserts,Banashankari
Shree Mahalakshmi Sweets,Yes,No,3.2/5,8,Banashankari,Sweet Shop,,"Mithai, Street Food",100,Desserts,Banashankari
Keventers,Yes,No,3.7/5,54,Banashankari,"Beverage Shop, Dessert Parlor",,"Desserts, Beverages, Ice Cream",400,Desserts,Banashankari
Dessert Rose,No,No,3.5/5,7,Banashankari,Dessert Parlor,,Desserts,500,Desserts,Banashankari
Thanco's Natural Ice Creams,No,No,3.2/5,9,Banashankari,Dessert Parlor,,Ice Cream,300,Desserts,Banashankari
Corner Stone,No,No,3.6/5,42,Banashankari,"Beverage Shop, Quick Bites",,"Beverages, Juices, Desserts, Italian",300,Desserts,Banashankari
Kaggis,No,No,3.8/5,64,Banashankari,Quick Bites,,"Fast Food, Bakery",250,Desserts,Banashankari
Cocoa Bakes,Yes,No,3.6/5,14,Banashankari,Bakery,,"Bakery, Desserts",350,Desserts,Banashankari
Floured-Baked With Love,No,No,3.8/5,45,Banashankari,"Takeaway, Delivery","Cup Cake, Chocolate Cake",Bakery,400,Desserts,Banashankari
CAFE NOVA,No,No,3.2/5,11,Banashankari,Cafe,,"Cafe, Bakery",600,Desserts,Banashankari
Cakes & Slices,No,No,3.5/5,13,Banashankari,Bakery,,"Bakery, Desserts",300,Desserts,Banashankari
Arun Ice Cream,No,No,3.4/5,7,Banashankari,Dessert Parlor,,"Ice Cream, Desserts",150,Desserts,Banashankari
Just Bake,No,No,3.4/5,8,Banashankari,Bakery,,"Bakery, Desserts",400,Desserts,Banashankari
Dharwad Line Bazaar Mishra Pedha,No,No,,0,Banashankari,Dessert Parlor,,Mithai,150,Desserts,Banashankari
Cake Bite,No,No,,0,Banashankari,Bakery,,Bakery,300,Desserts,Banashankari
Kwality Wall's Swirl's Happiness Station,No,No,2.9/5,25,Banashankari,Dessert Parlor,,"Ice Cream, Desserts",200,Desserts,Banashankari
Melting Melodies,No,No,NEW,0,Banashankari,Bakery,,Bakery,300,Desserts,Banashankari
Sweet N Swirl,No,No,3.2/5,17,Banashankari,Dessert Parlor,,"Desserts, Ice Cream",150,Desserts,Banashankari
Me And My Cake,No,No,,0,Banashankari,Delivery,,"Bakery, Desserts",500,Desserts,Banashankari
Mukesh Sweet Centre,No,No,,0,Banashankari,Sweet Shop,,Mithai,300,Desserts,Banashankari
Darkolates,No,No,,0,Banashankari,Confectionery,,Desserts,200,Desserts,Banashankari
Sai Super Sandwich,Yes,No,NEW,0,Banashankari,Quick Bites,,"Sandwich, Beverages",200,Desserts,Banashankari
Sweet Truth,Yes,No,3.9/5,35,Banashankari,Delivery,,"Bakery, Desserts",500,Desserts,Banashankari
Waffle-A-Go Go,Yes,No,3.9/5,70,Banashankari,Dessert Parlor,Waffles,"Fast Food, Desserts, Ice Cream",400,Desserts,Banashankari
Gopi Ice Creams,No,No,NEW,0,Banashankari,Dessert Parlor,,Ice Cream,100,Desserts,Banashankari
Sri Venkateshwara Sweet Meat Stall,No,No,4.0/5,98,Basavanagudi,"Sweet Shop, Quick Bites","Mysore Pak, Pav Bhaji, Chaat, Masala Poori, Badam Milk, Paratha, Panipuri","Mithai, Street Food, North Indian, Chinese",400,Desserts,Banashankari
Baskin Robbins,No,No,3.7/5,25,Basavanagudi,Dessert Parlor,,"Ice Cream, Desserts",250,Desserts,Banashankari
Redberrys,Yes,No,4.0/5,219,Basavanagudi,Cafe,"Pizza, Fries, Anjeer Ice Cream, Sandwiches, Gelato, Burgers, Kesar Badam","Cafe, Italian",600,Desserts,Banashankari
Amande Patisserie,Yes,No,4.0/5,73,Basavanagudi,Bakery,"Macaroon, Mousse, Caramel Eclair","Bakery, French, Desserts",300,Desserts,Banashankari
Srinivasa Brahmins Bakery,No,No,3.6/5,16,Basavanagudi,"Bakery, Quick Bites",,"Bakery, Street Food",150,Desserts,Banashankari
Jain Bakes,No,No,3.6/5,8,Basavanagudi,Bakery,,"Bakery, Desserts",250,Desserts,Banashankari
Cake Ghar,Yes,No,3.8/5,15,Basavanagudi,Bakery,,Bakery,400,Desserts,Banashankari
KC Das - Sweet Spot,No,No,3.6/5,46,Basavanagudi,"Sweet Shop, Quick Bites",,"Mithai, Street Food",200,Desserts,Banashankari
Sugar Stars Co,No,No,,0,Basavanagudi,Bakery,,"Bakery, Desserts",300,Desserts,Banashankari
Diabetics Dezire Sugarless Sweets and Bakes,Yes,No,3.3/5,13,Basavanagudi,"Dessert Parlor, Sweet Shop",,"Desserts, Mithai",300,Desserts,Banashankari
Cake Yard,Yes,No,3.3/5,9,Basavanagudi,Dessert Parlor,,Desserts,250,Desserts,Banashankari
Iceberg Icecreams,Yes,No,4.0/5,43,Basavanagudi,Dessert Parlor,,"Desserts, Ice Cream",250,Desserts,Banashankari
A2B Veg - Adyar Ananda Bhavan,Yes,No,2.7/5,97,Basavanagudi,Casual Dining,Masala Dosa,"South Indian, North Indian, Chinese, Street Food",400,Desserts,Banashankari
Bombay Kulfis,No,No,,0,JP Nagar,Dessert Parlor,,Ice Cream,200,Desserts,Banashankari
Sri Krishna Sweets,Yes,No,3.7/5,22,Basavanagudi,Sweet Shop,,"Mithai, Desserts",250,Desserts,Banashankari
Cake Art,No,No,3.5/5,15,Basavanagudi,"Bakery, Quick Bites",,Bakery,400,Desserts,Banashankari
Cakecraft,No,No,,0,Jayanagar,Takeaway,,Desserts,350,Desserts,Banashankari
Asha Sweets Centre,Yes,No,3.6/5,27,Basavanagudi,Dessert Parlor,,Fast Food,250,Desserts,Banashankari
My Tea House,Yes,Yes,NEW,0,Banashankari,Casual Dining,,"Continental, Asian, North Indian, Tea",500,Dine-out,Banashankari
The Krishna Grand,Yes,No,3.9/5,888,Banashankari,Casual Dining,"Spring Dosa, Coffee, Spring Roll, Masala Papad, Rava Idli, Panneer Butter Masala, Chaat","North Indian, South Indian, Chinese, Fast Food, Juices",750,Dine-out,Banashankari
Sea Spice by 7 Star,Yes,Yes,4.0/5,349,Banashankari,Casual Dining,"Sea Food, Neer Dosa, Anjal Masala Fry, Coconut Pudding, Chicken Biryani, Roti, Fish Curry","Seafood, Biryani, Beverages, South Indian, North Indian, Kebab",1200,Dine-out,Banashankari
Mini Punjabi Dhaba,Yes,No,4.2/5,287,Banashankari,Quick Bites,"Panneer Butter Masala, Lassi, Paratha, Jeera Rice, Paneer Parantha, Bhindi Fry, Veg Kolhapuri",North Indian,350,Dine-out,Banashankari
Onesta,Yes,Yes,4.6/5,2556,Banashankari,"Casual Dining, Cafe","Farmhouse Pizza, Chocolate Banana, Virgin Mojito, Pasta, Paneer Tikka, Lime Soda, Prawn Pizza","Pizza, Cafe, Italian",600,Dine-out,Banashankari
Wamama,Yes,Yes,4.2/5,354,Banashankari,Casual Dining,"Sushi, Noodles, Wine, Khau Suey, Mocktails, Yakisoba, Spring Roll","Asian, Korean, Indonesian, Japanese, Chinese, Thai, Momos",800,,
 'RATED\n  First thing about this place is.. PAN Asian cuisine.. there are hardly any place which serves sushi etc in this part of Bangalore.. you can park your vehicle at BDA Complex parking.. and enjoy your evening peacefully.. ambiance is nice... food is delicious..\nwe tried veg dim sum platter, seafood sushi platter, veg satay, yakisoba (buckwheat noodles), house wine, ('Rated 5.0', 'RATED\n  Amazing place! Must visit! Pocket friendly! Good food! Good ambience! Loved the overall experience! Tried dim sums,planner chilli and fried icecream! Fried icecream is a must try'), ('Rated 4.0', 'RATED\n  Amazing Asian food and even better place.Its so beautiful and pleasing to the eyes.Has good vibe, ('Rated 4.0', 'RATED\n  Loved the place so much that went twice in a gap of 3 days. The Khao suey chicken soup is just awesome and is a must try. Main courses are good
Jalsa,Yes,Yes,4.1/5,775,Banashankari,Casual Dining,"Pasta, Lunch Buffet, Masala Papad, Paneer Lajawab, Tomato Shorba, Dum Biryani, Sweet Corn Soup","North Indian, Mughlai, Chinese",800,Dine-out,Banashankari
Vinny's,Yes,Yes,4.2/5,2115,Banashankari,Casual Dining,"Pizza, Pasta, Garlic Bread, Nachos, Penne Alfredo, Mozzarella Sticks, Salad","Pizza, Italian, Continental, Desserts",800,Dine-out,Banashankari
Jcubez,No,Yes,3.8/5,977,Banashankari,Lounge,"Beer, Chicken Wings, Chilli Chicken, Onion Rings, Fries",Finger Food,1300,Dine-out,Banashankari
Gustoes Beer House,No,No,4.1/5,868,Banashankari,Pub,"Beer, Wedges, Pizza, Nachos, Salads, Papaya Salad, Buffalo Wings","Continental, Italian, Mexican, North Indian, Chinese, Steak",1200,Dine-out,Banashankari
Penthouse Cafe,Yes,No,4.0/5,324,Banashankari,Cafe,"Pizza, Mocktails, Coffee, Nachos, Salad, Pasta, Sandwiches","Cafe, Italian, Continental",700,Dine-out,Banashankari
Spice Elephant,Yes,No,4.1/5,787,Banashankari,Casual Dining,"Momos, Lunch Buffet, Chocolate Nirvana, Thai Green Curry, Paneer Tikka, Dum Biryani, Chicken Biryani","Chinese, North Indian, Thai",800,Dine-out,Banashankari
Smacznego,Yes,No,4.2/5,504,Banashankari,Cafe,"Waffles, Pasta, Coleslaw Sandwich, Choco Waffle, Tacos, Momos, Cheese Nachos","Cafe, Mexican, Italian, Momos, Beverages",550,Dine-out,Banashankari
CafÃƒÂƒÃ‚ÂƒÃƒÂ‚Ã‚ÂƒÃƒÂƒÃ‚Â‚ÃƒÂ‚Ã‚ÂƒÃƒÂƒÃ‚ÂƒÃƒÂ‚Ã‚Â‚ÃƒÂƒÃ‚Â‚ÃƒÂ‚Ã‚Â© Down The Alley,Yes,No,4.1/5,402,Banashankari,Cafe,"Waffles, Pasta, Crispy Chicken, Honey Chilli Chicken, Sandwich, Coffee, Crepe",Cafe,500,Dine-out,Banashankari
Cafe Shuffle,Yes,Yes,4.2/5,150,Banashankari,Cafe,"Mocktails, Peri Fries, Lasagne, Pizza, Chicken Bbq Wings, Virgin Mojito, Nachos","Cafe, Italian, Continental",600,Dine-out,Banashankari
The Coffee Shack,Yes,Yes,4.2/5,164,Banashankari,Cafe,"Coffee, Spaghetti, Pancakes, Nachos, Pasta, Sandwich, Garlic Bread","Cafe, Chinese, Continental, Italian",500,Dine-out,Banashankari
Peppy Peppers,No,No,4.2/5,244,Banashankari,Casual Dining,"Pasta, Pepper Pizza, Paneer Pizza, Peppy Paneer, Nachos, Supreme Pizza, Manchow Soup","Italian, North Indian, Mexican",800,,
" """"RATED\n  Roof top peppy peppers cafe ...\nIt's really superb ambiance ","polite staffs\nMenu is really in an international touch like Taquitos which is very new as I have heard and it's fantastic taste ..\nChille releno what a surprise it took me yummy street bhaji chilli great idea the way of serving ..\nChicken plancha in sizzler was most recommendable main course ...\nLive show fresh preparation is another unique part of it ...we tried salad Al Arabia wow!!!! They show live ...\nOverall superb time superb experience ..."""")", ('Rated 4.0'," """"RATED\n  Participated in the FRIES EATING COMPETITION this weekend and off course I won it", ate thru my frustration at work and life.\n\nThis happened at Peppy Peppers. A vibrant cafe at the 3rd floor of jalsa gold, this place is a great choice for its variety in fries, nachos and pasta\nMy fav was the 3 nachos in one with 3 types of sauces. The cheese loaded french fries, chicken tandoori fries are a must try. The fries were perfect and had the perfect texture.\nIn pasta, thoroughly enjoyed the Alfredo, pesto and arabiata. It was a perfect al-dente.\nDidn't enjoy the desserts so much, ('Rated 4.5'," """"RATED\n  Looking for a Mexican cafe in and around banashankari? Peppy peppers is the one! This is a cute place with amazing ambience to spend some quality time with friends and family! It's located right above JALSA opposite to BDA complex!\n\nWe tried\nSuper Large French Fries ?\nMasala Nachos\nPaneer Tikka Biryani\nPenne Alfredo\nPenne Arabiata\nRed velvet Cake\nTiramisu\nPan Pannacota\nCold Stone Ice-cream\n\nWhite sauce pasta was amazing. It was very slimy and saucy!\nNachos and cheese loaded fries were great as well! Nachos had a twist on the healthy side as they included nachos made of ragi which is Rich in nutrients! The dips were great too! Overall it's a nice place to hangout if you are looking for something unique!"""")"
Anna Kuteera,Yes,No,4.0/5,771,Banashankari,Casual Dining,"Panner Tikka, Kulfi, Coffee, Pav Bhaji, Carrot Halwa, Fried Rice, Set Dosa","South Indian, North Indian, Chinese",450,Dine-out,Banashankari
Szechuan Dragon,Yes,No,4.2/5,1647,Banashankari,Casual Dining,"Noodles, Momos, Veg Manchow Soup, Kung Pao Chicken, Chicken Lollipop, Chop Suey, Dragon Chicken","Chinese, Thai, Momos",600,Dine-out,Banashankari
1947,No,Yes,4.0/5,808,Banashankari,Casual Dining,"Salads, Panneer Butter Masala, Rabri, Gajar Ka Halwa, Manchow Soup, Aam Panna, Tomato Basil Soup","North Indian, Chinese",850,Dine-out,Banashankari
Caf-Eleven,No,No,4.0/5,424,Banashankari,Cafe,"Sandwich, Omelette, Ice Tea, Virgin Mojito, Hot Chocolate, Pasta Arrabiata, Hazelnut Cappuccino","Cafe, Continental",450,Dine-out,Banashankari
Thamboola,Yes,No,3.9/5,135,Banashankari,Casual Dining,"Spring Roll, Manchow Soup, Babycorn Manchurian, Mint Cooler, Roti, Panneer Butter Masala","North Indian, Chinese, Continental",800,Dine-out,Banashankari
Ferment,No,No,NEW,0,Banashankari,"Casual Dining, Bar",,Continental,1000,Dine-out,Banashankari
Havyaka Mess,No,No,3.9/5,28,Banashankari,Mess,,South Indian,300,Dine-out,Banashankari
San Churro Cafe,Yes,No,3.8/5,918,Banashankari,"Cafe, Casual Dining","Churros, Cannelloni, Minestrone Soup, Hot Chocolate, Pink Sauce Pasta, Salsa, Veg Supreme Pizza","Cafe, Mexican, Italian",800,Dine-out,Banashankari
Cafe Vivacity,Yes,No,3.8/5,90,Banashankari,Cafe,"Garlic Bread, Burgers, Sandwiches, Pizza, Hot Chocolate Fudge, Waffles, Potato Wedges",Cafe,650,Dine-out,Banashankari
Chung Wah,Yes,No,3.9/5,519,Banashankari,Casual Dining,"Tom Yum Soup, Wine, Spring Roll, Singapore Noodles, Manchow Soup, Golden Fried Prawns, Lamb","Chinese, Momos, Thai, Vietnamese",900,Dine-out,Banashankari
Vietnamese Kitchen,Yes,No,3.6/5,105,Banashankari,Casual Dining,"Pho, Papaya Salad, Coffee, Veg Momos, Rolls",Vietnamese,700,Dine-out,Banashankari
Blue Wings Bar & Restaurant,No,No,3.7/5,43,Banashankari,"Bar, Casual Dining",,"North Indian, Chinese",700,Dine-out,Banashankari
Anand Sweets and Savouries,No,No,3.7/5,46,Banashankari,"Sweet Shop, Quick Bites",,"Mithai, Street Food",400,Dine-out,Banashankari
Catch-up-ino,Yes,No,3.9/5,133,Banashankari,Cafe,"Momos, Mushroom Bruschettas, Jalapeno Cheeseballs, Pasta, Red Velvet Shake, Red Velvet Milkshake, Maggi","Cafe, Fast Food, Continental, Chinese, Momos",800,Dine-out,Banashankari
Kirthi's Biryani,Yes,No,3.8/5,144,Banashankari,Cafe,"Pasta, Gelato, Garlic Bread, Mojito, Nachos, Paneer Pizza, Mocktails","Chinese, Cafe, Italian",700,Dine-out,Banashankari
T3H Cafe,No,No,3.9/5,93,Banashankari,Cafe,"Cheese Maggi, Peri Peri Fries, Pasta Arrabiata","Cafe, Italian, American",300,Dine-out,Banashankari
Srikrishna Bhavan,Yes,No,3.8/5,42,Banashankari,Quick Bites,"Roti, Masala Dosa","South Indian, North Indian, Chinese",300,Dine-out,Banashankari
Dal Tadkaa,Yes,No,2.5/5,247,Banashankari,Casual Dining,"Paratha, Boondi Raita, Roti, Kulfi, Panneer Butter Masala, Sweet Lassi, Dal Tadka",North Indian,500,,
" """"RATED\n  The buffet is inr 330 pp all incl. But the quality is very mediocre", so is the variety. Daal baati didn't feel like one... I could eat, but at that price range," you can definitely hang in domino's and get a d cheese burst full in your mouth :p"""")", ('Rated 2.5', they had a board that said spl buffet. There was nothing special about it. The usual north indian thali, only served buffet style, which cost us 340/head. I felt it wasn't worth that much. Food was ordinary. Service isn't very good (when u ask for salt," the server says it is on the other table madam please take it ? )\nFood: 2.5/5\nAmbiance: 3/5\nService: 2/5\nPrice: 2/5"""")", ('Rated 3.5', my expression was it has to be Veg restaurant but it was not at all only Veg. Food was spicy and absolute pleasure to eat.'), ('Rated 2.5'
360 Atoms Restaurant And Cafe,Yes,No,3.1/5,13,Banashankari,Cafe,,"Cafe, Chinese, Continental, Italian",400,Dine-out,Banashankari
New Imperial Restaurant,No,No,3.7/5,39,Banashankari,Casual Dining,,"North Indian, Chinese",450,Dine-out,Banashankari
The Vintage Cafe,Yes,No,3.0/5,62,Banashankari,Cafe,"Burgers, Caramel Milkshake, Iced Coffee, Iced Tea","Cafe, French, North Indian",400,Dine-out,Banashankari
Green Gardenia,Yes,No,3.8/5,160,Banashankari,Casual Dining,"Masala Papad, Paneer Satay, Paneer Hyderabadi, Butter Naan, Roti","North Indian, Chinese",700,Dine-out,Banashankari
Parimala Sweets,No,No,3.5/5,14,Banashankari,Sweet Shop,,"Mithai, Street Food",200,Dine-out,Banashankari
Vaishali Deluxe,No,No,3.8/5,42,Banashankari,Casual Dining,,"North Indian, Chinese",700,Dine-out,Banashankari
Paradise Premium,Yes,No,3.1/5,119,Banashankari,Casual Dining,,"Biryani, Andhra, Hyderabadi, North Indian",700,Dine-out,Banashankari
Kadala Tarangaa,Yes,No,3.6/5,129,Banashankari,Casual Dining,"Sea Food, Neer Dosa","Mangalorean, Seafood, North Indian",600,,
 'RATED\n  The Fish thali here was amazing! The fish curry to be specific was really nice and the quantity given is also a lot. One portion is enough for two people! Easy on the pocket and really good taste too!'), ('Rated 5.0', 'RATED\n  Good ..food quality is nic e'), ('Rated 5.0', 'RATED\n  Very good ambience... coastal food is delicious..........................., ('Rated 5.0', 'RATED\n  excellent taste..great service'), ('Rated 5.0'," """"RATED\n  Food was nice I tasted prawns it was very tasty ...\nAnd Anjal also it was nice...its best for family people can njoy and have the food... It's nice ?"""")", ('Rated 1.0', foods are very worst, they won't pick the call also. Horrible
My Tea House,Yes,Yes,NEW,0,Banashankari,Casual Dining,,"Continental, Asian, North Indian, Tea",500,Dine-out,Banashankari
Vi Ra's Bar and Restaurant,No,No,3.3/5,62,Banashankari,Bar,Chilli Chicken,"South Indian, North Indian, Chinese",800,Dine-out,Banashankari
Annapooraneshwari Mess,No,No,,0,Banashankari,Mess,,South Indian,200,Dine-out,Banashankari
Sri Yaksha Shiv Sagar,Yes,No,3.6/5,24,Banashankari,Casual Dining,,"North Indian, Chinese",600,Dine-out,Banashankari
7 Hills Restaurant,No,No,,0,Banashankari,Casual Dining,,"North Indian, South Indian",500,Dine-out,Banashankari
Nandhini Deluxe,No,No,2.6/5,283,Banashankari,Casual Dining,"Biryani, Chicken Guntur, Thali, Buttermilk, Manchurian",North Indian,600,Dine-out,Banashankari
Corner Stone,No,No,3.6/5,42,Banashankari,"Beverage Shop, Quick Bites",,"Beverages, Juices, Desserts, Italian",300,Dine-out,Banashankari
Karavali Fish Center,No,No,3.4/5,10,Banashankari,Quick Bites,,"Mangalorean, Chinese",300,Dine-out,Banashankari
Ayda Persian Kitchen,No,No,3.7/5,39,Banashankari,Casual Dining,,"North Indian, Iranian",950,Dine-out,Banashankari
J Spice,Yes,No,3.8/5,59,Banashankari,Casual Dining,"Stuffed Mushroom, Chicken Biryani, Jal-jeera","North Indian, Chinese",750,Dine-out,Banashankari
Swadesh Tadka,Yes,No,3.5/5,179,Banashankari,Casual Dining,"Gulab Jamun, Roti, Masala Papad, Babycorn Manchurian, Paratha, Clear Soup, Biryani","North Indian, Chinese, Beverages",600,Dine-out,Banashankari
Iyer's Tiffin Centre,No,No,3.8/5,62,Banashankari,Quick Bites,"Kesari Bath, Masala Dosa","South Indian, Chinese",150,Dine-out,Banashankari
Kydz Adda,No,No,3.4/5,6,Banashankari,Casual Dining,,Continental,500,Dine-out,Banashankari
K27 - The Pub,No,No,3.1/5,30,Banashankari,Bar,,"Chinese, North Indian",1000,Dine-out,Banashankari
Kotian Karavali Restaurant,No,No,3.5/5,10,Banashankari,Quick Bites,,"South Indian, Biryani",300,Dine-out,Banashankari
Food Box Cafe,No,No,3.6/5,36,Banashankari,Casual Dining,,"Mughlai, North Indian, Chinese",500,Dine-out,Banashankari
Hide Out Cafe,No,No,3.7/5,31,Banashankari,Cafe,,Cafe,300,Dine-out,Banashankari
Linnet Bar & Restaurant,No,No,,0,Banashankari,Bar,,"Fast Food, Finger Food",500,Dine-out,Banashankari
CAFE NOVA,No,No,3.2/5,11,Banashankari,Cafe,,"Cafe, Bakery",600,Dine-out,Banashankari
Darbar,No,No,3.0/5,98,Banashankari,Bar,"Paneer Tikka, Dal Kichadi, French Fries","North Indian, Chinese",800,Dine-out,Banashankari
Sri Ganesh Juice and Chats,No,No,3.5/5,18,Banashankari,"Beverage Shop, Quick Bites",,"Juices, Street Food",150,Dine-out,Banashankari
Manifest Cafe,No,No,3.5/5,10,Banashankari,Casual Dining,,"South Indian, North Indian, Chinese",500,Dine-out,Banashankari
Beijing Bites,No,No,2.7/5,128,Banashankari,Casual Dining,"Cantonese Noodles, Basil Chicken, Hunan Chicken Gravy, Manchow Soup, Dragon Chicken, Chicken Grill","Chinese, Thai",850,Dine-out,Banashankari
Karavali Lunch Home,No,No,,0,Banashankari,Quick Bites,,"South Indian, North Indian, Seafood, Mangalorean",400,Dine-out,Banashankari
The Pizzeria,Yes,No,2.8/5,45,Banashankari,Casual Dining,Pesto Pizza,"Pizza, Italian, Salad",800,Dine-out,Banashankari
Sri Krishna Sagar,Yes,No,3.2/5,119,Banashankari,Casual Dining,,"North Indian, Chinese",400,Dine-out,Banashankari
Lassi Stop,Yes,No,3.4/5,12,Banashankari,"Beverage Shop, Quick Bites",,"Beverages, Fast Food, Juices",150,Dine-out,Banashankari
Banashankari Nati Style,No,No,,0,Banashankari,Quick Bites,,"Biryani, Chinese, South Indian, North Indian",350,Dine-out,Banashankari
Sea Green Cafe,No,No,3.3/5,4,Banashankari,Cafe,,"Cafe, Fast Food, Beverages",500,Dine-out,Banashankari
Cafe Coffee Day,No,No,,0,Banashankari,Cafe,,"Cafe, Fast Food",900,Dine-out,Banashankari
SLN Bar and Restaurant,No,No,,0,Banashankari,Casual Dining,,"North Indian, Chinese",700,Dine-out,Banashankari
Kaumudis Juoice,No,No,,0,Banashankari,"Beverage Shop, Quick Bites",,"Beverages, Fast Food, Juices",150,Dine-out,Banashankari
Parijatha Paradise,Yes,No,NEW,0,Banashankari,Casual Dining,,"South Indian, North Indian, Fast Food, Chinese, Street Food",500,Dine-out,Banashankari
As On Fire,Yes,No,3.5/5,41,South Bangalore,Food Truck,Pizza,"Pizza, Fast Food, BBQ",400,Dine-out,Banashankari
Pizza Hut,Yes,No,3.7/5,405,Banashankari,Casual Dining,"Pizza, Potato Wedges, Country Feast, Pasta, Garlic Bread, Lemonade","Pizza, Fast Food",750,Dine-out,Banashankari
New Prashanth Hotel,Yes,No,3.9/5,388,Banashankari,Casual Dining,"Chicken Biryani, Ragi Mudde, Mutton Chops","Biryani, North Indian, Seafood, Andhra",650,Dine-out,Banashankari
Taaza Thindi,No,No,4.7/5,651,Banashankari,Quick Bites,"Masala Dosa, Vada, Upma, Filter Coffee, Kesari Bath, Idli Chutney, Kharabath",South Indian,100,Dine-out,Banashankari
Hyderabad Express,Yes,No,NEW,0,Banashankari,Quick Bites,,"Hyderabadi, Biryani, South Indian, Andhra, Beverages",300,Dine-out,Banashankari
Ayodhya Upachar,Yes,No,4.3/5,734,Banashankari,Quick Bites,"Panneer Butter Masala, Vada, Curd Rice, Idli, Jeera Rice, Naan, Kulcha","South Indian, North Indian, Chinese, Street Food",200,Dine-out,Banashankari
Petoo,No,No,3.7/5,21,Banashankari,Quick Bites,,North Indian,450,Dine-out,Banashankari
Roving Feast,No,No,4.0/5,1047,Banashankari,Quick Bites,"Pasta, Momos, Rolls, Chicken Roll, Chilli Chicken, Paneer Roll, Spaghetti","Italian, Continental, Fast Food, Chinese, Momos",450,Dine-out,Banashankari
KFC,Yes,No,3.8/5,505,Banashankari,Quick Bites,"Burgers, French Fries","Burger, Fast Food",450,Dine-out,Banashankari
Five Star Chicken,No,No,3.6/5,55,Banashankari,Quick Bites,,"Fast Food, Burger",200,Dine-out,Banashankari
Gama Gama,Yes,No,3.9/5,264,Banashankari,Quick Bites,"Jowar Roti, Buttermilk, Sabudana Vada, Thali, Mirchi Bajji, Brinjal Curry",South Indian,200,Dine-out,Banashankari
Hotel New Karavali,Yes,No,3.8/5,133,Banashankari,Quick Bites,,"Mangalorean, South Indian, North Indian",300,Dine-out,Banashankari
Kaapi Corner,No,No,NEW,0,Banashankari,Quick Bites,,South Indian,100,Dine-out,Banashankari
McDonald's,Yes,No,3.9/5,286,Banashankari,Quick Bites,"Burgers, Fries, Hot Chocolate","Burger, Fast Food",500,Dine-out,Banashankari
Sri Laxmi Venkateshwara Coffee Bar,No,No,4.4/5,343,Banashankari,Quick Bites,"Masala Dosa, Idli Chutney, Kharabath, Filter Coffee, Kesari Bath, Idli Vada, Maddur Vada",South Indian,100,Dine-out,Banashankari
Bhattara Bhojana,Yes,No,3.6/5,66,Banashankari,Quick Bites,,South Indian,150,Dine-out,Banashankari
Davanagere Benne Dose Hut,Yes,No,3.4/5,10,Banashankari,Quick Bites,,South Indian,100,Dine-out,Banashankari
Utsav Restaurant,Yes,No,3.8/5,61,Banashankari,Quick Bites,,"North Indian, Chinese",300,Dine-out,Banashankari
Messy Bowl,No,No,3.8/5,70,Banashankari,Quick Bites,"Tandoori Maggi, Paneer Sizzler, Pasta, Pizza, Butter Garlic Fries, Peri Peri Maggi, Garlic Maggi","Fast Food, Beverages",500,Dine-out,Banashankari
Devanna Dum Biriyani Centre,Yes,No,3.6/5,28,Banashankari,Quick Bites,,"Biryani, South Indian",300,Dine-out,Banashankari
Janahaar,Yes,No,3.8/5,70,Banashankari,Quick Bites,"Masala Dosa, Idli, Filter Coffee, Medu Dosa",South Indian,100,Dine-out,Banashankari
Stop 'N' Joy,Yes,No,3.8/5,28,Banashankari,Quick Bites,,Fast Food,150,Dine-out,Banashankari
Dodda Mane Baaduta,Yes,No,3.5/5,15,Banashankari,Quick Bites,,"North Indian, South Indian, Chinese, Biryani",250,Dine-out,Banashankari
Chickpet Donne Biryani House,Yes,No,3.8/5,131,Banashankari,Quick Bites,,Biryani,250,Dine-out,Banashankari
Brahmin Cafe,No,No,3.8/5,19,Banashankari,Quick Bites,,South Indian,150,Dine-out,Banashankari
Chumma Delicious,Yes,No,3.7/5,237,Banashankari,Quick Bites,Chicken Biryani,"South Indian, Fast Food",200,Dine-out,Banashankari
Udupi Upachar,Yes,No,3.3/5,6,Banashankari,Quick Bites,,"South Indian, North Indian",500,Dine-out,Banashankari
Bengaluru Coffee House,Yes,No,4.1/5,201,Banashankari,Quick Bites,"Masala Dosa, Tirupathi Pongal, Filter Coffee, Vada, Kharabath, Kali Dosa, Rava Idli","South Indian, North Indian, Chinese, Street Food",300,Dine-out,Banashankari
Foodiction,Yes,No,2.8/5,506,Banashankari,Quick Bites,"Burgers, Lassi, Chicken Grill, Naan, Momos, Chicken Burger, Biryani","North Indian, Fast Food, Chinese, Burger",500,,
 'RATED\n  satisfactory'), ('Rated 5.0', 'RATED\n  thank you'), ('Rated 5.0', 'RATED\n  nice'), 'RATED\n  Very poor way of serving and quantity was soo less for the price charged...if u talk abt night service then also d food should be good...worst place'), ('Rated 1.0', 'RATED\n  delivery was 1 hour late. You can imagine the taste of food after 1hr.'), ('Rated 1.0', 'RATED\n  Very bad food quality, 'RATED\n  yup fine'), ('Rated 5.0'
The Biryani Cafe,No,No,4.1/5,520,Banashankari,Quick Bites,"Vegetable Biryani, Ginger Chicken, Chicken Biryani, Donne Biryani, Chicken Kebab, Egg Bhurji, Dum Biryani","Biryani, Chinese, Kebab",300,Dine-out,Banashankari
Spicy Tandoor,No,No,NEW,0,Banashankari,Quick Bites,,North Indian,150,Dine-out,Banashankari
Banashankari Donne Biriyani,Yes,No,3.8/5,104,Banashankari,Quick Bites,,"Biryani, Fast Food",300,Dine-out,Banashankari
Addhuri Udupi Bhojana,No,No,3.7/5,88,Banashankari,Quick Bites,Masala Dosa,"South Indian, North Indian",300,Dine-out,Banashankari
Vasanth Vihar - Since 1965,Yes,No,3.6/5,95,Banashankari,Quick Bites,,"South Indian, Street Food",150,Dine-out,Banashankari
Subway,Yes,No,3.7/5,136,Banashankari,Quick Bites,"Veggie Delight, Paneer Tikka, Salad","Salad, Fast Food",600,Dine-out,Banashankari
SGS Non Veg - Gundu Pulav,Yes,No,3.8/5,101,Banashankari,Quick Bites,,"Biryani, Fast Food",400,Dine-out,Banashankari
Udupi Ruchi Grand,Yes,No,4.2/5,60,Banashankari,Quick Bites,,"South Indian, North Indian, Chinese, Street Food",200,Dine-out,Banashankari
Hotel Mangala,No,No,3.9/5,88,Banashankari,Quick Bites,"Khali Dosa, Kali Dosa, Masala Dosa, Vada Sambar",South Indian,250,Dine-out,Banashankari
Simple Thindies,No,No,3.5/5,8,Banashankari,Quick Bites,,South Indian,200,Dine-out,Banashankari
Rolls On Wheels,No,No,3.4/5,145,Banashankari,Quick Bites,,"Fast Food, Rolls, Momos",300,Dine-out,Banashankari
Chilli Flakes,Yes,No,3.6/5,46,Banashankari,Quick Bites,,"Fast Food, Italian, Beverages",500,Dine-out,Banashankari
Kababs N Biryani,Yes,No,3.4/5,22,Banashankari,Quick Bites,,South Indian,200,Dine-out,Banashankari
Udupi Ruchi,Yes,No,3.9/5,57,Banashankari,Quick Bites,,"South Indian, North Indian, Chinese, Street Food",200,Dine-out,Banashankari
SLV Swadishta,No,No,3.8/5,189,Banashankari,Quick Bites,"Coffee, Jeera Rice, Masala Dosa, Neer Dosa",South Indian,300,Dine-out,Banashankari
Kolbeh,No,No,3.7/5,22,Banashankari,Quick Bites,,Fast Food,500,Dine-out,Banashankari
Kolkata Kathi Roll's,Yes,No,3.6/5,18,Banashankari,Quick Bites,,"Fast Food, Rolls",250,Dine-out,Banashankari
Mylari Biryani Family Restaurant,Yes,No,3.7/5,73,Banashankari,Quick Bites,,"Biryani, Fast Food",400,Dine-out,Banashankari
Upahar Sagar,No,No,3.8/5,39,Banashankari,Quick Bites,Masala Dosa,"South Indian, Chinese, North Indian",350,Dine-out,Banashankari
Domino's Pizza,Yes,No,3.9/5,540,Banashankari,Quick Bites,"Pane Pizza, Lava Cake, Pasta, Stuffed Garlic Bread, Chocolava Cake, Tacos","Pizza, Fast Food",800,Dine-out,Banashankari
New Sagar Fast Food,No,No,3.6/5,71,Banashankari,Quick Bites,"Vegetable Biryani, Masala Dosa, Kulcha, Masala Papad, Tomato Soup","North Indian, South Indian",250,Dine-out,Banashankari
Namma Biryani,Yes,No,3.6/5,24,Banashankari,Quick Bites,,"Biryani, Chinese, North Indian",250,Dine-out,Banashankari
Chill Out,No,No,,0,Banashankari,Quick Bites,,"South Indian, Chinese",100,Dine-out,Banashankari
Parama Ruchi,No,No,3.5/5,11,Banashankari,Quick Bites,,"South Indian, North Indian, Chinese, Street Food",300,Dine-out,Banashankari
Thrilok Restaurant,No,No,3.4/5,9,Banashankari,Quick Bites,,"Mangalorean, Seafood",350,Dine-out,Banashankari
Meat And Eat,No,No,3.5/5,12,Banashankari,Quick Bites,,"Fast Food, Burger",500,Dine-out,Banashankari
Ande Ka Funda,Yes,No,3.8/5,120,Banashankari,Quick Bites,,"North Indian, Fast Food, Rolls",250,Dine-out,Banashankari
Dakshin Grand,Yes,No,3.0/5,82,Banashankari,Quick Bites,,"South Indian, North Indian, Chinese, Street Food",300,Dine-out,Banashankari
Chicken Hunt,Yes,No,3.5/5,88,Banashankari,Quick Bites,Chicken Grill,"South Indian, North Indian, Chinese, Biryani",350,Dine-out,Banashankari
7 Hills Garden Restaurant,Yes,No,,0,Banashankari,Quick Bites,,"North Indian, Mughlai, Chinese",400,Dine-out,Banashankari
Maruthi Davangere Benne Dosa,Yes,No,4.0/5,17,Banashankari,Quick Bites,,South Indian,150,Dine-out,Banashankari
Shri Guru Raghavendra Grand Veg,No,No,NEW,0,Banashankari,Quick Bites,,"South Indian, North Indian, Chinese",400,Dine-out,Banashankari
Pizza Stop,Yes,No,3.0/5,87,Banashankari,Quick Bites,"Garlic Bread, Pasta, Nachos, Salsa, Thin Crust Pizza","Pizza, Italian",600,Dine-out,Banashankari
Madhappa Hindu Military Hotel,Yes,No,3.4/5,14,Banashankari,Quick Bites,,South Indian,300,Dine-out,Banashankari
Krishna Sagar,No,No,3.5/5,31,Banashankari,Quick Bites,,North Indian,200,Dine-out,Banashankari
Hanumanthanagar Biryani Junction,No,No,3.5/5,17,Banashankari,Quick Bites,,South Indian,300,Dine-out,Banashankari
Faasos,Yes,No,4.2/5,415,Banashankari,Quick Bites,"Rolls, Veggie Wrap, Chocolate Fantasy, Rice Bowls, Chicken Rice, Paneer Makhanwala, Chicken Tikka Wrap","North Indian, Biryani, Fast Food",500,,
 'RATED\n  I had ordered the paneer cheese melt and chicken mayo wraps from this place. Both had a really generous amount of cheese in them just as the names suggest. The seasoning given alongside goes well with the wraps, and add a good amount of flavour in them. The delivery was good and the order arrived hot and in time.'), ('Rated 5.0', 'RATED\n  I ordered from the Navratra Menu during Navratri this month. Out of the wide variety offered I ordered the Sabudana Vada and Curd meal and Kuttu Aloo Parantha with Paneer Makhanwala Royal Meal.\n\nThe Sabudana Vada was perfectly made and was a great light meal paired with curd. The Kutti Aloo Paratha and Paneer Makhanwala Royal Meal was a great combination. Making aloo paratha with Kuttu is a great idea and it tasted amazing. The meal also included a portion of curd and a portion of Hare Tamatar ki Sabzi.\n\nThe overall experience of ordering food from here was excellent as the food was delivered fresh and on time with good packing to avoid spills and leaks.\n\nsaltpepperfoodguide.wordpress.com'), ('Rated 5.0', ('Rated 4.0', 'RATED\n  I had cheese melt paneer wrap and jumbo chicken wrap. The veg wrap was good, but as it was cheese based it was on bland side. Chicken wrap was also decent. Next time I will try wraps with paratha base.'), ('Rated 4.0', 'RATED\n  I ordered from Fasoos . Their biryanis are really good! They deliver really fast. I got my order within 20 minutes from when I placed the order.\nThey have wonderful wraps too.'), and add a good amount of flavour in them. The delivery was good and the order arrived hot and in time.'), ('Rated 4.0'
Rasoi,Yes,No,3.3/5,128,Banashankari,Quick Bites,"Lassi, Panneer Butter Masala, Paratha, Thali","North Indian, Chinese",300,Dine-out,Banashankari
SLV Refreshment,No,No,4.1/5,94,Banashankari,Quick Bites,"Coffee, Masala Dosa, Kharabath, Idli Vada, Kesari Bath",South Indian,100,Dine-out,Banashankari
Kaggis,No,No,3.8/5,64,Banashankari,Quick Bites,,"Fast Food, Bakery",250,Dine-out,Banashankari
Chatar Patar,No,No,3.7/5,65,Banashankari,Quick Bites,"Panipuri, Chaat, Noodles, Dahi Bhalle","Fast Food, Street Food",300,Dine-out,Banashankari
Seven Star,Yes,No,3.4/5,7,Banashankari,Quick Bites,,"North Indian, Chinese",250,Dine-out,Banashankari
SVKP Daily Fresh,No,No,3.3/5,5,Banashankari,Quick Bites,,South Indian,350,Dine-out,Banashankari
Kidambi's Kitchen,No,No,3.5/5,52,Banashankari,Quick Bites,Rooftop Ambience,South Indian,300,Dine-out,Banashankari
Ruchi's Corner,Yes,No,2.7/5,123,Banashankari,Quick Bites,,Fast Food,200,Dine-out,Banashankari
Tandoori Knight,Yes,No,3.0/5,290,Banashankari,Quick Bites,"Chicken Grill, Biryani, Roti, Chicken Masala","North Indian, Chinese, Biryani, Kebab",450,Dine-out,Banashankari
Utsav,Yes,No,3.7/5,59,Banashankari,Quick Bites,"Paratha, Kachori, Tea, Lassi, Samosa, Vada Pav","North Indian, Street Food",200,Dine-out,Banashankari
Mane Thindi,No,No,3.7/5,130,Banashankari,Quick Bites,"Coffee, Tea, Kesari Bath, Open Dosa, Vada, Idli, Bread Dosa",South Indian,200,Dine-out,Banashankari
Fast And Fresh,Yes,No,2.8/5,91,Banashankari,Quick Bites,,"North Indian, Chinese, Fast Food",400,Dine-out,Banashankari
New Gowda's Fried Chicken,Yes,No,3.3/5,12,Banashankari,Quick Bites,,Biryani,300,Dine-out,Banashankari
Juicy Momos,Yes,No,3.5/5,80,Banashankari,Quick Bites,"Rolls, Burgers, Juicy Momos, Chicken Momo, Chocolate Momos, Mushroom Momo, Paneer Momos","Tibetan, Momos",250,Dine-out,Banashankari
Donne Biriyani House,Yes,No,3.9/5,441,Banashankari,Quick Bites,Biryani,"South Indian, North Indian, Chinese, Biryani",400,Dine-out,Banashankari
Srinagar Kabab Corner,No,No,3.4/5,10,Banashankari,Quick Bites,,North Indian,250,Dine-out,Banashankari
Sri Venkateshwara Chat Centre,No,No,3.5/5,12,Banashankari,Quick Bites,,Street Food,100,Dine-out,Banashankari
Vinay Bhel Corner,No,No,3.4/5,7,Banashankari,Quick Bites,,Street Food,100,Dine-out,Banashankari
Spice 9,No,No,3.4/5,8,Banashankari,Quick Bites,,"Biryani, North Indian, Chinese, Fast Food",300,Dine-out,Banashankari
Roti Land,No,No,,0,Banashankari,Quick Bites,,North Indian,200,Dine-out,Banashankari
Naveen Kabab & Biriyani Mane,No,No,3.2/5,9,Banashankari,Quick Bites,,Biryani,300,Dine-out,Banashankari
Nandi Chats and Juice,No,No,3.6/5,47,Banashankari,Quick Bites,,Street Food,150,Dine-out,Banashankari
Atithi Point Ande Ka Funda,No,No,3.1/5,29,Banashankari,Quick Bites,,North Indian,150,Dine-out,Banashankari
Yaarub Hotel,No,No,,0,Banashankari,Quick Bites,,Biryani,250,Dine-out,Banashankari
Aarush's Food Plaza,No,No,,0,Banashankari,Quick Bites,,"North Indian, Street Food",200,Dine-out,Banashankari
Rotti Mane,No,No,,0,Banashankari,Quick Bites,,South Indian,100,Dine-out,Banashankari
Karnataka Bhel House,No,No,,0,Banashankari,Quick Bites,,Street Food,150,Dine-out,Banashankari
Kannadigas Karavali,No,No,,0,Banashankari,Quick Bites,,"Mangalorean, South Indian, North Indian",250,Dine-out,Banashankari
The Coorg Kitchen,No,No,,0,Banashankari,Quick Bites,,South Indian,400,Dine-out,Banashankari
Just Shawarma,Yes,No,3.8/5,66,Banashankari,Quick Bites,,Arabian,300,Dine-out,Banashankari
Aramane Donne Biryani,Yes,No,3.1/5,28,Banashankari,Quick Bites,,Biryani,200,Dine-out,Banashankari
FOOD ADDA,No,No,3.2/5,4,Banashankari,Quick Bites,,Fast Food,200,Dine-out,Banashankari
New Mangalore Lunch Home,No,No,3.3/5,7,Banashankari,Quick Bites,,"Mangalorean, South Indian, North Indian",200,Dine-out,Banashankari
Hotel Nisarga,No,No,3.2/5,5,Banashankari,Quick Bites,,"North Indian, South Indian",250,Dine-out,Banashankari
Coffee Bytes,No,No,3.1/5,6,Banashankari,Quick Bites,,"Fast Food, South Indian",100,Dine-out,Banashankari
Parjanya Chat Zone,No,No,3.3/5,17,Banashankari,Quick Bites,,"Street Food, Fast Food",200,Dine-out,Banashankari
Yo Roll Corner,No,No,3.0/5,27,Banashankari,Quick Bites,,"Street Food, Rolls",200,Dine-out,Banashankari
New Quality Dum Biryani,No,No,3.1/5,9,Banashankari,Quick Bites,,Biryani,200,Dine-out,Banashankari
Sri Lakshmi Kabab Center,No,No,3.3/5,4,Banashankari,Quick Bites,,Kebab,200,Dine-out,Banashankari
Cueferia A-Cafe,No,No,,0,Banashankari,Quick Bites,,"North Indian, South Indian, Fast Food, Chinese, Italian",400,Dine-out,Banashankari
Sri Basaveshwar Jolada Rotti Oota,No,No,,0,Banashankari,Quick Bites,,South Indian,150,Dine-out,Banashankari
Dtink Lab,No,No,NEW,0,Banashankari,Quick Bites,,"Beverages, Sandwich",80,Dine-out,Banashankari
Shree Udupi South kitchen,No,No,NEW,0,Banashankari,Quick Bites,,South Indian,150,Dine-out,Banashankari
Foodlieious Multi Cuisine,No,No,NEW,0,Banashankari,Quick Bites,,North Indian,100,Dine-out,Banashankari
Tasty Bites,No,No,3.7/5,21,Banashankari,Quick Bites,,"Fast Food, Pizza",150,Dine-out,Banashankari
Raams Chicken,No,No,3.6/5,22,Banashankari,Quick Bites,,Andhra,300,Dine-out,Banashankari
Panchami,No,No,3.0/5,15,Banashankari,Quick Bites,,"North Indian, Chinese",300,Dine-out,Banashankari
Bangalore Kabab Palace,No,No,,0,Banashankari,Quick Bites,,"Andhra, Biryani",150,Dine-out,Banashankari
Hotel Andhra Speices,No,No,,0,Banashankari,Quick Bites,,Andhra,250,Dine-out,Banashankari
Quality Dum Biriyani,No,No,,0,Banashankari,Quick Bites,,"Biryani, Kebab",150,Dine-out,Banashankari
Sri Murari Family Restaurant,No,No,,0,Banashankari,Quick Bites,,Biryani,250,Dine-out,Banashankari
Taja Coffee,No,No,,0,Banashankari,Quick Bites,,South Indian,150,Dine-out,Banashankari
Aramane Donne Biriyani,No,No,,0,Banashankari,Quick Bites,,"South Indian, Biryani",150,Dine-out,Banashankari
Swaada Healthy Kitchen,No,No,,0,Banashankari,"Quick Bites, Beverage Shop",,"Healthy Food, Juices, Sandwich",350,Dine-out,Banashankari
New Prakash Hotel,No,No,,0,Banashankari,Quick Bites,,South Indian,250,Dine-out,Banashankari
Gawdaru Mane Beriyani,No,No,,0,Banashankari,Quick Bites,,"South Indian, Biryani",300,Dine-out,Banashankari
Kings Court Daba,No,No,,0,Banashankari,Quick Bites,,"Chinese, North Indian",450,Dine-out,Banashankari
MM Tiffen Center,No,No,,0,Banashankari,Quick Bites,,"South Indian, Fast Food",150,Dine-out,Banashankari
Sri Raghavendra Prasanna Coffee Beans Club,No,No,NEW,0,Banashankari,Quick Bites,,South Indian,150,Dine-out,Banashankari
Sri Balaji Tiffin Centre,No,No,NEW,0,Banashankari,Quick Bites,,"South Indian, Chinese",300,Dine-out,Banashankari
New Indraprasta,No,No,NEW,0,Banashankari,Quick Bites,,"South Indian, Beverages",150,Dine-out,Banashankari
Sree Sagar,Yes,No,,0,Banashankari,Quick Bites,,South Indian,200,Dine-out,Banashankari
VEGeatz,Yes,No,3.4/5,19,Banashankari,Quick Bites,,"South Indian, North Indian",200,Dine-out,Banashankari
Grand Food,Yes,No,3.4/5,8,Banashankari,"Quick Bites, Bakery",,"South Indian, Bakery, Chinese",250,Dine-out,Banashankari
The House Of Vadapav,Yes,No,,0,Banashankari,Quick Bites,,,150,Dine-out,Banashankari
Matru Sagar,Yes,No,3.6/5,84,Banashankari,Quick Bites,"Coffee, Masala Dosa","South Indian, North Indian, Chinese",250,Dine-out,Banashankari
Kavali,No,No,4.0/5,42,Banashankari,Quick Bites,"Cheese Dosa, Chocolate Dosa, Corn Dosa, Pesarattu, Bread Dosa","South Indian, Street Food",300,Dine-out,Banashankari
Bitez,No,No,NEW,0,Banashankari,Quick Bites,,Fast Food,100,Dine-out,Banashankari
Bunt's Biriyani Palace,Yes,No,3.0/5,213,Banashankari,Quick Bites,"Neer Dosa, Sea Food, Pepper Chicken","North Indian, South Indian, Chinese, Biryani, Seafood",400,Dine-out,Banashankari
Funjabi Curries,Yes,No,2.9/5,11,Banashankari,Quick Bites,,North Indian,500,Dine-out,Banashankari
Udupi Upahar,Yes,No,3.8/5,58,Banashankari,Quick Bites,,"South Indian, Chinese, North Indian, Juices",300,Dine-out,Banashankari
Ranganna Military Hotel,No,No,4.2/5,725,Jayanagar,Quick Bites,"Mutton Biryani, Mutton Chops, Chicken Biryani, Chicken Fry, Paya, Mutton Fry, Chilli Chicken","South Indian, Biryani",350,Dine-out,Banashankari
Roti Ghar,Yes,No,3.9/5,750,Basavanagudi,Casual Dining,"Coffee, Spring Roll, Roti, Panneer Butter Masala, Noodles, Butter Naan, Masala Dosa","North Indian, Chinese, South Indian",500,Dine-out,Banashankari
Grand Village,No,No,3.8/5,166,Basavanagudi,Casual Dining,"Panipuri, Gol Gappe","North Indian, Rajasthani",600,Dine-out,Banashankari
Vidyarthi Bhavan,No,No,4.4/5,4460,Basavanagudi,Quick Bites,"Filter Kaapi, Filter Coffee, Khara Bhath, Maddur Vada, Crispy Masala Dosa, Kesari Bath, Ghee Masala Dosa",South Indian,150,,
" go Sanz sambar. Recommended to celebrate the 75 years of history!"""")", ('Rated 5.0', 'RATED\n  Visit this place if your patience level is double of a normal human.\nBy the time they call out your name, you would have wanted to run away and when they finally do, it?s a special feeling( like when you win a battle)\n\nTaste: I tasted the rava vada and the signature dosa. The vada was very hard but tasty. The dosa was super crispy and a must try.\nCoffee was really good too and felt so right after the buttery dosa(or should I say dosas)')," """"RATED\n  Had been to Vidyarthi Bhavan which is one of the oldest restaurants of bangalore which is famous for dosa on an evening. The furniture and the decor is still old fashioned and gives you authentic look. Had to wait pretty long to get the table. Tried Masala dosa", upma, kesaribath," vada and coffee. Was not completely satisfied with the taste but it's a must try once for every dosa lover for its authenticity."""")", ('Rated 5.0', crispy dosa, tasty chutney. Mind-blowing!!!\n\nIncase you haven't tried the pooris
Bharjari Oota,No,No,3.9/5,153,Basavanagudi,Casual Dining,"Curd Rice, Coriander Soup, Masala Dosa, Biryani, Thali",South Indian,350,Dine-out,Banashankari
Gokul Veg,Yes,No,3.8/5,469,Basavanagudi,Casual Dining,"Masala Papad, Paneer Satay, Vegetable Biryani, Panneer Butter Masala, Tomato Soup, Manchow Soup, Roti","North Indian, Chinese, Beverages",750,Dine-out,Banashankari
SLV Corner Restaurant,Yes,No,4.1/5,364,Basavanagudi,Casual Dining,"Masala Dosa, Filter Coffee, Maddur Vada, Curd Vadai, Onion Dosa, Upma, Sunday Breakfast","South Indian, Chinese, North Indian, Street Food, Rolls, Juices",550,Dine-out,Banashankari
Timepass Dinner,Yes,No,3.8/5,286,Basavanagudi,Casual Dining,"Onion Rings, Pasta, Kadhai Paneer, Salads, Salad, Roti, Jeera Rice",North Indian,600,Dine-out,Banashankari
Baisakhi,Yes,No,3.8/5,527,Basavanagudi,Casual Dining,"Masala Chaach, Tomato Shorba, Gajar Ka Halwa, Biryani, Deluxe Punjabi Thali, Rajma, Paneer Tikka Masala",North Indian,500,Dine-out,Banashankari
Eat Repeat,Yes,No,3.9/5,101,Basavanagudi,Quick Bites,"Sweet Pongal, Curd Rice",South Indian,150,Dine-out,Banashankari
Sri Guru Kottureshwara Davangere Benne Dosa,Yes,No,4.1/5,558,Basavanagudi,Quick Bites,"Benne Dosa, Mirchi Bajji, Filter Coffee, Poha, Tea, Butter Dosa, Crispy Dosa",South Indian,150,Dine-out,Banashankari
Bridgeway,No,No,3.8/5,94,Mysore Road,Casual Dining,,"North Indian, Chinese",550,Dine-out,Banashankari
Srinathji's Cafe,No,No,3.8/5,148,Basavanagudi,"Casual Dining, Cafe","Paratha, Sandwich, Chilli Idli, Noodles, Sandwiches, Lime Soda","North Indian, Cafe, Chinese, Fast Food",550,Dine-out,Banashankari
Soho Bar & Grill,No,No,2.7/5,377,Basavanagudi,Pub,"Thai Chicken, Chicken Lollipop, Cocktails, Jeera Rice, Rolls, Draught Beer, French Fries","North Indian, Chinese, Thai",1100,Dine-out,Banashankari
Kollapuri's,No,No,3.9/5,206,Basavanagudi,Quick Bites,"Chicken Biryani, Mutton Biryani, Egg Biryani, Chicken Fry, Mutton Fry","South Indian, Mangalorean",450,Dine-out,Banashankari
Aadhya Hotel,Yes,No,3.3/5,5,Basavanagudi,"Casual Dining, Bar",,"South Indian, North Indian, Chinese, Biryani",800,Dine-out,Banashankari
Bhavani Restaurant,No,No,3.9/5,100,Basavanagudi,Quick Bites,"Coffee, Vada, Curd Rice, Ghee Roast Paneer, Thali","South Indian, North Indian, Chinese",300,Dine-out,Banashankari
Puliyogare Point,Yes,No,4.2/5,444,Basavanagudi,Quick Bites,"Sweet Pongal, Mini Idlis, Filter Coffee, Open Masala Dosa, Pakoda, Vada, Raagi Dosa",South Indian,100,Dine-out,Banashankari
Zephyr,No,No,3.9/5,133,Basavanagudi,Casual Dining,"Chilli Paneer Pizza, Mocktails, French Fries, White Sauce Pasta, Nachos, Manchurian","Italian, Continental",650,Dine-out,Banashankari
Redberrys,Yes,No,4.0/5,219,Basavanagudi,Cafe,"Pizza, Fries, Anjeer Ice Cream, Sandwiches, Gelato, Burgers, Kesar Badam","Cafe, Italian",600,Dine-out,Banashankari
Hotel Dwarka,No,No,4.2/5,253,Basavanagudi,Quick Bites,"Khali Dosa, Kali Dosa, Upma, Filter Coffee, Kesari Bath, Set Dosa, Masala Dosa",South Indian,250,Dine-out,Banashankari
Nisarga Garden Restaurant,No,No,3.4/5,51,Basavanagudi,Quick Bites,,"South Indian, Chinese, Desserts, Beverages",350,Dine-out,Banashankari
Ma-Arya Family Restaurant,No,No,3.7/5,61,Basavanagudi,Casual Dining,"Mutton Biryani, Crispy Fried Chicken","Biryani, South Indian, North Indian, Chinese, Andhra",600,Dine-out,Banashankari
A2B - Adyar Ananda Bhavan,Yes,No,3.8/5,155,Mysore Road,Casual Dining,"Pav Bhaji, Masala Dosa, Idli Vada, Filter Coffee, Pongal, Curd Rice, Kesari Bath","South Indian, Fast Food, Street Food",400,Dine-out,Banashankari
Ragoo's,Yes,No,3.9/5,233,Jayanagar,Casual Dining,"Corn Augratin, Lasagne, Fries, Garlic Bread, Pili Pili Pizza, Mexican Rice, Ravioli","Italian, Pizza, North Indian, Salad",800,Dine-out,Banashankari
Imperial Restaurant,Yes,No,3.7/5,264,Mysore Road,Casual Dining,"Kadhai Paneer, Ghee Rice, Chicken Grill, Shawarma, Paratha, Biryani, Butter Chicken","North Indian, Chinese, Biryani, Beverages",750,Dine-out,Banashankari
New Prashanth Hotel,No,No,3.9/5,66,Basavanagudi,Casual Dining,,South Indian,400,Dine-out,Banashankari
Udupi Sri Krishna Bhavan,No,No,4.1/5,238,Basavanagudi,Quick Bites,"Masala Dosa, Vada, Obbattu, Badam Milk, Khara Bhath, Coffee, Puri Saagu",South Indian,600,Dine-out,Banashankari
Chinese Kitchen,Yes,No,3.8/5,58,Basavanagudi,Quick Bites,,Chinese,150,Dine-out,Banashankari
Vijayalakshmi,Yes,No,3.9/5,47,Basavanagudi,Quick Bites,,South Indian,200,Dine-out,Banashankari
Nammura Donne Biriyani,Yes,No,3.5/5,155,Basavanagudi,Quick Bites,,"Biryani, Fast Food",400,Dine-out,Banashankari
Curry Leaves,Yes,No,4.1/5,176,Basavanagudi,Casual Dining,"Brownie, Mojito, Prawn Ghee Roast, Corn Tikki, Mushroom Ghee Roast, Pinacolada, Biryani","Andhra, North Indian, Chinese",800,Dine-out,Banashankari
Goli Vada Pav No. 1,Yes,No,3.7/5,93,Basavanagudi,Quick Bites,"Masala Vada Pav, Cheese Vada Pav, Fries",Street Food,200,Dine-out,Banashankari
Ice Thunder,No,No,3.8/5,124,Basavanagudi,Quick Bites,"Masala Poori, Rumali Roti, Sandwiches, Chaat, Burgers","South Indian, Fast Food, North Indian, Desserts",300,Dine-out,Banashankari
South Kitchen,Yes,No,4.3/5,275,Basavanagudi,Quick Bites,"Kharabath, Crispy Vada, Filter Coffee, Idli Vada, Idli Chutney, Kesari Bath, Gulab Jamun",South Indian,100,Dine-out,Banashankari
Upahara Darshini,No,No,4.2/5,254,Basavanagudi,Quick Bites,"Masala Dosa, Vada, Set Dosa, Filter Coffee, Raita, Idli Sambar, Crispy Dosa",South Indian,150,Dine-out,Banashankari
Mahalaxmi Tiffin Room,No,No,4.1/5,177,Basavanagudi,Quick Bites,"Filter Coffee, Rava Idli, Kali Dosa, Carrot Halwa, Idli Vada, Vada Sambar, Bonda",South Indian,100,Dine-out,Banashankari
Starlite Bakery & Fastfood,Yes,No,3.7/5,23,Jayanagar,Quick Bites,,"North Indian, Chinese, Rolls, Bakery, Arabian, Charcoal Chicken, Desserts",300,Dine-out,Banashankari
Sandwichwallas,Yes,No,4.0/5,132,Basavanagudi,Quick Bites,"Sandwiches, Veg Burger, Pizza Sandwich, Burgers, French Fries, Wedges, Club Sandwich",Fast Food,200,Dine-out,Banashankari
J K Fish Land,Yes,No,3.6/5,35,Jayanagar,Quick Bites,,"Seafood, Mangalorean",300,Dine-out,Banashankari
Udupi Grand,Yes,No,3.8/5,74,Basavanagudi,Quick Bites,"Coffee, Masala Dosa, Vegetable Biryani","South Indian, North Indian, Chinese",300,,
 'RATED\n  Very nice place and really friendly staff... I did go here 5 (during different days of the week and time) before posting my review. The best part is the quality and quantity of food. But parking is a problem, I suggest you avoid taking your car.'), ('Rated 3.5'," """"RATED\n  Located at Prime area in Basavangudi near South End", went here for lunch, ('Rated 3.5', 'RATED\n  This place servers multi cusines, South Indian, north Indian, Chinese food. Well maintained hygiene throughout the restaurant. Good for morning breakfast, fast service, pocket friendly
Chinese Square,Yes,No,3.9/5,38,Basavanagudi,Quick Bites,,Chinese,200,Dine-out,Banashankari
Castle Rock,Yes,No,3.6/5,172,Uttarahalli,Casual Dining,Biryani,"North Indian, Chinese",700,Dine-out,Banashankari
Swadd Kitchen,Yes,No,3.4/5,4,Basavanagudi,Casual Dining,,"North Indian, Fast Food",500,Dine-out,Banashankari
Right Pizza,Yes,No,NEW,0,Basavanagudi,Quick Bites,,Pizza,300,Dine-out,Banashankari
Kamat Bugle Rock,Yes,No,3.9/5,543,Basavanagudi,Quick Bites,"Jowar Roti, Buttermilk, Jolada Rotti, Brinjal Curry, Coffee, Pongal, Vegetable Biryani","South Indian, Fast Food",300,Dine-out,Banashankari
Basavanagudi Mylari,No,No,4.0/5,52,Basavanagudi,Quick Bites,"Coffee, Idli, Masala Dosa, Sagu Dosa, Kesari Bath, Kharabath, Plain Dosa",South Indian,300,Dine-out,Banashankari
RS Shiv Sagar,No,No,3.7/5,217,Basavanagudi,Casual Dining,"Chaat, Brownie, Onion Rings, Tomato Soup, Paneer Manchurian, Thali, Faluda","North Indian, Chinese, South Indian, Fast Food, Juices",450,Dine-out,Banashankari
New Prashanth Hotel,No,No,2.9/5,34,Basavanagudi,Casual Dining,,"South Indian, Biryani, Chinese, North Indian",750,Dine-out,Banashankari
Shrinidhi Military Hotel,No,No,3.3/5,6,Basavanagudi,Quick Bites,,"North Indian, Mughlai",300,Dine-out,Banashankari
Dakshin Kitchen,Yes,No,3.6/5,15,Basavanagudi,Quick Bites,,South Indian,100,Dine-out,Banashankari
Pramukh Family Restaurant,No,No,3.9/5,111,Basavanagudi,Casual Dining,"Murgh Ghee Roast, Malai Kofta, Butter Chicken, Donne Biryani, Cocktails, Palak Rice, Masala Peanuts","North Indian, Chinese, Mughlai",700,Dine-out,Banashankari
Chaatimes,Yes,No,3.8/5,133,Basavanagudi,Quick Bites,"Dabeli, Faluda, Masala Poori, Sandwiches, Tokri Chaat, Pav Bhaji, Dahipuri","Street Food, Fast Food",200,Dine-out,Banashankari
Vybhava,No,No,3.8/5,39,Jayanagar,Quick Bites,"Masala Dosa, Idli, Vada Sambar","South Indian, North Indian",250,Dine-out,Banashankari
Shree Venkateshwara North Karnataka Hotel,No,No,4.0/5,64,Basavanagudi,Quick Bites,"Buttermilk, Jolada Rotti",South Indian,200,Dine-out,Banashankari
Kadamba Classic,No,No,3.6/5,16,Mysore Road,Quick Bites,,South Indian,300,Dine-out,Banashankari
Food Geek,Yes,No,3.8/5,25,Basavanagudi,Quick Bites,,"Sandwich, Fast Food, Rolls",350,Dine-out,Banashankari
Rosewood International Hotel - Bar & Restaurant,No,No,3.6/5,8,Mysore Road,Casual Dining,,"North Indian, South Indian, Andhra, Chinese",800,Dine-out,Banashankari
Anand Sagar Inn,No,No,3.3/5,6,Basavanagudi,Casual Dining,,"South Indian, North Indian, Chinese",450,Dine-out,Banashankari
Sangam Military Hotel,No,No,3.2/5,14,Jayanagar,Quick Bites,,South Indian,250,Dine-out,Banashankari
Kholi Mane,No,No,3.6/5,46,Basavanagudi,Quick Bites,,"Andhra, South Indian, Biryani, North Indian",450,Dine-out,Banashankari
Harshi Super Sandwich,No,No,3.8/5,148,Basavanagudi,Quick Bites,"Sandwiches, Chocolate Sandwich, Chaat, Veg Cheese Sandwich, Chilli Cheese, Corn Sandwich","Fast Food, Street Food",150,Dine-out,Banashankari
Hotel Pork Paradise,Yes,No,3.7/5,21,Mysore Road,Quick Bites,,South Indian,300,Dine-out,Banashankari
Pallavi Bar & Restaurant,No,No,NEW,0,Mysore Road,"Casual Dining, Bar",,"North Indian, South Indian, Chinese",550,Dine-out,Banashankari
Belly Squad Food Truck,No,No,3.8/5,55,South Bangalore,Food Truck,"Biryani, Momos, Rolls","Chinese, Rolls, Biryani, Momos",300,Dine-out,Banashankari
Tejas Bar and Restaurant,No,No,,0,Nagarbhavi,Casual Dining,,"Chinese, South Indian",800,Dine-out,Banashankari
Old Days North Indian Restaurant,No,No,,0,Basavanagudi,Casual Dining,,North Indian,450,Dine-out,Banashankari
New Rajadhani Spicy,Yes,No,3.7/5,67,Kumaraswamy Layout,Casual Dining,,North Indian,700,Dine-out,Banashankari
Matru Sagar,Yes,No,3.7/5,31,Mysore Road,Quick Bites,,"South Indian, North Indian",300,Dine-out,Banashankari
Sri Udupi Veg,No,No,3.3/5,4,Jayanagar,Quick Bites,,South Indian,250,Dine-out,Banashankari
50-50 EATING HOUSE,No,No,3.2/5,4,Basavanagudi,Quick Bites,,"South Indian, Biryani",100,Dine-out,Banashankari
Aahar Cafe,No,No,,0,Basavanagudi,Quick Bites,,South Indian,100,Dine-out,Banashankari
Om Shiva Shakthi Chats Centre,No,No,3.9/5,26,Basavanagudi,Quick Bites,,"Street Food, Fast Food",300,Dine-out,Banashankari
Juice Junction Food Court,Yes,No,3.7/5,57,Basavanagudi,Quick Bites,,"Juices, South Indian, Chinese, Fast Food",200,Dine-out,Banashankari
Burger King,Yes,No,3.2/5,71,Basavanagudi,Quick Bites,,"Burger, Fast Food, Beverages",600,Dine-out,Banashankari
Inchara Restaurant,Yes,No,,0,Basavanagudi,Quick Bites,,"North Indian, Chinese",300,Dine-out,Banashankari
Rolls Corner,No,No,3.6/5,22,Basavanagudi,Quick Bites,,"Fast Food, Rolls",150,Dine-out,Banashankari
Charisma's Matru Sagar,No,No,,0,Mysore Road,Quick Bites,,"South Indian, Chinese",150,Dine-out,Banashankari
New Ambur Hot Dum Biryani,No,No,3.2/5,8,Mysore Road,Quick Bites,,Biryani,150,Dine-out,Banashankari
Sticke2Waffles,No,No,NEW,0,Basavanagudi,Quick Bites,,"South Indian, Fast Food",100,Dine-out,Banashankari
Nimmoora Thindi,No,No,,0,Mysore Road,Quick Bites,,"North Indian, South Indian",400,Dine-out,Banashankari
Oasis Food Center,No,No,,0,Basavanagudi,Quick Bites,,Fast Food,150,Dine-out,Banashankari
Godumana Moddha Hotel,No,No,,0,Mysore Road,Quick Bites,,Biryani,250,Dine-out,Banashankari
Akash Gowdru Biryani Center,No,No,,0,Uttarahalli,Quick Bites,,"North Indian, Chinese",300,Dine-out,Banashankari
New Sri Udupi Restaurant,No,No,,0,Jayanagar,Quick Bites,,"North Indian, South Indian, Chinese, Beverages, Fast Food",200,Dine-out,Banashankari
Shri Vinayaka Ice N Juice,Yes,No,3.2/5,11,Basavanagudi,Quick Bites,,"Beverages, Fast Food",150,Dine-out,Banashankari
Happy Chopsticks,Yes,No,3.6/5,17,Basavanagudi,Quick Bites,,"Chinese, Fast Food",300,Dine-out,Banashankari
Ambur Dum Biriyani,No,No,NEW,0,Basavanagudi,Quick Bites,,Biryani,160,Dine-out,Banashankari
Food Plaza,No,No,NEW,0,Basavanagudi,Quick Bites,,"South Indian, North Indian, Chinese",150,Dine-out,Banashankari
Jcubez,No,Yes,3.8/5,977,Banashankari,Lounge,"Beer, Chicken Wings, Chilli Chicken, Onion Rings, Fries",Finger Food,1300,Drinks & nightlife,Banashankari
Gustoes Beer House,No,No,4.1/5,868,Banashankari,Pub,"Beer, Wedges, Pizza, Nachos, Salads, Papaya Salad, Buffalo Wings","Continental, Italian, Mexican, North Indian, Chinese, Steak",1200,Drinks & nightlife,Banashankari
Blue Wings Bar & Restaurant,No,No,3.7/5,43,Banashankari,"Bar, Casual Dining",,"North Indian, Chinese",700,Drinks & nightlife,Banashankari
Vi Ra's Bar and Restaurant,No,No,3.3/5,62,Banashankari,Bar,Chilli Chicken,"South Indian, North Indian, Chinese",800,Drinks & nightlife,Banashankari
K27 - The Pub,No,No,3.1/5,30,Banashankari,Bar,,"Chinese, North Indian",1000,Drinks & nightlife,Banashankari
Linnet Bar & Restaurant,No,No,,0,Banashankari,Bar,,"Fast Food, Finger Food",500,Drinks & nightlife,Banashankari
Darbar,No,No,3.0/5,98,Banashankari,Bar,"Paneer Tikka, Dal Kichadi, French Fries","North Indian, Chinese",800,Drinks & nightlife,Banashankari
Soho Bar & Grill,No,No,2.7/5,377,Basavanagudi,Pub,"Thai Chicken, Chicken Lollipop, Cocktails, Jeera Rice, Rolls, Draught Beer, French Fries","North Indian, Chinese, Thai",1100,Drinks & nightlife,Banashankari
Deja Vu Resto Bar,Yes,Yes,4.4/5,2487,Bannerghatta Road,Pub,"Gajar Ka Halwa, Chilli Chicken, Hara Bhara Kebab, Custard, Brownie, Sev Puri, Pasta","North Indian, Italian",900,,
 'RATED\n  DÃƒÂƒ\x83ÃƒÂ‚\x83ÃƒÂƒ\x82ÃƒÂ‚\x83ÃƒÂƒ\x83ÃƒÂ‚\x82ÃƒÂƒ\x82ÃƒÂ‚Ã‚Â©jÃƒÂƒ\x83ÃƒÂ‚\x83ÃƒÂƒ\x82ÃƒÂ‚\x83ÃƒÂƒ\x83ÃƒÂ‚\x82ÃƒÂƒ\x82ÃƒÂ‚\xa0 vu, well the name looks interesting and so is the place. Located off the Bannerghatta Rd. in Gopalan Innovation Mall. Look and feel will give you a cocktail feeling. Bar & Buffet is something cool here. Ambience is good.\n\nWe have had booked the table for a team lunch, staffs were courteous to have us arranged the table before hand and were friendly too. Coming to the food part. As usual starters were amazing apart from the prawn dish, which needed some work on it. Coming to the main course and deserts were decent not much of a choice. I would personally jump on to the starters than to prefer main course.\n\nHowever, overall experience was good. Hope my next time goes well.\n\nKeep feeding!\nCheers! ?'), 'RATED\n  DÃƒÂƒ\x83ÃƒÂ‚\x83ÃƒÂƒ\x82ÃƒÂ‚\x83ÃƒÂƒ\x83ÃƒÂ‚\x82ÃƒÂƒ\x82ÃƒÂ‚Ã‚Â©jÃƒÂƒ\x83ÃƒÂ‚\x83ÃƒÂƒ\x82ÃƒÂ‚\x83ÃƒÂƒ\x83ÃƒÂ‚\x82ÃƒÂƒ\x82ÃƒÂ‚\xa0 Vu is one place with a cool cinema theme based interiors with live screening!\nBuffet & Bar is their specialty and we went for the dinner buffet & the spread of starters,main course and desserts was great and taste of the food and desserts was delicious and service was top notch & totally worth the price!\nBuffet Included:\n\nSalads:\nÃƒÂƒ\x83ÃƒÂ‚\x83ÃƒÂƒ\x82ÃƒÂ‚\x82ÃƒÂƒ\x83ÃƒÂ‚\x82ÃƒÂƒ\x82ÃƒÂ‚\x95 1 Non-Veg\nÃƒÂƒ\x83ÃƒÂ‚\x83ÃƒÂƒ\x82ÃƒÂ‚\x82ÃƒÂƒ\x83ÃƒÂ‚\x82ÃƒÂƒ\x82ÃƒÂ‚\x95 5 Veg\nStarters:\nÃƒÂƒ\x83ÃƒÂ‚\x83ÃƒÂƒ\x82ÃƒÂ‚\x82ÃƒÂƒ\x83ÃƒÂ‚\x82ÃƒÂƒ\x82ÃƒÂ‚\x95 6 Veg Includes Pizza\nÃƒÂƒ\x83ÃƒÂ‚\x83ÃƒÂƒ\x82ÃƒÂ‚\x82ÃƒÂƒ\x83ÃƒÂ‚\x82ÃƒÂƒ\x82ÃƒÂ‚\x95 4 Non-Veg\nSoups:\nÃƒÂƒ\x83ÃƒÂ‚\x83ÃƒÂƒ\x82ÃƒÂ‚\x82ÃƒÂƒ\x83ÃƒÂ‚\x82ÃƒÂƒ\x82ÃƒÂ‚\x95 1 Veg\nÃƒÂƒ\x83ÃƒÂ‚\x83ÃƒÂƒ\x82ÃƒÂ‚\x82ÃƒÂƒ\x83ÃƒÂ‚\x82ÃƒÂƒ\x82ÃƒÂ‚\x95 1 Non-Veg\nLive Counters - Chaat & Pasta\nMain Course:\nÃƒÂƒ\x83ÃƒÂ‚\x83ÃƒÂƒ\x82ÃƒÂ‚\x82ÃƒÂƒ\x83ÃƒÂ‚\x82ÃƒÂƒ\x82ÃƒÂ‚\x95 5 Veg\nÃƒÂƒ\x83ÃƒÂ‚\x83ÃƒÂƒ\x82ÃƒÂ‚\x82ÃƒÂƒ\x83ÃƒÂ‚\x82ÃƒÂƒ\x82ÃƒÂ‚\x95 2 Non-Veg\nÃƒÂƒ\x83ÃƒÂ‚\x83ÃƒÂƒ\x82ÃƒÂ‚\x82ÃƒÂƒ\x83ÃƒÂ‚\x82ÃƒÂƒ\x82ÃƒÂ‚\x95 1 Dal\nÃƒÂƒ\x83ÃƒÂ‚\x83ÃƒÂƒ\x82ÃƒÂ‚\x82ÃƒÂƒ\x83ÃƒÂ‚\x82ÃƒÂƒ\x82ÃƒÂ‚\x95 1 Pasta\nÃƒÂƒ\x83ÃƒÂ‚\x83ÃƒÂƒ\x82ÃƒÂ‚\x82ÃƒÂƒ\x83ÃƒÂ‚\x82ÃƒÂƒ\x82ÃƒÂ‚\x95 1 Italian Veg Au Gratin\nÃƒÂƒ\x83ÃƒÂ‚\x83ÃƒÂƒ\x82ÃƒÂ‚\x82ÃƒÂƒ\x83ÃƒÂ‚\x82ÃƒÂƒ\x82ÃƒÂ‚\x95 1 Chinese Gravy\nRice & Noodles:\nÃƒÂƒ\x83ÃƒÂ‚\x83ÃƒÂƒ\x82ÃƒÂ‚\x82ÃƒÂƒ\x83ÃƒÂ‚\x82ÃƒÂƒ\x82ÃƒÂ‚\x95 Veg Pulao\nÃƒÂƒ\x83ÃƒÂ‚\x83ÃƒÂƒ\x82ÃƒÂ‚\x82ÃƒÂƒ\x83ÃƒÂ‚\x82ÃƒÂƒ\x82ÃƒÂ‚\x95 Veg Biryani\nÃƒÂƒ\x83ÃƒÂ‚\x83ÃƒÂƒ\x82ÃƒÂ‚\x82ÃƒÂƒ\x83ÃƒÂ‚\x82ÃƒÂƒ\x82ÃƒÂ‚\x95 Non-Veg Biryani\nÃƒÂƒ\x83ÃƒÂ‚\x83ÃƒÂƒ\x82ÃƒÂ‚\x82ÃƒÂƒ\x83ÃƒÂ‚\x82ÃƒÂƒ\x82ÃƒÂ‚\x95 Veg Noodles\nÃƒÂƒ\x83ÃƒÂ‚\x83ÃƒÂƒ\x82ÃƒÂ‚\x82ÃƒÂƒ\x83ÃƒÂ‚\x82ÃƒÂƒ\x82ÃƒÂ‚\x95 Curd Rice\nÃƒÂƒ\x83ÃƒÂ‚\x83ÃƒÂƒ\x82ÃƒÂ‚\x82ÃƒÂƒ\x83ÃƒÂ‚\x82ÃƒÂƒ\x82ÃƒÂ‚\x95 Plain Rice\nDesserts:\nÃƒÂƒ\x83ÃƒÂ‚\x83ÃƒÂƒ\x82ÃƒÂ‚\x82ÃƒÂƒ\x83ÃƒÂ‚\x82ÃƒÂƒ\x82ÃƒÂ‚\x95 3 Indian Sweets\nÃƒÂƒ\x83ÃƒÂ‚\x83ÃƒÂƒ\x82ÃƒÂ‚\x82ÃƒÂƒ\x83ÃƒÂ‚\x82ÃƒÂƒ\x82ÃƒÂ‚\x95 1 Pastry\nÃƒÂƒ\x83ÃƒÂ‚\x83ÃƒÂƒ\x82ÃƒÂ‚\x82ÃƒÂƒ\x83ÃƒÂ‚\x82ÃƒÂƒ\x82ÃƒÂ‚\x95 1 Mousse\nÃƒÂƒ\x83ÃƒÂ‚\x83ÃƒÂƒ\x82ÃƒÂ‚\x82ÃƒÂƒ\x83ÃƒÂ‚\x82ÃƒÂƒ\x82ÃƒÂ‚\x95 1 Brownie\nÃƒÂƒ\x83ÃƒÂ‚\x83ÃƒÂƒ\x82ÃƒÂ‚\x82ÃƒÂƒ\x83ÃƒÂ‚\x82ÃƒÂƒ\x82ÃƒÂ‚\x95 Fruit\nÃƒÂƒ\x83ÃƒÂ‚\x83ÃƒÂƒ\x82ÃƒÂ‚\x82ÃƒÂƒ\x83ÃƒÂ‚\x82ÃƒÂƒ\x82ÃƒÂ‚\x95 Ice Creams'), ('Rated 4.0', 'RATED\n  Jus had a lunch , taste is good and service maintenance is average not much as expected.. should improve that.. ambience is ok.. it is top of the Gopalan mall'), soup was little watery ,can be made better. Prawn chilly was not that great as praws were too small and had lots of outer coating.Main course was good
Fattoush,Yes,Yes,4.2/5,1964,Bannerghatta Road,Casual Dining,"Mango Chiller, Fattoush, Prawn, Salads, Vegetable Biryani, Irani Chicken Tikka, Chilli Chicken","Arabian, Biryani, Chinese, Middle Eastern, Fast Food, North Indian, Mughlai, Seafood",1000,Buffet,Bannerghatta Road
Empire Restaurant,Yes,No,4.3/5,3178,Bannerghatta Road,Casual Dining,"Chicken Satay, Mutton Brain, Egg Biryani, Paneer Tikka Masala, Rolls, Lemon Chicken, Butter Chicken","North Indian, Mughlai, South Indian, Chinese",750,Buffet,Bannerghatta Road
Abhiruchi Hotel,Yes,No,3.3/5,455,Bannerghatta Road,Casual Dining,"Egg Biryani, Chicken Curry, Chicken Boneless Biryani, Chilli Chicken, Vegetable Biryani, Jeera Rice","Andhra, Biryani, North Indian, Chinese",550,Buffet,Bannerghatta Road
Tulips,No,No,3.1/5,19,Bannerghatta Road,Casual Dining,,"North Indian, South Indian, Chinese, Continental",800,Buffet,Bannerghatta Road
Barbeque Nation,No,Yes,4.7/5,3845,JP Nagar,Casual Dining,"Lunch Buffet, Goan Fish Curry, Mocktails, Chicken Biryani, Cocktails, Paan Kulfi, Pasta","North Indian, European, Mediterranean, BBQ, Kebab",1600,Buffet,Bannerghatta Road
Sattvam,No,No,4.3/5,353,JP Nagar,Casual Dining,"Noodles, Veg Buffet, Mango Juice, White Pasta, Panipuri, Thin Crust Pizza, Dal Makhani","North Indian, South Indian",1200,Buffet,Bannerghatta Road
24th Main,No,Yes,4.1/5,1234,JP Nagar,Casual Dining,"Carrot Halwa, Paneer Satay, Manchow Soup, Gajar Ka Halwa, Butter Naan, Mocktails, Tandoori Mushrooms","North Indian, South Indian, Chinese",800,Buffet,Bannerghatta Road
Zaitoon,Yes,Yes,4.1/5,1538,JP Nagar,Casual Dining,"Hummus Falafel, Gulab Jamun, Shawarma, Bbq Chicken, Mojito, Chicken Biryani, Manchow Soup","BBQ, Arabian, Chinese, North Indian, Desserts",1000,Buffet,Bannerghatta Road
Mango Greens,No,Yes,3.9/5,49,JP Nagar,Casual Dining,,"North Indian, Continental, Chinese",900,Buffet,Bannerghatta Road
Oye Amritsar,Yes,Yes,3.8/5,756,JP Nagar,Casual Dining,"Lassi, Raita, Dal Makhani, Panneer Butter Masala, Jalebi, Biryani, Paneer Tikka",North Indian,1000,Buffet,Bannerghatta Road
Melt - Eden Park,Yes,Yes,4.0/5,347,JP Nagar,Casual Dining,"Tandoori Chicken, Biryani, Paneer Tikka, Chicken Curry, Plain Rice, Cheese Naan, Malaysian Noodles","North Indian, Chinese, Thai, Mughlai, Seafood",1000,Buffet,Bannerghatta Road
Crave Bit Cafe,No,No,NEW,0,JP Nagar,Cafe,,Cafe,600,Buffet,Bannerghatta Road
Spice Code,No,Yes,4.0/5,165,JP Nagar,Casual Dining,"Fries, Lunch Buffet, Appam, Manchow Soup, Paneer Tikka, Vegetable Stew, Biryani","South Indian, North Indian, Chinese, Biryani",1000,Buffet,Bannerghatta Road
The Onyx - The HHI Select Bengaluru,No,No,3.3/5,177,JP Nagar,Casual Dining,"Chaat, Custard, Fish, Pepper Chicken, Lunch Buffet, Chicken Tikka, Salads","North Indian, Chinese, Continental",950,,
 \n\nAmbience - 4\nService  - 3.5\nQuality  - 4\n\nCost - 4'), ('Rated 4.0'," """"RATED\n  Went to Onyx for a lunch buffet. There were very limited items in the spread", 90% of which were continental.\nI loved the ambience of the place and the hospitality of the waiters. It's a relaxing place with very mild music.\nBut if you're a person that does not enjoy continental food," then I surely wouldn't recommend the lunch buffet."""")"," """"RATED\n  This place is tucked away in JP Nagar and if you don't know the area too well you might miss it since it is located inside a hotel.\n\nSo there are good things and there are bad things about this place. Lets start with good stuff first.\n\nPlace is not too crowded most of the times including on weekends", good for us bad for them :D\nYou have your privacy if you are on a date :)\n\nNow the bad side to it\n\nEven though they are never full, your food still reaches you very late and you literally have to get the attention of staff if you need something\nThey served us drinks way before they brought the starters which  is a big let down when you are in a mood to drink away the evening\nThey should improve their bar selection," too limited options\n\nFood is good I would say that so this rating is mainly because of poor service. I loved their paneer lababdar and tandoori chicken. Reason I used to frequent this place because of the proximity to my place."""")", ('Rated 3.5', 'RATED\n  HHI Select was in list for long time, until one of our Colleague treated us there\n\nLovely place
The Pavillion,No,No,2.7/5,43,JP Nagar,Casual Dining,,"North Indian, Continental, South Indian, Chinese",1000,Buffet,Bannerghatta Road
Sankranthi Veg Restaurant,Yes,No,3.0/5,102,BTM,Casual Dining,"Tea, Vada Sambar, Masala Dosa","South Indian, North Indian, Chinese",600,Buffet,Bannerghatta Road
Tisano Cafe,Yes,No,3.8/5,54,Bannerghatta Road,Cafe,,"Cafe, Fast Food, Chinese, Continental",500,Cafes,Bannerghatta Road
Cafe Kabana,No,Yes,4.0/5,200,Bannerghatta Road,Cafe,"Mocktails, Peri Peri Chicken Pizza, Wings, Pasta, English Breakfast, Fries, Jalapeno Cheeseballs","Cafe, Continental",700,Cafes,Bannerghatta Road
Butterly,Yes,No,3.9/5,102,Bannerghatta Road,Cafe,"Burgers, Sandwiches, Pizza, French Fries, Cheesecake","Cafe, Bakery, Beverages",450,Cafes,Bannerghatta Road
Cafe Conico,No,No,NEW,0,Bannerghatta Road,Cafe,,"Cafe, Beverages",600,Cafes,Bannerghatta Road
Black Mug Cafe,Yes,No,3.7/5,171,Bannerghatta Road,Cafe,Coffee,Cafe,300,Cafes,Bannerghatta Road
#refuel,Yes,No,3.7/5,37,Bannerghatta Road,Cafe,"Thick Shakes, Sandwiches, Pasta, Mocktails","Cafe, Beverages",400,Cafes,Bannerghatta Road
WAFL,Yes,No,3.9/5,40,Bannerghatta Road,Food Court,Waffles,"Cafe, Fast Food, Desserts, Beverages",400,Cafes,Bannerghatta Road
Vaho Kafe & Pressery,No,No,3.9/5,125,Bannerghatta Road,Cafe,"Salad, Chicken Curry, Peri Peri Chicken, Thai Red Curry, Momos, Chicken Satay, Pasta","Cafe, Healthy Food, Asian, Italian, North Indian, Biryani, Juices",500,,
 'RATED\n  Never again. Ordered a millet dosa and millet bisibelebath for breakfast through swiggy. After a swiggy screw-up, the food arrived after a hour. The food came in a plastic tray (am not sure how a health restaurant can send hot food in plastic). While the taste was passable, the after-effects of acidity and stomach ache were very noticeable. Typically happens with food prepared and re-cooked. Not worth the price charged.'), ('Rated 4.5', 'RATED\n  There is a common though that healthy food is not tasty and tasty food cannot be healthy, of top notch quality and great taste. This place might be a hard to locate the first time. It is right in front of IIM Bangalore, next to Big Bazaar, on the second floor. ...\nRead full post on purnisfoodblog.wordpress.com'), ('Rated 3.0', 'RATED\n  I have heard about this place and never get a chance to visit. But have ordered twice from there. Their chicken tikka roll is really good. Then tandoori chicken momo and tandoori Chilli chicken was bad.'), ('Rated 1.0', 'RATED\n  Never again. Ordered a millet dosa and millet bisibelebath for breakfast through swiggy. After a swiggy screw-up
Dreamcatcher,Yes,No,3.9/5,49,Bannerghatta Road,Cafe,"English Breakfast, Sandwiches",Cafe,600,Cafes,Bannerghatta Road
Cafe Coffee Day,No,No,3.6/5,19,Bannerghatta Road,Cafe,,"Cafe, Fast Food",900,Cafes,Bannerghatta Road
Cafe Arabica,No,No,3.8/5,69,Bannerghatta Road,"Cafe, Bakery","Coffee, French Fries, Lemon Tea, Veg Sandwich","Cafe, Bakery",700,Cafes,Bannerghatta Road
Starbucks,No,No,3.9/5,52,Bannerghatta Road,Cafe,,"Cafe, Desserts",700,Cafes,Bannerghatta Road
Smoor,Yes,No,3.6/5,18,Bannerghatta Road,Dessert Parlor,,"Desserts, Cafe, Beverages",900,Cafes,Bannerghatta Road
Kalmane Koffees,No,No,3.9/5,78,Bannerghatta Road,Cafe,"Brownie, Filter Coffee",Cafe,350,Cafes,Bannerghatta Road
Shee-Sha Cafe,No,Yes,3.6/5,39,Bannerghatta Road,"Cafe, Casual Dining",,"Cafe, North Indian, Chinese, Continental",800,Cafes,Bannerghatta Road
Brews N Bites,Yes,No,2.7/5,48,Bannerghatta Road,"Quick Bites, Cafe",Thin Crust Pizza,"Chinese, Fast Food, Cafe, Street Food, Finger Food",650,Cafes,Bannerghatta Road
D2V Cafe,No,No,3.6/5,13,Bannerghatta Road,Cafe,,Cafe,700,Cafes,Bannerghatta Road
Wellness Cafe,No,No,,0,Bannerghatta Road,Cafe,,"Cafe, Healthy Food",400,Cafes,Bannerghatta Road
Cafe Talk,No,No,3.3/5,14,Bannerghatta Road,"Cafe, Casual Dining",,"Cafe, Continental, North Indian, Bakery, Desserts",700,Cafes,Bannerghatta Road
Cafe Choco Craze,No,No,3.7/5,9,Bannerghatta Road,Cafe,,"Cafe, Fast Food, Desserts",400,Cafes,Bannerghatta Road
Healthy Smoothie,No,No,,0,Bannerghatta Road,Delivery,,"American, Bakery, Beverages, Cafe, Healthy Food, Juices, North Indian, Sandwich",300,Cafes,Bannerghatta Road
Me N U,No,No,NEW,0,Bannerghatta Road,Quick Bites,,"Finger Food, Wraps, Cafe, Continental, Healthy Food",500,Cafes,Bannerghatta Road
Slate Cafe,Yes,No,4.1/5,46,JP Nagar,Cafe,"Pasta, Sandwiches","Cafe, Sandwich, Burger",600,Cafes,Bannerghatta Road
Dialogues,No,No,4.0/5,129,JP Nagar,Cafe,"Mayo Sandwich, Pasta, Egg Sandwich, Coffee, Potato Wedges, Vegetable Noodles, Fries","Cafe, Continental",600,Cafes,Bannerghatta Road
Cafe Zuppa,Yes,No,NEW,0,JP Nagar,Cafe,,"Cafe, Pizza, Fast Food",450,Cafes,Bannerghatta Road
Mudpipe Cafe,Yes,Yes,3.9/5,727,JP Nagar,Cafe,"Coffee, Pizza, Nachos, Kit Kat Shake, Garlic Bread, Mexican Rice, Burgers","Cafe, Continental, North Indian",800,Cafes,Bannerghatta Road
Crave Bit Cafe,No,No,NEW,0,JP Nagar,Cafe,,Cafe,600,Cafes,Bannerghatta Road
TAB - Take A Break,No,No,4.1/5,521,JP Nagar,Cafe,"Pizza, Salads, Pasta, Sandwiches, Veg Quiche, Coffee, Tea","Cafe, Continental, Italian",550,Cafes,Bannerghatta Road
Biggies Burger 'n' More,Yes,No,4.1/5,203,JP Nagar,"Quick Bites, Cafe","Burgers, Mojito, Lamb Burger, French Fries, Hot Dog, Bbq Burger, Wedges","Cafe, Burger, Beverages",650,Cafes,Bannerghatta Road
Onesta,Yes,Yes,4.4/5,4381,JP Nagar,"Casual Dining, Cafe","Chicken Alfredo Pizza, Coffee Mousse, Chicken Calzone, Banana Smoothie, Butter Chicken Pizza, Chocolate Pizza, Chicken Tikka Pizza","Pizza, Cafe, Italian",600,,
 ('Rated 5.0', 'RATED\n  Very good food !! Loved the bbq pizza !! Service by Dharmendra was good !! Overall good experience the desserts were delecious specially the chocolate mousse and tarts were tasty ?'), ('Rated 4.5'," """"RATED\n  Amazing place to have some really great Italian food. Ambience is pretty good with super quick service. I tried -\nJalapeno cheeseballs which was perfectly made", chicken wrapped skewer was good but was bit on a drier side, Barbeque chicken (they add some sweet and sour cold sauce which wasn't appetizing to me else it was great) wasabi mayo chicken(spicy and great).\nFour cheese ravioli(must try) was yummmm," spinach and paneer lasagne was good (if you like a lot of spinach then go for it).\nI ended with a crostata di ricotta dessert which wasn't impressive as the pie was dry and ricotta wasn't fresh.\nAmbience - ????\nService - ?????\nFood - ????\nValue for money - ?????"""")", ('Rated 3.0', 'RATED\n  Visited this place looking at the rating and I was in for a major disappointment. While the prices are reasonable the taste of the food is not. It is average at best. Not a place for food connoisseur.'), ('Rated 4.0', ('Rated 4.0'," """"RATED\n  Great hospitality"
Cafe Potpourri,Yes,No,3.7/5,131,JP Nagar,Cafe,"Poha, Coffee, Pav Bhaji, Masala Chai, Sattu Paratha, Sandwich","Cafe, Sandwich, North Indian, Beverages, Desserts",400,Cafes,Bannerghatta Road
De Oxford Cafe,No,No,3.7/5,34,JP Nagar,Cafe,,"Cafe, Beverages, Fast Food",500,Cafes,Bannerghatta Road
Vinaya Coffee Moments,Yes,No,3.7/5,46,JP Nagar,Cafe,"Filter Coffee, Pizza, Pasta","Burger, Cafe, Desserts, Sandwich, Italian",450,Cafes,Bannerghatta Road
Brew Point,Yes,No,3.6/5,10,JP Nagar,Cafe,,"Cafe, American, Burger, Sandwich, Fast Food",500,Cafes,Bannerghatta Road
The Cravery,Yes,No,2.6/5,18,JP Nagar,Cafe,,"Continental, Burger, Beverages, Cafe, Italian, Rolls",500,Cafes,Bannerghatta Road
Cuppa,No,No,3.4/5,48,JP Nagar,Cafe,"Coffee, Potato Wedges, Tea","Cafe, Fast Food",550,Cafes,Bannerghatta Road
Anju's Cafe,No,No,3.4/5,6,JP Nagar,Cafe,,"Cafe, North Indian",600,Cafes,Bannerghatta Road
Furry Fairy Paw Paradise,No,No,,0,JP Nagar,Cafe,,Cafe,500,Cafes,Bannerghatta Road
Junkealth,No,No,,0,JP Nagar,Quick Bites,,"Healthy Food, Beverages, Cafe",300,Cafes,Bannerghatta Road
Skytouch Le Cafe,Yes,No,3.7/5,127,JP Nagar,Cafe,"Pizza, Pasta, Bubble Tea, Brownie, Pancakes, Cheesy Garlic Bread, Chocolate Waffles","Cafe, Italian, Desserts",700,Cafes,Bannerghatta Road
Woodee Pizza,Yes,No,2.7/5,85,JP Nagar,Cafe,"Pizza, Lemonade, Chilli Cheese Fries, Thick Shakes","Cafe, Pizza, Fast Food, Beverages",500,Cafes,Bannerghatta Road
Hearts Unlock Cafe,No,No,3.2/5,11,BTM,Cafe,,"Cafe, Healthy Food",500,Cafes,Bannerghatta Road
eat.fit,Yes,No,4.5/5,1178,BTM,Delivery,"Healthy Breakfast, Salads, Date Pudding, Chicken Curry, Hakka Noodles, Fruit Bowl, Dal Makhani","Healthy Food, North Indian, Biryani, Continental, Sandwich, Desserts",500,Delivery,Bannerghatta Road
Sai Abhiruchi,Yes,No,3.7/5,335,BTM,Casual Dining,"Dum Biryani, Dal Fry, Paneer Biryani","Andhra, North Indian, Biryani",800,Delivery,Bannerghatta Road
Capsicum Family Restaurant,Yes,No,3.8/5,254,BTM,Casual Dining,Mutton Biryani,"Biryani, North Indian",800,Delivery,Bannerghatta Road
Box Magic,Yes,No,3.6/5,21,Bannerghatta Road,Quick Bites,,"North Indian, South Indian, Seafood, Rolls",400,Delivery,Bannerghatta Road
Maa'r Rannaghor,Yes,No,3.8/5,20,JP Nagar,Quick Bites,,"Bengali, Chinese",400,Delivery,Bannerghatta Road
Easy Bites,Yes,No,4.1/5,63,JP Nagar,"Takeaway, Delivery","Sandwich, Crispy Chicken, French Fries","Fast Food, Sandwich",300,Delivery,Bannerghatta Road
Hiyar Majhe Kolkata,Yes,No,4.0/5,244,BTM,Quick Bites,"Radhaballavi, Biryani, Egg Noodles, Egg Roll, Fish Curry, Egg Devils, Thali","Bengali, North Indian",400,Delivery,Bannerghatta Road
Dabba Gosht,Yes,No,3.4/5,9,JP Nagar,"Takeaway, Delivery",,"Arabian, Middle Eastern",400,Delivery,Bannerghatta Road
Empire Restaurant,Yes,No,3.6/5,113,JP Nagar,"Takeaway, Delivery",,"Kerala, Seafood, South Indian, Chinese, North Indian, Charcoal Chicken, Beverages",400,Delivery,Bannerghatta Road
Punjabites,Yes,No,3.7/5,5,JP Nagar,"Takeaway, Delivery",,"North Indian, Charcoal Chicken",400,Delivery,Bannerghatta Road
Sri Lakshmi Dhaba,Yes,No,2.9/5,255,BTM,Quick Bites,"Paratha, Shahi Paneer",North Indian,250,Delivery,Bannerghatta Road
XO Belgian Waffle,Yes,No,4.5/5,549,BTM,Dessert Parlor,"Blueberry Waffles, Nutella Waffle, Hot Chocolate, Thick Shakes, Coffee, Oreo Shake, Chocolate Oreo","Desserts, Beverages",400,Delivery,Bannerghatta Road
Swadista Aahar,Yes,No,4.1/5,775,BTM,Quick Bites,"Panneer Butter Masala, Idli, Masala Dosa, Vada, Coffee, Roti, Thali","South Indian, North Indian, Chinese, Street Food",300,Delivery,Bannerghatta Road
Vegetarea,Yes,No,3.9/5,38,BTM,"Takeaway, Delivery",,South Indian,250,Delivery,Bannerghatta Road
Al-Bek,Yes,No,3.6/5,208,JP Nagar,"Takeaway, Delivery","Chicken Grill, Biryani","Biryani, North Indian, Charcoal Chicken, Chinese, Seafood, Rolls",300,Delivery,Bannerghatta Road
Aniram's,Yes,No,4.1/5,739,JP Nagar,Delivery,"Chilli Chicken, Butter Chicken, Kadhai Paneer, Hyderabadi Chicken Biryani, Jeera Rice, Ghee Rice, Chicken Masala","Chinese, North Indian",500,Delivery,Bannerghatta Road
Punjabi Nawabi,Yes,No,3.8/5,310,Bannerghatta Road,Quick Bites,"Dal Makhani, Lassi, Butter Chicken, Panneer Butter Masala, Mix Veg, Saag, Butter Naan",North Indian,400,Delivery,Bannerghatta Road
YummRajj,Yes,No,3.3/5,42,BTM,Quick Bites,,Fast Food,500,Delivery,Bannerghatta Road
Swad Punjab Da,Yes,No,4.0/5,126,BTM,Quick Bites,"Lassi, Roti, Veg Thali, Aloo Paratha, Egg Curry",North Indian,150,,
 take the left beside McDonalds's, come straight and take the right from the park to reach here.\n\nGreat thalis with different varieties will never let you get bored," trust me! Worth a try!"""")", ('Rated 4.0', 'RATED\n  Got food deliveries many times and have never been left disappointed. Even if you order for roti only, ('Rated 3.0', 'RATED\n  Your daily dose of daily meal. small & tidy place tucked away in the by lanes.\nyou will get parathas & thali meals.  The taste is okay, neither so good nor so bad. manageable for everyday eating\n\neatcapturetravel.wordpress.com'), ('Rated 4.0', 'RATED\n  If you are looking for a place for your daily meals in BTM....this is the right place....home like north Indian food....light on pocket...not a place to dine in as they have sitting of only 12 person . ... so better get your meal parcel..... taste is just perfect....perfect north Indian home food....'), super friendly staff and fresh made hot chapati. Perfect place for a simple, no fuss dinner/lunch.\n\nI used to have food here for 6 months
BOX8- Desi Meals,Yes,No,4.1/5,427,Bannerghatta Road,"Takeaway, Delivery","Paratha, Salads, Dal Makhani, Salad, Masala Lemonade, Paneer Biryani, Sandwiches","North Indian, Mughlai, Fast Food",500,Delivery,Bannerghatta Road
Roti Wala,Yes,No,4.0/5,197,BTM,Quick Bites,"Gulab Jamun, Buttermilk, Egg Bhurji, Sprout Salad, Roti",North Indian,300,Delivery,Bannerghatta Road
Midnight Mania,Yes,No,4.1/5,601,BTM,Quick Bites,"Peri Peri Chicken, Chicken Pizza, White Pasta, Kit Kat Shake","Pizza, Italian, Beverages",700,Delivery,Bannerghatta Road
Kitchens@JP Nagar,Yes,No,3.9/5,488,JP Nagar,"Takeaway, Delivery",Vegetable Biryani,"Biryani, Kerala, Mughlai, Street Food, North Indian, Chinese, South Indian, Andhra",400,Delivery,Bannerghatta Road
Krishna Kuteera,Yes,No,4.0/5,396,Bannerghatta Road,Quick Bites,"Pav Bhaji, Coffee, Set Dosa, Vada, Masala Poori","South Indian, North Indian, Chinese",400,Delivery,Bannerghatta Road
Apna Punjab,Yes,No,3.6/5,474,BTM,Quick Bites,"Thali, Egg Masala, Chole, Paratha, Roti, Butter Chicken, Paneer Manchurian","North Indian, Chinese, Fast Food",450,Delivery,Bannerghatta Road
Paratha Junction,Yes,No,2.9/5,172,BTM,Quick Bites,"Paratha, Kadai Paneer","North Indian, Chinese",300,Delivery,Bannerghatta Road
Nellore Bhojanam,Yes,No,3.1/5,175,Bannerghatta Road,Quick Bites,Biryani,Andhra,250,Delivery,Bannerghatta Road
Momoz,Yes,No,4.0/5,939,BTM,Casual Dining,"Momos, Noodles, Thukpa, Crispy Honey Chicken, Manchow Soup, Manchurian, Chicken Momo","Chinese, Momos",600,Delivery,Bannerghatta Road
Kalingas,Yes,No,3.9/5,173,BTM,Quick Bites,"Rasgulla, Mutton Kosha, Chicken Kasha, Samosa Chaat, Kheer, Veg Thali","Oriya, Fast Food",250,Delivery,Bannerghatta Road
Kanteen The Eatery,Yes,No,3.9/5,77,Bannerghatta Road,Quick Bites,"Chole Bhature, Pav Bhaji, Misal Pav",North Indian,400,Delivery,Bannerghatta Road
Kullad Cafe,Yes,No,3.9/5,326,BTM,Cafe,"Poha, Coffee, Chai, Rolls, Ginger Tea, Aloo Paratha, Elaichi Tea","North Indian, Cafe, Fast Food, Beverages",200,Delivery,Bannerghatta Road
Donne Biriyani House,Yes,No,3.3/5,212,JP Nagar,Quick Bites,"Biryani, Kshatriya Kebab","Biryani, Andhra",350,Delivery,Bannerghatta Road
Litti Twist,Yes,No,4.1/5,464,BTM,Quick Bites,"Litti, Liti Chokha, Lassi, Tea, Paratha, Thali, Chai","North Indian, Bihari",300,Delivery,Bannerghatta Road
FreshMenu,Yes,No,3.3/5,628,Bannerghatta Road,Delivery,"Rolls, Salads, Salad, Sandwiches, Pasta, Burgers, Croissants","Healthy Food, Chinese, Biryani, North Indian, Continental, Salad, American, Burger",450,Delivery,Bannerghatta Road
Shanthi Sagar,Yes,No,3.6/5,518,JP Nagar,Casual Dining,"Coffee, Mushroom Masala, Masala Dosa, Palak Paneer","South Indian, North Indian, Chinese",400,Delivery,Bannerghatta Road
Cakebuy,Yes,No,3.9/5,70,Bannerghatta Road,Dessert Parlor,Chocolate Truffle,Desserts,350,Delivery,Bannerghatta Road
Five Star Chicken,Yes,No,3.9/5,62,JP Nagar,Quick Bites,Fries,"Burger, Fast Food, Roast Chicken, Finger Food",300,Delivery,Bannerghatta Road
Poha House,Yes,No,NEW,0,BTM,Quick Bites,,Maharashtrian,200,Delivery,Bannerghatta Road
Bathinda Tandoor,Yes,No,NEW,0,BTM,Quick Bites,,North Indian,300,Delivery,Bannerghatta Road
Corner House Ice Cream,Yes,No,4.4/5,819,Jayanagar,Dessert Parlor,"Hot Chocolate Fudge, Chocolate Malt, Thick Shakes, Chocolate Nut Sundae, Ice Cream Sundae, Fudge Cake, Coffee","Ice Cream, Desserts",400,Delivery,Bannerghatta Road
Delight Food,Yes,No,2.6/5,171,BTM,Casual Dining,,"Andhra, Chinese, Biryani",450,Delivery,Bannerghatta Road
Andhra Kitchen,Yes,No,3.9/5,158,Bannerghatta Road,"Takeaway, Delivery",,"Andhra, Biryani",400,Delivery,Bannerghatta Road
Veg By Nature,Yes,No,3.4/5,14,JP Nagar,"Takeaway, Delivery",,North Indian,200,Delivery,Bannerghatta Road
Fattoush,Yes,Yes,4.2/5,1964,Bannerghatta Road,Casual Dining,"Mango Chiller, Fattoush, Prawn, Salads, Vegetable Biryani, Irani Chicken Tikka, Chilli Chicken","Arabian, Biryani, Chinese, Middle Eastern, Fast Food, North Indian, Mughlai, Seafood",1000,,
 'RATED\n  After reading a lot of reviews, i finally decided to try this place.\nThis turned out to be a pleasant surprise. We opted for the buffet which had a decent spread with a veg soup and non veg shorba, salads both veg and non veg. The starters has two varieties of chicken items along with fish. All of them tasted good. Had an amazing time here. Thank You!'), ('Rated 4.0'," """"RATED\n  Hello everyone!! I had been to Fattoush to try the Arab food festival going on der.\nFirst tried we had a mango lady", Virgin mojito. The mango lady and passion mojito is the must try mocktails here.\nCreamy chicken soup was little heavy but it's finger licking good. Don't miss it if you are a fan of soup.\nThe must try in this place is the hummus accompanied with freshly made pita bread and salad. Hummus be the first most important thing you have to try here at all seasons. I loved it.\nNow the mandi items. Chicken Kofta, ozzy chicken are top notch.\nAnd the Arab sweet platter was the perfect thing to finish the meal.\nTo sum up," Fattoush has come with a really good menu for the Arab food festival which you should not miss.\nTaste - 4.5 /5\nService - 4/5\nService - 4/5"""")", ('Rated 1.0', 'RATED\n  I was denied food , if so they should not provide the wrong information on the world wide web . Really really poor service. The waiter challenged me to go ahead n post a review he dint seem like he cared at all. People like this are the people who destroy the reputation of a establishment.'), ('Rated 4.0'
Chicken Magic,Yes,No,3.7/5,207,BTM,Quick Bites,,"Chinese, North Indian",300,Delivery,Bannerghatta Road
Behrouz Biryani,Yes,No,4.0/5,138,Bannerghatta Road,Delivery,"Gulab Jamun, Vegetable Biryani, Mint Raita",Biryani,650,Delivery,Bannerghatta Road
Abhiruchi Hotel,Yes,No,3.3/5,455,Bannerghatta Road,Casual Dining,"Egg Biryani, Chicken Curry, Chicken Boneless Biryani, Chilli Chicken, Vegetable Biryani, Jeera Rice","Andhra, Biryani, North Indian, Chinese",550,Delivery,Bannerghatta Road
Swathi Restaurant,Yes,No,3.9/5,14,JP Nagar,"Takeaway, Delivery",,"Andhra, North Indian, Chinese",400,Delivery,Bannerghatta Road
Fresh Kitchen,Yes,No,3.4/5,13,Bannerghatta Road,Casual Dining,,"North Indian, Chinese",600,Delivery,Bannerghatta Road
Hind Ka Chulah,Yes,No,3.8/5,181,Bannerghatta Road,Food Court,"Butter Chicken, Chole, Chicken Tikka, Biryani Combo, Roti, Tandoori Chicken, Naan","North Indian, Biryani",600,Delivery,Bannerghatta Road
Kuttanad,Yes,No,3.6/5,140,Bannerghatta Road,Quick Bites,,"Kerala, South Indian",200,Delivery,Bannerghatta Road
New Mahesh Friends Food Corner,Yes,No,3.2/5,44,BTM,Quick Bites,,"North Indian, Chinese",300,Delivery,Bannerghatta Road
Bohra Bohra CafÃƒÂƒÃ‚ÂƒÃƒÂ‚Ã‚ÂƒÃƒÂƒÃ‚Â‚ÃƒÂ‚Ã‚ÂƒÃƒÂƒÃ‚ÂƒÃƒÂ‚Ã‚Â‚ÃƒÂƒÃ‚Â‚ÃƒÂ‚Ã‚Â©,Yes,No,3.6/5,43,JP Nagar,Quick Bites,"Fruit Custard, Russian Cutlet",Bohri,300,Delivery,Bannerghatta Road
Pizza Hut,Yes,No,2.7/5,159,JP Nagar,Quick Bites,Prompt Service,Pizza,750,Delivery,Bannerghatta Road
Shree Krishna Sannidhi,Yes,No,3.4/5,76,Bannerghatta Road,Quick Bites,,"North Indian, Chinese",450,Delivery,Bannerghatta Road
BingeJoy!,Yes,No,3.6/5,16,JP Nagar,Kiosk,,"Biryani, Chinese, Fast Food",100,Delivery,Bannerghatta Road
Shiv Sai Hotel,Yes,No,3.5/5,74,Bannerghatta Road,Quick Bites,,North Indian,400,Delivery,Bannerghatta Road
MRA,Yes,No,3.9/5,20,BTM,"Takeaway, Delivery",,Bakery,200,Delivery,Bannerghatta Road
Beijing Bites,Yes,No,3.7/5,9,JP Nagar,"Takeaway, Delivery",,"Chinese, Thai, Momos",400,Delivery,Bannerghatta Road
A2B - Adyar Ananda Bhavan,Yes,No,4.1/5,51,JP Nagar,"Takeaway, Delivery",,"South Indian, North Indian, Chinese, Street Food",200,Delivery,Bannerghatta Road
Burj Hotel,Yes,No,3.5/5,53,Bannerghatta Road,Quick Bites,,"North Indian, Chinese",350,Delivery,Bannerghatta Road
Shaadi Ki Biryani,Yes,No,3.1/5,28,BTM,"Takeaway, Delivery",,"Biryani, North Indian, Mughlai",400,Delivery,Bannerghatta Road
Subway,Yes,No,3.2/5,166,Bannerghatta Road,Quick Bites,Salad,"Salad, Fast Food",600,Delivery,Bannerghatta Road
Madeena Hotel,Yes,No,3.9/5,50,Bannerghatta Road,Quick Bites,,"North Indian, Mughlai, Biryani",400,Delivery,Bannerghatta Road
Biryani Durbar,Yes,No,3.7/5,128,Bannerghatta Road,"Takeaway, Delivery","Chicken Biryani, Chicken Kebab","Biryani, North Indian",400,Delivery,Bannerghatta Road
Adyar Ananda Bhavan Sweets,Yes,No,,0,JP Nagar,"Takeaway, Delivery",,"Mithai, Desserts",200,Delivery,Bannerghatta Road
The Good Bowl,Yes,No,3.6/5,8,Bannerghatta Road,"Takeaway, Delivery",,"Italian, North Indian, Biryani",500,Delivery,Bannerghatta Road
Mahesh Friends Food Center,Yes,No,2.9/5,126,BTM,Quick Bites,Lassi,"Chinese, North Indian",300,,
 'RATED\n  Paneer thali is full with turmeric powder'), ('Rated 3.0', 'RATED\n  ordered 26 roti but get 24 only and butter also less this time.'), ('Rated 1.0'," """"RATED\n  Rice wasn't properly boiled and it wasn't biryani rice", ('Rated 2.0', 'RATED\n  tasteless'), ('Rated 2.0', 'RATED\n  Goody was not at all good, however considering the price I guess I cannot complain.'), ('Rated 3.0', 'RATED\n  ordered 26 roti but get 24 only and butter also less this time.')
Juice Shop,Yes,No,3.4/5,24,JP Nagar,"Takeaway, Delivery",,"Juices, Beverages, Ice Cream",150,Delivery,Bannerghatta Road
Kabab Magic,Yes,No,4.0/5,952,Jayanagar,Quick Bites,"Chicken Grill, Biryani, Shawarma Roll, Rolls, Chicken Kebab, Chicken Shwarma Roll, Pulpy Grape Juice","North Indian, Kebab, Chinese, Fast Food",400,Delivery,Bannerghatta Road
Nammura Donne Biriyani,Yes,No,3.4/5,51,Kanakapura Road,Quick Bites,,"Biryani, Fast Food",400,Delivery,Bannerghatta Road
Burger King,Yes,No,3.8/5,472,Bannerghatta Road,Quick Bites,"Burgers, Whopper Meal, Crispy Chicken, French Fries, Grilled Wings","Burger, Fast Food, Beverages",600,Delivery,Bannerghatta Road
Dadi's Dum Biryani,Yes,Yes,4.0/5,739,Bannerghatta Road,Casual Dining,"Chicken Biryani, Basmati Rice, Prawn, Tandoori Chicken, Vegetable Biryani, Galauti Kebab, Faluda","Biryani, North Indian, Mughlai",800,,
 'RATED\n  Tasteless!\n\nHad been here the other day to have our dinner. We taught to directly start with the main course so we ordered Dadi?s Special Chicken Biryani. They served us with the biryani in less time. When the waiter got the biryani at the first sight it just looked like ghee rice. It was so colourless. The biryani was bland. Only the chicken chunk had a bit of masala, but very dry and flat! There was nothing special about the biryani.\n\nNote: This rating is only for their Biryani.'), ('Rated 3.0'," """"RATED\n  Well I had good expectations from this place but turned out to be honestly a but disappointing. I tried the dadis special chicken biryani which honestly was pretty bland and not very delicious with a rather sweet taste apparently spoiling the very spicy essence of biryani. The biryani had ample of chicken pieces and quantity was good. Also tried the chilly chicken which was really good and is a try out for once! Overall I think it is mostly over rated however they don't expect spicy Andhra biryani from here!"""")", ('Rated 4.0', mutton is well cooked and soft, chicken biriyani also nice but usually mutton biriyanis in most restaurants are flop but here you can try without thinking it again. I felt biriyani side raita also some speciality here, its very tasty and different. Biriyanis will be very normal masala included and normal spicy please don?t expect typical HYD style.'), ('Rated 2.0'," """"RATED\n  This restaurant is very average. Yes.\nThe ambiance isn't great and neither is the service.\nNow I wouldn't judge a restaurant like that without tasting the food but that was a disappointment too.\nWe ordered a few starters around 4 and the waiter suggested a platter. I refused the idea because it was just 3 of us and we came to eat biryani. The waiter said that they have just introduced it and they will give us a discount. Even after rejecting it again",1,"150 is not accurate. And they gave us a very generous 10% discount.\nDisappointing food and a horrible experience."""")"
Krishna Kuteera South,Yes,No,4.0/5,117,Bannerghatta Road,Casual Dining,,"South Indian, North Indian, Chinese",500,Delivery,Bannerghatta Road
Alankrutha,Yes,No,3.9/5,255,BTM,Casual Dining,"Chicken Biryani, Hyderabadi Biryani, Dum Biryani","Andhra, Biryani, North Indian, Chinese",500,Delivery,Bannerghatta Road
Paradise,Yes,No,4.0/5,1974,JP Nagar,Casual Dining,"Kalmi Kabab, Hyderabadi Dum Biryani, Vegetable Biryani, Haleem, Supreme Mutton Biryani, Paneer Tikka, Hyderabadi Mutton Biryani","Biryani, North Indian, Kebab",800,,
" """"RATED\n  So I have had chicken here before. Had no idea about the vegetarian food. We ordered veg biryani for two and the quantity was so much 4 of us ate all of it. Heart warming lovely food with huge pieces of paneer and vegetables served with Curry and raita. It's good. Not at all disappointing for a veg biryani"""")", ('Rated 1.0'," """"RATED\n  I love biryani", but really disappointed service was pathetic, we order tandoori chicken, biryani also came very late, in biryani there is no masala it's total plain rice, when we steward to please get some masala he didn't turn to our table till end," only paradise has Brand name nothing else I'll suggest not to go jp nagar Branch."""")]""","['Veg Family Pack [Serves 3-4]', 'Egg Biryani [Serves 1-2]', 'Royal Mutton Biryani [Serves 1]', 'Royal Mutton Combo{ Savings Rs 50/-}', 'Royal Chicken Combo{ Savings Rs 50/-}', 'Nizami Chicken Biryani [Serves 1-2]', 'Veg Biryani [Serves 1-2]', 'Royal Chicken Biryani [Serves 1]', 'Veg Family Pack [Serves 3-4]', 'Supreme Mutton Biryani [Serves 4-5]', 'Egg Biryani [Serves 1-2]', 'Royal Mutton Biryani [Serves 1]', 'Chicken Family Pack [Serves 3-4]', 'Special Chicken Biryani [Serves 2-3]', 'Special Mutton Biryani [Serves 2-3]', 'Mutton Family Pack [Serves 3-4]', 'Nizami Mutton Biryani [Serves 1-2]', 'Egg Biryani Meal [Serves 1]', 'Chicken Biryani meal [Serves 1]', 'Mutton Biryani Meal [Serves 1]', 'Veg Biryani Meal [Serves 1]', 'Murgh Dum Pukth', 'Murgh Toofani Tikka', 'Chicken Seekh Kebab', 'Chicken Tikka Kebab', 'Chicken Kalmi Kebab', 'Chicken Reshmi Kebab', 'Chicken Garlic Kebab', 'Tandoori Chicken', 'Murgh Gongura Kebab', 'Mutton Seekh Kebab', 'Hara Bhara Kebab', 'Delivery Platter [Chicken]', 'Bharwan Paneer Tikki', 'Paneer Tikka Kebab', 'Chicken 65', 'Kur Kure Aloo', 'Tandoori Charra', 'Paneer Tikka', 'Bharwan Paneer Tikki', 'Harabhara Kebab', 'Kadhai Paneer', 'Paneer Butter Masala', 'Dal Fry', 'Dal Makhani', 'Nizami Handi', 'Soya Keema Mutter', 'Paneer Jalfrezi', 'Kadhai Vegetables', 'Paneer Jhal Frezi', 'Kadai Vegetable', 'Palak Paneer', 'Veg Dum Biryani', 'Boneless Butter Chicken', 'Paradise Special Chicken', 'Tandoori Chicken Masala', 'Special Chicken Curry', 'Paradise Special Mutton', 'Chicken Tikka Masala', 'Chicken 65', 'Special Mutton Curry', 'Tandoori Roti', 'Butter Roti', 'Plain Naan', 'Butter Naan', 'Garlic Naan', 'Osmania Biscuit Box [500 Grams]', 'Special Kaju Biscuit Box [500 Grams]', 'Special Mixed Big Biscuits Box', 'Double ka Meetha', 'Khubani Ka Meetha', 'Gajar Ka Halwa', 'Gulab Jamun', 'Coke [750 ml]', 'Thums Up [750 ml]', 'Sprite [750 ml]', 'Biryani Raita']",,
Kabab Mehal,Yes,No,3.7/5,65,JP Nagar,Quick Bites,,"Kebab, North Indian, Fast Food, Beverages",400,Delivery,Bannerghatta Road
Mughlai Kitchen,Yes,No,3.5/5,269,BTM,,"Momos, Oreo Shake","Mughlai, North Indian, Chinese, Momos",600,Delivery,Bannerghatta Road
Andhra Ruchulu,Yes,Yes,4.2/5,1428,JP Nagar,Casual Dining,"Paneer Tikka, Bhuna Gosht, Andhra Meal, Chicken Biryani, Chicken Guntur, Chicken Sholey Kebab, Andhra Biryani","Andhra, North Indian",800,Delivery,Bannerghatta Road
Sri Punjabi Dhaba,Yes,No,3.3/5,39,BTM,Dhaba,,North Indian,400,Delivery,Bannerghatta Road
Arabian Mexico,Yes,No,3.4/5,43,Bannerghatta Road,Quick Bites,,"Fast Food, Arabian",400,Delivery,Bannerghatta Road
CakeZone,Yes,No,3.7/5,13,JP Nagar,"Takeaway, Delivery",,"Bakery, Desserts",200,Delivery,Bannerghatta Road
Fujian Express,Yes,No,3.6/5,34,JP Nagar,Quick Bites,,"Chinese, Thai",200,Delivery,Bannerghatta Road
Indian Food,Yes,No,2.9/5,345,BTM,"Takeaway, Delivery",,"North Indian, Biryani, Chinese, Momos",450,Delivery,Bannerghatta Road
Tandoori Paradise,Yes,No,3.5/5,8,BTM,Delivery,,"North Indian, Chinese",600,Delivery,Bannerghatta Road
Kolkata Kathi Rolls,Yes,No,3.8/5,23,JP Nagar,Quick Bites,,Rolls,150,Delivery,Bannerghatta Road
Adithya,Yes,No,4.0/5,332,JP Nagar,Quick Bites,"Neer Dosa, Coffee, Pav Bhaji, Khali Dosa, Panipuri, Masala Dosa, Tea","South Indian, North Indian, Chinese",300,Delivery,Bannerghatta Road
Cheesiano Pizza,Yes,Yes,4.0/5,199,JP Nagar,Quick Bites,"Pasta, Fries, Cheesiano Pizza, Veggie Pizza, Cheesy Garlic Bread, Peri Peri Paneer Pizza","Pizza, Italian",700,Delivery,Bannerghatta Road
Polar Bear,Yes,No,3.9/5,20,BTM,"Takeaway, Delivery",,"Desserts, Ice Cream",300,Delivery,Bannerghatta Road
Le Arabia,Yes,No,NEW,0,JP Nagar,Casual Dining,Chicken Biryani,"North Indian, Mughlai",600,Delivery,Bannerghatta Road
Nati Palace,Yes,No,3.5/5,11,JP Nagar,Quick Bites,,"South Indian, North Indian",200,Delivery,Bannerghatta Road
KFC,Yes,No,3.9/5,437,JP Nagar,Quick Bites,"Burgers, Wings, Fries, Rice Bowl, Popcorn Chicken, Zinger Burger, Chicken Snacker","Burger, Fast Food",400,Delivery,Bannerghatta Road
Dande's Hyderabad Biryani,Yes,No,3.8/5,207,Bannerghatta Road,Casual Dining,"Chicken Boneless Biryani, Lemon Chicken, Dum Biryani","Biryani, Andhra, North Indian",700,Delivery,Bannerghatta Road
Onesta,Yes,Yes,4.4/5,4381,JP Nagar,"Casual Dining, Cafe","Chicken Alfredo Pizza, Coffee Mousse, Chicken Calzone, Banana Smoothie, Butter Chicken Pizza, Chocolate Pizza, Chicken Tikka Pizza","Pizza, Cafe, Italian",600,,
 but the cake got mashed against each other which made the entire experience a sour one.'), ('Rated 4.0'," """"RATED\n  Incredible place. Fell in love with the pizzas and service and their happy hour prices. Truly delicious pizzas topped with great service at affordable prices. Their happy hours will literally make you happy! Try the unlimited option if you have lots of space in your stomach. Don't miss it. If you don't have a sweet tooth", do not try their tangy or sour pizzas," it could possibly ruin your taste buds."""")"," """"RATED\n  Place with a nice impressive range of pizzas and desserts"," along with nice offers from time to time ! Went for the non veg unlimited pizza offer this time and they didn't disappoint ?\n\nWould recommend the lemon cilantro fish and chicken bacon prawn pizzas.\n\nThe choco mocha cake deserves a special mention !!!\n\nWas a little disappointed that the rooftop sitting was closed..."""")", ('Rated 3.0', 'RATED\n  We ordered a few pizzas, pastas and bruschetta from this place.\nBy the time the pizzas came home they got a bit soggy and lost their crisp and taste.\nThe pastas were really good. Special mention to the makhni sauce pasta, 'RATED\n  Food - 4/5 ( Ordered assortment of cake pieces)\nDelivery - 3.5/5 ( Huge delay in delivery through Uber Eats)\nPrice - 4/5 ( Seemed reasonable)\nHygiene - 4/5\n\n\nI am otherwise I huge fan of onesta chain. But this delivery I had ordered for a special occasion and the cakes were packed in worst way in a huge pack possible. Not only the stuff was damaged but was delivered in very bad shape. Upon that despite me having given proper address and geo location, the driver was very confused on arriving where he needs to arrive.\n\nHonestly taste was not that bad
Upahara Bhavan,Yes,No,3.8/5,55,Bannerghatta Road,Quick Bites,"Masala Dosa, Idli, Coffee, Vada, Set Dosa","South Indian, North Indian, Chinese",300,Delivery,Bannerghatta Road
Sher-E-Punjab,Yes,No,3.2/5,19,BTM,Quick Bites,,"North Indian, Chinese",400,Delivery,Bannerghatta Road
Shuddh Desi Khana,Yes,No,4.0/5,597,Bannerghatta Road,Quick Bites,"Paratha, Chicken Kebab, Biryani, Lassi, Butter Chicken, Veg Kolhapuri, Pahari Chicken",North Indian,400,Delivery,Bannerghatta Road
Karama Restaurant,Yes,No,3.5/5,16,JP Nagar,"Takeaway, Delivery",,Arabian,400,Delivery,Bannerghatta Road
Jaganath Hotel and Restaurant,Yes,No,3.6/5,35,JP Nagar,Quick Bites,,"North Indian, Chinese",200,Delivery,Bannerghatta Road
Five Star Chicken,Yes,No,3.5/5,9,Bannerghatta Road,Quick Bites,,"Fast Food, Beverages",250,Delivery,Bannerghatta Road
Sankranthi Veg Restaurant,Yes,No,3.0/5,102,BTM,Casual Dining,"Tea, Vada Sambar, Masala Dosa","South Indian, North Indian, Chinese",600,Delivery,Bannerghatta Road
Aramane Donne Biriyani,Yes,No,3.9/5,189,BTM,Quick Bites,"Egg Biryani, Donne Biryani","Biryani, Fast Food",300,,
 'RATED\n  Biryani comes with the manner one would expect: authentic style and taste. Quantity is good and quality is standard.\n\nTheir starters are worth trying especially Ghee Roast. Have tried their kabab as well and it did not disappoint me.\n\nHowever they need to work on their ambience.'), ('Rated 3.5'," """"RATED\n  Yet another place close to my office meaning it was bound to be one of our lunch spots sooner or later. They serve Donne Biryani with a selection of side dishes. I found the Biryani to be quite dry", maybe it is supposed to be like that but I am not so sure. Need to have Donne Biryani's from some other places as well before I can comment on that, or maybe I am spoilt by the choice of Hyderabadi Biryani's available in Bangalore. Anyways, well that was on another level all together.\n\nI found the side dishes here to he very rich and each side dish had a distinct taste which might not be the case at many other places. Their 65 tasted like a 65 and their ghee roast tasted like how a ghee roast should taste.\n\nEven though the place is called Aramane Donne Biryani," I felt that the side dishes were the real stars here. Do not miss out on any of their side dishes if you happen to visit this place!"""")", ('Rated 3.5'," """"RATED\n  Small place which serves delicious biryani in a Dona/leaf bowl. Great value for money. Other non veg starters are also delicious. Service is prompt. Don't have too much expectations from the ambience."""")", ('Rated 5.0'," """"RATED\n  Good donne biryani's\n\nPricing is very affordable.\n\nTried Egg Biryani & chicken dum biryani.\nThey were quite good.\n\nNot much starters options though"""")", ('Rated 4.5'
Cafe Potpourri,Yes,No,3.7/5,131,JP Nagar,Cafe,"Poha, Coffee, Pav Bhaji, Masala Chai, Sattu Paratha, Sandwich","Cafe, Sandwich, North Indian, Beverages, Desserts",400,Delivery,Bannerghatta Road
Mani's Dum Biryani,Yes,No,4.2/5,373,JP Nagar,Casual Dining,"Paneer Biryani, Raita, Gulab Jamun, Vegetable Biryani, Dum Biryani, Chicken Boneless Biryani, Chicken Kebab Biryani","Biryani, Kebab",750,Delivery,Bannerghatta Road
Amontron,Yes,No,3.9/5,435,BTM,Casual Dining,"Katla Kalia, Basanti Pulao, Biryani, Aloo Posto, Mutton Kosha, Ilish, Mutton Dak Bunglow",Bengali,650,Delivery,Bannerghatta Road
A M Biryani Hotel,Yes,No,3.3/5,6,Bannerghatta Road,Quick Bites,,"North Indian, Chinese, Biryani, Fast Food",300,Delivery,Bannerghatta Road
Birinz,Yes,No,4.1/5,292,BTM,Casual Dining,"Chicken Boneless Biryani, Hyderabadi Biryani, Egg Chilli, Tomato Soup, Mutton Biryani, Butter Chicken Biryani, Paneer Biryani","Biryani, Chinese, Mughlai, Fast Food, Kebab",700,,
" cinnamon and bay leaves.\nAnother interesting fact about this place is that they use firewood to cook their biryani.\nI highly recommend this place for some good and affordable biryani.\nWe tried -\nPaneer Biryani\nReddy's Special Biryani\nGhonghura Biryani\nChicken biryani\nChicken shorba\nChicken Cashew Fry\nPapad chicken\nAndhra style Chicken"""")", ('Rated 5.0'," """"RATED\n  This place has a lot of options on biryani. Visited this place once recently and loved their service and ambience. But just yesterday got it delivered home. I'm glad they delivered the food from btm layout to Vijaynagar. Their packing was excellent. Their biryanis are cooked on firewood which amplifies the taste. I ordered\n? Chicken Maharaja - Excellent. It consisted of bell peppers "," onion and chillies.\n? Hyderbadi dum biryani - Very good. The pieces were perfectly marinated and the rice was flavoured with spices. This biryani is a must try and is for people who love spicy food.\n? Reddy's biryani - Very good.This biryani rice is topped with Andhra gravy and is less spicy when compared to Hyderbadi dum biryani."""")", ('Rated 5.0', each variant is lavished with aromatic whole spices such as clove," cinnamon and bay leaves.\nAnother interesting fact about this place is that they use firewood to cook their biryani.\nI highly recommend this place for some good and affordable biryani.\nWe tried -\nPaneer Biryani\nReddy's Special Biryani\nGhonghura Biryani\nChicken biryani\nChicken shorba\nChicken Cashew Fry\nPapad chicken\nAndhra style Chicken"""")", ('Rated 5.0'," """"RATED\n  This place has a lot of options on biryani. Visited this place once recently and loved their service and ambience. But just yesterday got it delivered home. I'm glad they delivered the food from btm layout to Vijaynagar. Their packing was excellent. Their biryanis are cooked on firewood which amplifies the taste. I ordered\n? Chicken Maharaja - Excellent. It consisted of bell peppers "," onion and chillies.\n? Hyderbadi dum biryani - Very good. The pieces were perfectly marinated and the rice was flavoured with spices. This biryani is a must try and is for people who love spicy food.\n? Reddy's biryani - Very good.This biryani rice is topped with Andhra gravy and is less spicy when compared to Hyderbadi dum biryani."""")", each variant is lavished with aromatic whole spices such as clove," cinnamon and bay leaves.\nAnother interesting fact about this place is that they use firewood to cook their biryani.\nI highly recommend this place for some good and affordable biryani.\nWe tried -\nPaneer Biryani\nReddy's Special Biryani\nGhonghura Biryani\nChicken biryani\nChicken shorba\nChicken Cashew Fry\nPapad chicken\nAndhra style Chicken"""")"
Just Shawarma,Yes,No,3.6/5,137,Bannerghatta Road,Quick Bites,"Fries, Whole Meat Shawarma",Arabian,300,Delivery,Bannerghatta Road
Hyderabadi Bawarchi,Yes,No,3.2/5,133,Bannerghatta Road,Casual Dining,"Raita, Vegetable Biryani, Hyderabadi Biryani, Chicken Curry, Chicken Biryani","North Indian, Chinese, Biryani",500,,
 'RATED\n  A wide menu. Okay food. Most of the items are on the spicy side. The gravy items are poor and have too much oil. The dry veggie and non veggie starters are okay.'), ('Rated 3.5'," """"RATED\n  Their Chicken starters are very good"," all other dishes are good... I expected biryani also in the same way but it's not up to my expectations biryani is good but not the best when compared to original Hyderabad biryanis ambiance is average. over all recommended value for money..."""")", ('Rated 1.0', I don't think I have the energy to do anything other than to write here.\n\nDONT EVER ORDER FROM THIS PLACE UNLESS YOU WANNA KNOW WHAT THE PLAGUE FEELS LIKE. The food is not just bad," its toxic. The chilly chicken that I had ordered was filled to the brim with oil coz they wanted to mask the stench of the rotten pieces of chicken that were inside. I took one bite to realize I'd have to be at the cleaners for a long time if I were to ingest that. \n\nThis is notwithstanding the horrible customer service over there. The guy at the counter couldn't care less that a customer was at the desk.\n\nSomeone please sue these guys already."""")", ('Rated 3.5', 'RATED\n  Biryani is not bad (the chicken one, mutton is generally not good in the South). Its underrated, ('Rated 1.0', 'RATED\n  Address and name looks deceptively similar to Hyderabad Biryani House and its very easy to get confused. The veg biryani I ordered never looked and did not taste even remotely to a dish called biryani. It was possibly a distant cousin of the Indian Pulao
Fish Chain,Yes,No,3.9/5,37,JP Nagar,"Takeaway, Delivery",Fish Curry,"Seafood, BBQ, Biryani",250,Delivery,Bannerghatta Road
Prasiddhi Food Corner,Yes,No,3.7/5,170,JP Nagar,Quick Bites,Coffee,"Fast Food, North Indian, South Indian",200,Delivery,Bannerghatta Road
Biriyani Bhatti,Yes,No,3.7/5,21,BTM,Quick Bites,,"Chinese, Hyderabadi, North Indian",400,Delivery,Bannerghatta Road
Hyderabad Biryaani House,Yes,No,3.6/5,794,Bannerghatta Road,Casual Dining,"Hyderabadi Biryani, Chicken Biryani, Raita, Mutton Biryani, Vegetable Biryani, Butter Chicken, Basmati Rice","Biryani, North Indian, Chinese",550,Delivery,Bannerghatta Road
Galito's,Yes,No,4.6/5,404,Bannerghatta Road,Casual Dining,"Chicken Grill, Garlic Bread, Mocktails, Burgers, Fries, Salads, Pudding","African, Burger",1000,,
 'RATED\n  Another sure shot 5 ? for me!\nThis is the place you want to go if you are sick of the every day take-out menu. The number of items may be limited, but certainly not the spice palette. In fact they even have their own range of imported sauce - sorted by level of spiciness.\nVery courteous staff and food worth every penny.'), ('Rated 5.0', 'RATED\n  The place is casual and nice... music is a little loud\nThe grilled chicken was yummy (and healthy)\nThe sides are ok... I would go with corn on cob and avoid o porto rice'), ('Rated 1.0', 2 exact pieces of cucumber and 3 pieces of tomatoes with loads of lettuce. There was no salad dressing and the way the lettuce was cut is so appalling. How you have a 4+ rating on Zomato baffles me. And all of this for some ?270+. Not ordering from here again!'), ('Rated 4.0', 'RATED\n  Saw this place a couple of times at vega city mall but never had the time to visit . I did today and totally amazed by the taste . Yummy chicken wraps . Good salads . And the grilled chicken was super delicious .'), ('Rated 5.0', 'RATED\n  Another sure shot 5 ? for me!\nThis is the place you want to go if you are sick of the every day take-out menu. The number of items may be limited, 'RATED\n  The place is casual and nice... music is a little loud\nThe grilled chicken was yummy (and healthy)\nThe sides are ok... I would go with corn on cob and avoid o porto rice'), ('Rated 1.0'
C. K. Mega Hot Food,Yes,No,3.9/5,100,BTM,Casual Dining,,"Chinese, Momos",600,Delivery,Bannerghatta Road
Lassi Shop,Yes,No,3.9/5,38,JP Nagar,Beverage Shop,,"Beverages, Ice Cream, Fast Food",300,Delivery,Bannerghatta Road
Red Chilli Restaurant,Yes,No,3.2/5,93,Bannerghatta Road,Quick Bites,,"North Indian, Chinese",350,Delivery,Bannerghatta Road
RSS Donne Biryani,Yes,No,3.3/5,58,BTM,Quick Bites,,Biryani,300,Delivery,Bannerghatta Road
Rajdhani Thali Restaurant,Yes,Yes,3.9/5,561,Bannerghatta Road,Casual Dining,"Mango Lassi, Dhokla, Khichda, Kesaria Lassi, Rajdhani Thali, Rabri, Buttermilk",North Indian,900,Delivery,Bannerghatta Road
PHEW (Play Hard Eat Wild),Yes,Yes,3.9/5,486,BTM,Cafe,"Noodles, Shawarma, Brownie, Chicken Nachos, Veg Platter, Manchurian, Onion Rings","Continental, Lebanese, Middle Eastern, North Indian, Chinese, BBQ, Cafe",700,Delivery,Bannerghatta Road
New Kabab Zone,Yes,No,3.6/5,102,Bannerghatta Road,Quick Bites,,"North Indian, Chinese, Biryani, Rolls",500,,
" which was irritating. The roomali roti felt raw. I had loose motions next morning :(\nSo I'm not coming back here."""")", ('Rated 1.5', 'RATED\n  If you want to see a typical example of bad restaurant, then this is the place to go. I will cut short, in order not to waste time on this, chicken hyderabadi was very bad prepared, dal fry nevr looked like one, and the most pathetic part was the cashier, doesnt seem to be having even a little bit of manners. I am rating it 1.5 only becoz the quantity served was decent.'), ('Rated 3.5'," """"RATED\n  dis is lyk my kitchen"," bcoz its very close to where i stay..so have tried every dish of it..dere is one dish which i would like u to try is called 'dragon chicken'..its bit gravy nt more n with tandoori or rumali..i think u wud lov it."""")"
Bawarchi Paradise,Yes,No,3.5/5,89,Bannerghatta Road,Quick Bites,,"North Indian, Biryani",500,Delivery,Bannerghatta Road
Shree Udupi Grand,Yes,No,3.5/5,17,Kanakapura Road,Casual Dining,,"South Indian, Chinese, North Indian",450,Delivery,Bannerghatta Road
Chicken County Grand,Yes,No,3.9/5,320,Bannerghatta Road,Casual Dining,"Chicken Grill, Fish, Shawarma, Rolls, Tandoori Chicken, Hyderabadi Chicken, Chicken Roll","North Indian, Chinese",650,Delivery,Bannerghatta Road
Roll Over,Yes,No,4.1/5,237,JP Nagar,Dessert Parlor,"Rolls, Ice Cream Roll, Fries, Chocolate Icecreams, Banana Nutella, Chocolate Ball, Waffles","Desserts, Ice Cream, Beverages, Fast Food, Sandwich",500,Delivery,Bannerghatta Road
Darjeeling Momos & Fast Food Center,Yes,No,3.8/5,37,Bannerghatta Road,Quick Bites,,"Fast Food, Momos",250,Delivery,Bannerghatta Road
Veruthe Oru Thattukada,Yes,No,3.7/5,27,BTM,Quick Bites,,"Kerala, South Indian",400,Delivery,Bannerghatta Road
Savoury - Sea Shell Restaurant,Yes,Yes,3.9/5,1227,Bannerghatta Road,Casual Dining,"Shawarma, Biryani, Chicken Grill, Rolls, Tomato Soup, Haleem, Sea Food","Arabian, North Indian, Chinese, Seafood, Biryani, Rolls, Beverages",900,Delivery,Bannerghatta Road
Warm Oven,Yes,No,3.9/5,32,BTM,Bakery,,"Bakery, Desserts",500,Delivery,Bannerghatta Road
Firangi Bake,Yes,No,4.0/5,95,Bannerghatta Road,Delivery,Lasagne,"Mexican, Italian",600,Delivery,Bannerghatta Road
Zaitoon,Yes,Yes,4.1/5,1538,JP Nagar,Casual Dining,"Hummus Falafel, Gulab Jamun, Shawarma, Bbq Chicken, Mojito, Chicken Biryani, Manchow Soup","BBQ, Arabian, Chinese, North Indian, Desserts",1000,Delivery,Bannerghatta Road
Kundana,Yes,No,3.7/5,110,Bannerghatta Road,Casual Dining,"Lemon Chicken, Chicken Dum Biryani, Mutton Biryani","Andhra, Biryani",800,Delivery,Bannerghatta Road
Food Ka Masti,Yes,No,3.2/5,45,Bannerghatta Road,Delivery,,"North Indian, Chinese, South Indian",400,Delivery,Bannerghatta Road
The Shawarma Shop,Yes,No,4.1/5,381,BTM,Quick Bites,"Rumali Roti, Rumali Shawarma, Burgers, Shawarma Burger",Arabian,250,Delivery,Bannerghatta Road
Momo Junction,Yes,No,3.8/5,87,Bannerghatta Road,"Takeaway, Delivery",,"Fast Food, Momos",100,Delivery,Bannerghatta Road
Antilla Aromas,Yes,No,3.7/5,18,Bannerghatta Road,Dessert Parlor,,"Desserts, Ice Cream",300,Delivery,Bannerghatta Road
Faasos,Yes,No,3.9/5,251,Bannerghatta Road,Delivery,"Rolls, Sabudana Vada, Veggie Wrap, Chicken Wrap, Dal Makhani, Paneer Wrap, Meat Balls","North Indian, Biryani, Fast Food",500,Delivery,Bannerghatta Road
Punjabi Food Corner,Yes,No,3.0/5,353,JP Nagar,Quick Bites,"Kheer, Lassi, Paratha, Amritsari Kulcha, Dal Makhani, Chole Bhature, Aloo Kulcha","North Indian, Chinese, Street Food",400,Delivery,Bannerghatta Road
Mealer.in,Yes,No,4.0/5,205,JP Nagar,Delivery,"Rajma, Dal Makhani, Kadhi Chawal, Dal Tadka","North Indian, Biryani",450,Delivery,Bannerghatta Road
Pathaan Sir,Yes,No,3.9/5,183,BTM,Quick Bites,"Rolls, Momos, Paratha, Chicken Tikka Roll, Mutton Keema, Egg Roll","Fast Food, Rolls, Momos",250,Delivery,Bannerghatta Road
Cold Stone Creamery,Yes,No,3.9/5,99,Bannerghatta Road,Dessert Parlor,"Brownie, Chocolate Devotion, Icecream Cake, Cotton Candy Ice Cream, Coffee, Strawberry Smoothie","Ice Cream, Desserts",400,Delivery,Bannerghatta Road
Hari Super Sandwich,Yes,No,3.9/5,13,BTM,Quick Bites,,"Sandwich, Fast Food",100,Delivery,Bannerghatta Road
Amritsari Kulcha Land,Yes,No,4.1/5,260,JP Nagar,Quick Bites,"Lassi, Amritsari Kulcha, Punjabi Kulcha, Paneer Kulcha, Punjabi Chole, Aloo Kulcha, Paratha",North Indian,300,Delivery,Bannerghatta Road
Chokha Chowka,Yes,No,3.9/5,355,BTM,Quick Bites,"Chaat, Samosa, Thali, Sweet Lassi, Biryani, Egg Roll, Masala Paneer","North Indian, Chinese",400,Delivery,Bannerghatta Road
Gorbandh,Yes,No,4.1/5,83,BTM,Quick Bites,"Aloo Paratha, Samosa, Kachori, Poha, Chaat","Fast Food, North Indian",400,Delivery,Bannerghatta Road
Grills & Rolls,Yes,No,2.5/5,321,JP Nagar,Quick Bites,"Shawarma, Chicken Grill, Tandoori Chicken, Butter Chicken, Rolls, Chicken Tikka, Grape Juice","North Indian, Chinese, Fast Food, Rolls, Juices",400,Delivery,Bannerghatta Road
Bathinda Junction,Yes,No,3.9/5,362,BTM,Casual Dining,"Lassi, Shikanji, Dal Makhani, Makke Ki Roti, Butter Chicken, Paneer Punjabi, Chicken Curry",North Indian,600,Delivery,Bannerghatta Road
Stories,Yes,Yes,4.2/5,2166,JP Nagar,"Pub, Casual Dining","Cocktails, Pizza, Fries, Pasta, Chicken Sizzler, Mocktails, Long Island Iced Tea","American, Chinese, Continental, North Indian",1200,,
 better and spacious. Jp nagar one Is too congested, crowded and doesn't give out a rooftop feels. The food is pretty average, we mostly ordered appetizers, nachos and fries. The music was too loud for people to have a normal conversation and the service was slow. It's in a very good location though," I hope they upgraded their quality."""")", 'RATED\n  Nice ambience , good music , big screen for sports lovers .\nBira is all that you will get in beer , they have other brands on menu but is never available.Food is reasonably priced , decent in taste and good presentation. Ideal for weekend chilling.'), ('Rated 4.0'," """"RATED\n  Located in JP Nagar there's a great place that goes by the name Stories. The place is lively and has some great atmosphere. It has pretty good menu in terms of variety"
New Gongura's,Yes,No,3.7/5,43,BTM,Casual Dining,,"Andhra, Biryani, North Indian, Chinese",550,Delivery,Bannerghatta Road
Sagar Grand,Yes,No,3.8/5,30,Bannerghatta Road,Quick Bites,,"South Indian, North Indian, Chinese",300,Delivery,Bannerghatta Road
Kanti Sweets,Yes,No,4.0/5,182,JP Nagar,Sweet Shop,"Rasmalai, Pav Bhaji","Mithai, Street Food",400,Delivery,Bannerghatta Road
UBQ By Barbeque Nation,Yes,No,3.4/5,9,JP Nagar,Delivery,,"North Indian, BBQ, Biryani, Kebab",450,Delivery,Bannerghatta Road
Agarwal Food Service,Yes,No,3.8/5,265,Bannerghatta Road,Delivery,,"North Indian, Chinese, Biryani",400,Delivery,Bannerghatta Road
Daniyal's,Yes,No,3.1/5,41,BTM,Quick Bites,,"North Indian, Biryani, Mughlai, Kebab",800,Delivery,Bannerghatta Road
Seasons,Yes,Yes,3.8/5,500,Bannerghatta Road,Casual Dining,"Biryani, Sea Food, Egg Masala, Barbeque Chicken, Fish Grill, Appam, Raita","North Indian, South Indian, Chinese, Seafood, Kerala, Arabian, Juices",1000,Delivery,Bannerghatta Road
Chef Delicacies,Yes,No,3.1/5,7,JP Nagar,"Takeaway, Delivery",,"Kebab, Rolls, Charcoal Chicken",400,Delivery,Bannerghatta Road
Chung Wah,Yes,No,4.0/5,532,Bannerghatta Road,Casual Dining,"Chicken Chowmein, Chicken Manchow Soup, Clear Soup, Momos, Fried Noodles, Chop Suey, Spring Roll","Chinese, Thai, Momos, Vietnamese",800,Delivery,Bannerghatta Road
Indiana Burgers,Yes,No,3.4/5,23,BTM,Delivery,,Burger,300,Delivery,Bannerghatta Road
Moksha,Yes,No,3.6/5,42,Kanakapura Road,"Casual Dining, Bar",,"Chinese, North Indian, Andhra, South Indian",1500,Delivery,Bannerghatta Road
Marwa Restaurant,Yes,Yes,3.5/5,551,Bannerghatta Road,Casual Dining,"Kalmi Kabab, Gulab Jamun, Chicken Grill, Shawarma Roll, Vegetarian, Barbeque Chicken, Dal Fry","North Indian, Chinese, Fast Food, BBQ",600,Delivery,Bannerghatta Road
Chaatimes,Yes,No,3.9/5,100,JP Nagar,Quick Bites,,"Street Food, Fast Food",200,Delivery,Bannerghatta Road
Shanghai Court,Yes,No,4.2/5,421,Bannerghatta Road,Casual Dining,"Chicken Manchow Soup, Hunan Chicken, Pad Thai, Singapore Noodles, Dragon Rolls, Momos, Thai Red Curry","Chinese, Thai",700,Delivery,Bannerghatta Road
Akshaya Donne Biriyani,Yes,No,3.1/5,38,JP Nagar,Quick Bites,,"Biryani, South Indian, Kebab",300,Delivery,Bannerghatta Road
Sweet Truth,Yes,No,3.7/5,33,Bannerghatta Road,Bakery,,"Bakery, Desserts",500,Delivery,Bannerghatta Road
Bhojohori Manna,Yes,No,3.7/5,662,JP Nagar,Casual Dining,"Fish, Kosha Mangsho, Mishti Doi, Aam Panna, Prawn, Nolen Gurer Ice Cream, Luchi","Bengali, Mughlai",650,Delivery,Bannerghatta Road
Richie Rich,Yes,No,3.1/5,14,JP Nagar,"Takeaway, Delivery",,"Desserts, Ice Cream, Beverages",250,Delivery,Bannerghatta Road
Hunger Bee,Yes,No,3.8/5,54,Bannerghatta Road,Quick Bites,"Chicken Curry, Chicken Biryani, Jeera Rice, Paneer Biryani, Ghee Rice, Roti, Aloo Matar","Biryani, North Indian, South Indian",500,Delivery,Bannerghatta Road
Yum In My Tum,Yes,No,4.1/5,92,BTM,Quick Bites,"Momos, Manchow Soup, Pizza Sandwich, Spring Roll, Noodles, Fries, Fried Rice","Chinese, Continental, Fast Food, Healthy Food",300,Delivery,Bannerghatta Road
Maggi N Maggi House,Yes,No,3.4/5,22,Bannerghatta Road,"Takeaway, Delivery",,Fast Food,300,Delivery,Bannerghatta Road
Fresh Dinner,Yes,No,3.1/5,105,Bannerghatta Road,"Takeaway, Delivery",,"North Indian, Biryani",500,Delivery,Bannerghatta Road
B.M.W Bhookh Mitaane Wala,Yes,No,3.5/5,8,JP Nagar,Quick Bites,,"North Indian, South Indian, Chinese",500,Delivery,Bannerghatta Road
Biryani Miya,Yes,No,3.7/5,36,JP Nagar,Delivery,Chicken Biryani,"Biryani, North Indian",600,Delivery,Bannerghatta Road
Krispy Kreme,Yes,No,3.7/5,14,Bannerghatta Road,Dessert Parlor,,"Desserts, Beverages",300,Delivery,Bannerghatta Road
Paani Kum Chai,Yes,No,4.0/5,23,JP Nagar,Beverage Shop,,"Beverages, Fast Food",200,Delivery,Bannerghatta Road
Chulha Chauki Da Dhaba,Yes,No,4.2/5,2350,JP Nagar,Casual Dining,"Egg Chilli, Chilli Babycorn, Chicken Curry, Sweet Lassi, Palak Paneer, Chaach, Butter Chicken",North Indian,800,Delivery,Bannerghatta Road
Hotel Brundavan,Yes,No,NEW,0,Bannerghatta Road,Quick Bites,,"South Indian, North Indian, Chinese",250,Delivery,Bannerghatta Road
SGS Non Veg - Gundu Pulav,Yes,No,3.9/5,120,Bannerghatta Road,Quick Bites,,"Biryani, South Indian",300,Delivery,Bannerghatta Road
Dreamcatcher,Yes,No,3.9/5,49,Bannerghatta Road,Cafe,"English Breakfast, Sandwiches",Cafe,600,Delivery,Bannerghatta Road
Magix's Parattha Roll,Yes,No,3.7/5,184,BTM,Quick Bites,"Rolls, Chicken Roll, Tandoori Chicken, Biryani, Chicken Lollipop, Paratha, Chicken Grill","Fast Food, North Indian, Chinese, Mughlai, Rolls",400,,
 'RATED\n  Magix was just a road side roll corner, but now as per the pics it is now a full fledged restaurant, good place to have a quick bite for small hungers, price was good & affordable.'), ('Rated 3.5', tandoori chicken and kebabs and everything was good.Chicken roll had succulent chicken pieces cooked well and tandoori chicken  was also very well marinated and cooked.\nWould order again for sure. Keep up the good work.'), ('Rated 3.5'," """"RATED\n  A small local self servicing outlet.. Fried rice", grill chicken," non veg roles are my favs here..you can find the prices nominal.. Biriyani ll be good but it's more like a fried rice kindaof.. Not the cooked biriyani.."""")", ('Rated 3.5', 'RATED\n  One should definitely taste puply grape juice
Elegant Dining,Yes,Yes,3.6/5,225,Bannerghatta Road,Casual Dining,"Chicken Tikka, Chicken Biryani, Roti, Naan, Panneer Butter Masala","Biryani, North Indian, Chinese",700,Delivery,Bannerghatta Road
AlienSip,Yes,No,3.6/5,11,BTM,Beverage Shop,,Juices,200,Delivery,Bannerghatta Road
Masale Daan,Yes,No,,0,BTM,Quick Bites,,North Indian,350,Delivery,Bannerghatta Road
Waffle Head,Yes,No,4.0/5,35,BTM,"Dessert Parlor, Beverage Shop","Marshmallow, Chocolate Waffles","Desserts, Beverages, Bakery, Ice Cream",300,Delivery,Bannerghatta Road
Samruddhi Biryani,Yes,No,3.0/5,45,Bannerghatta Road,Delivery,,"Biryani, North Indian",700,Delivery,Bannerghatta Road
Ande Ka Funda,Yes,No,3.2/5,56,Bannerghatta Road,Quick Bites,,"North Indian, Fast Food, Rolls",250,Delivery,Bannerghatta Road
Basmati Delights,Yes,No,4.0/5,869,BTM,Delivery,"Tandoori Chicken, Mutton Biryani, Andhra Biryani, Raita, Hyderabadi Dum Biryani, Chicken Boneless Biryani, Vegetable Biryani","Biryani, Chinese, Mughlai, Fast Food, Kebab",500,Delivery,Bannerghatta Road
Charlee's Chicken,Yes,No,3.2/5,34,Bannerghatta Road,Quick Bites,,"Rolls, Chinese, Fast Food",300,Delivery,Bannerghatta Road
Samosa Singh,Yes,No,4.0/5,153,JP Nagar,Quick Bites,"Samosa, Chicken Chettinad, Murgh Makhani","Street Food, Fast Food, Rolls, Desserts",200,Delivery,Bannerghatta Road
Cravings,Yes,No,3.7/5,139,Bannerghatta Road,Quick Bites,"Malai Kofta, Sandwiches, Aloo Paratha, Chole Bhature, Panneer Butter Masala, Kulcha, Poori Chole","North Indian, Chinese, Rolls",400,Delivery,Bannerghatta Road
Nagas,Yes,No,3.1/5,10,JP Nagar,Quick Bites,,Andhra,300,Delivery,Bannerghatta Road
Thalassery Restaurant,Yes,No,NEW,0,Bannerghatta Road,Casual Dining,,"Seafood, Biryani, South Indian, North Indian, Chinese, Arabian, Kebab, Kerala",600,Delivery,Bannerghatta Road
Matka,Yes,No,3.7/5,181,Bannerghatta Road,Delivery,Biryani,"Biryani, North Indian",500,Delivery,Bannerghatta Road
Punjabi Swag,Yes,No,3.9/5,669,BTM,Casual Dining,"Lassi, Murgh Lababdar, Makke Ki Roti, Chaap, Butter Paneer, Butter Chicken, Patiala Paneer",North Indian,500,Delivery,Bannerghatta Road
Taco Bell,Yes,No,3.7/5,168,Bannerghatta Road,Quick Bites,"Tacos, Fries, Nachos, Burrito","Mexican, American, Fast Food",600,Delivery,Bannerghatta Road
Ambur Star Dum Biryani,Yes,No,3.4/5,17,Jayanagar,Quick Bites,,Biryani,100,Delivery,Bannerghatta Road
Ahmed's Little Hut,Yes,No,NEW,0,BTM,Quick Bites,,Fast Food,250,Delivery,Bannerghatta Road
Mother's Rasoi,Yes,No,3.8/5,170,Bannerghatta Road,Quick Bites,"Buttermilk, Dal Makhani, Boondi Raita, Baingan Bharta, Aloo Paratha, Roti, Thali","North Indian, Chinese, Momos",250,Delivery,Bannerghatta Road
Dosa Bazaar,Yes,No,4.0/5,112,JP Nagar,Quick Bites,"Cheese Dosa, Tea, Pizza Dosa","Street Food, South Indian",200,Delivery,Bannerghatta Road
Babu Moshai,Yes,No,3.0/5,43,Bannerghatta Road,Quick Bites,,"Fast Food, Bengali",500,Delivery,Bannerghatta Road
The Bong Palate,Yes,No,3.8/5,58,BTM,Quick Bites,"Mutton Kosha, Basanti Pulao, Chicken Biryani","Bengali, North Indian, Chinese",300,Delivery,Bannerghatta Road
Gowdru Mane Oota,Yes,No,3.7/5,80,JP Nagar,Quick Bites,,"South Indian, Andhra",400,Delivery,Bannerghatta Road
Banashankari Nati Style,Yes,No,3.6/5,8,JP Nagar,Quick Bites,,South Indian,300,Delivery,Bannerghatta Road
Upahara Darshini,Yes,No,4.0/5,167,Jayanagar,Quick Bites,"Vada, Coffee, Masala Dosa, Gulab Jamun, Roti, Idli, Tomato Soup","South Indian, North Indian, Chinese",400,Delivery,Bannerghatta Road
Chandrima's Kitchen,Yes,No,3.7/5,38,Bannerghatta Road,"Takeaway, Delivery",,"Bengali, North Indian",400,Delivery,Bannerghatta Road
Keventers,Yes,No,3.8/5,29,Bannerghatta Road,"Beverage Shop, Dessert Parlor",,"Desserts, Beverages, Ice Cream",400,Delivery,Bannerghatta Road
Bikaner Jn,Yes,No,3.9/5,85,JP Nagar,Quick Bites,"Thali, Dhokla, Samosa, Poha, Club Kachori, Paratha, Tea",Rajasthani,300,Delivery,Bannerghatta Road
Crunch Pizzas,Yes,No,2.6/5,473,BTM,Quick Bites,"Pie, Thin Crust Pizza, Cheesy Pizza, Pepperoni Pizza, Paneer Pizza","Italian, Pizza",600,,
 'RATED\n  We ordered a small Margherita pizza with extra sauce and mushrooms. It come with fresh mozzarella cheese chunks all over the pizza and the crust is crispy and moist. I loved it! We ended up finishing up the whole pizza. Can you say fatty? Burp! It was worth every last calorie.'), ('Rated 2.0'," """"RATED\n  Toppings where not exactly what it was explained in the menu. pizza's crust was not good and very thin (not as normal pizzas). No extra spices and chilli flakes provided."""")", ('Rated 5.0'," """"RATED\n  The pizza margherita is to die for. I've never tried anything else on the menu because it could not possibly top the simplicity of the pizza margherita."""")"," """"RATED\n  My god it was heaven! I do want to try their babe's demise pizza"," but I think I would have to order both the ones we ordered because the cheeseless was soooo good. We ordered for dinner time. I don't know if they would be any less busy earlier in the day."""")", ('Rated 5.0'," """"RATED\n  This would be what I call a real pizza because it doesn't leave your mouth feeling all drenched in oil (hey and sometimes that's fine too).\nGreat pizza!"""")", ('Rated 5.0'," """"RATED\n  Toppings where not exactly what it was explained in the menu. pizza's crust was not good and very thin (not as normal pizzas). No extra spices and chilli flakes provided."""")", ('Rated 5.0'
Slurpy Shakes,Yes,No,,0,BTM,Delivery,,Beverages,300,Delivery,Bannerghatta Road
Lassi Berg,Yes,No,3.4/5,13,BTM,Takeaway,,Juices,100,Delivery,Bannerghatta Road
Kakal-Kai Ruchi,Yes,No,3.7/5,217,JP Nagar,Casual Dining,"Masala Dosa, Babycorn Manchurian, Filter Coffee, Chaat, Dahipuri, Masala Papad, Raagi Dosa","North Indian, South Indian, Chinese",500,Delivery,Bannerghatta Road
Manchu Cafe,Yes,No,3.8/5,21,BTM,Quick Bites,,"Chinese, Fast Food, Asian, Beverages, Nepalese, Tibetan",300,Delivery,Bannerghatta Road
Calorie Express,Yes,No,3.6/5,192,BTM,Delivery,Chicken Sandwich,Healthy Food,450,Delivery,Bannerghatta Road
Thalis Of India,Yes,No,,0,JP Nagar,Delivery,,"South Indian, North Indian, Beverages",500,Delivery,Bannerghatta Road
BANGALORE BOX,Yes,Yes,4.2/5,611,BTM,"Casual Dining, Bar","Biryani, Chicken Bbq Wings, Mocktails, Sangria, Cocktails, Burgers, Pasta","Asian, Continental, Finger Food",1500,Delivery,Bannerghatta Road
Yummy Momos,Yes,No,3.6/5,44,Bannerghatta Road,Kiosk,,"Momos, Street Food, Fast Food, Tibetan, Chinese",200,Delivery,Bannerghatta Road
Hotel Khaaja,Yes,No,3.1/5,68,Bannerghatta Road,Quick Bites,,"Biryani, Fast Food",250,Delivery,Bannerghatta Road
The Gujarat Express,Yes,No,3.1/5,16,Bannerghatta Road,"Quick Bites, Sweet Shop",,"Street Food, Mithai, North Indian",250,Delivery,Bannerghatta Road
Ovenstory Pizza,Yes,No,4.0/5,166,Bannerghatta Road,Delivery,Cheesy Pizza,Pizza,750,Delivery,Bannerghatta Road
Slate Cafe,Yes,No,4.1/5,46,JP Nagar,Cafe,"Pasta, Sandwiches","Cafe, Sandwich, Burger",600,Delivery,Bannerghatta Road
Vishal Foods,Yes,No,3.3/5,57,Bannerghatta Road,Quick Bites,,"Chinese, North Indian, Street Food",250,Delivery,Bannerghatta Road
Lassi Darbar,Yes,No,3.5/5,11,BTM,Beverage Shop,,"Ice Cream, Juices, Beverages",200,Delivery,Bannerghatta Road
Chavadi,Yes,Yes,4.4/5,2233,Bannerghatta Road,"Casual Dining, Bar","Pizza, Cocktails, Saffron Rice, Pie, Sulemani Chai, Prawn Crackers, Waffles","Continental, North Indian, Pizza, Italian",1200,Delivery,Bannerghatta Road
Nanna Munna Paratha House,Yes,No,4.0/5,107,BTM,Quick Bites,"Paratha, Palak Paneer",North Indian,300,Delivery,Bannerghatta Road
Cucumber Town,Yes,No,4.2/5,306,BTM,Delivery,"Appam, Chicken Biryani, Kuluki Sarbat, Panneer Butter Masala, Meen Pollichathu, Vellarikka Pattanam, Sea Food","Kerala, North Indian",600,Delivery,Bannerghatta Road
Sri Sai 99 Variety Dosa,Yes,No,3.7/5,32,Bannerghatta Road,Quick Bites,,South Indian,300,Delivery,Bannerghatta Road
Artinci Artisanal Ice Cream,Yes,No,NEW,0,JP Nagar,Dessert Parlor,,"Desserts, Ice Cream",300,Delivery,Bannerghatta Road
Oye Amritsar,Yes,Yes,3.8/5,756,JP Nagar,Casual Dining,"Lassi, Raita, Dal Makhani, Panneer Butter Masala, Jalebi, Biryani, Paneer Tikka",North Indian,1000,Delivery,Bannerghatta Road
Kolkata Famous Kati Roll,Yes,No,3.5/5,11,JP Nagar,Quick Bites,,"Rolls, Chinese",200,Delivery,Bannerghatta Road
Nellore Ruchulu,Yes,No,3.7/5,30,Bannerghatta Road,Casual Dining,,"North Indian, South Indian, Chinese",800,Delivery,Bannerghatta Road
Brewsky,Yes,Yes,4.4/5,4309,JP Nagar,Microbrewery,"Pork Chops, Craft Beer, Chicken Biryani, Chowmein, Drunken Chicken Wings, Cocktails, Mocktails","Continental, American",1600,Delivery,Bannerghatta Road
Chefeana,Yes,No,4.0/5,212,Bannerghatta Road,Quick Bites,"Paratha, Chole Bhature, Lassi, Thali, Paneer Parantha",North Indian,400,Delivery,Bannerghatta Road
Bangaliana,Yes,No,2.9/5,153,Bannerghatta Road,Quick Bites,"Masala Prawn, Mutton Kosha, Thali, Mutton Curry, Luchi, Fish Cutlet, Bengali Pulao",Bengali,600,Delivery,Bannerghatta Road
Gud Dhani,Yes,No,4.0/5,827,BTM,Casual Dining,"Buttermilk, Jal-jeera, Churma, Palak Kofta, Lassi, Gulab Jamun, Dahi Bhindi",Rajasthani,500,Delivery,Bannerghatta Road
The Hunger Room,Yes,No,3.9/5,36,JP Nagar,Quick Bites,,"Continental, Sandwich, Burger, Italian, Salad, Pizza",400,Delivery,Bannerghatta Road
McDonald's,Yes,No,4.0/5,256,Bannerghatta Road,Quick Bites,"Burgers, Mocha Frappe, French Fries, Maharaja Mac, Oreo Shake, Egg Wrap","Burger, Fast Food",500,Delivery,Bannerghatta Road
Parisar Veg Restaurant,Yes,No,3.6/5,8,Bannerghatta Road,Quick Bites,,"Chinese, North Indian, South Indian",400,Delivery,Bannerghatta Road
WAFL,Yes,No,3.9/5,40,Bannerghatta Road,Food Court,Waffles,"Cafe, Fast Food, Desserts, Beverages",400,Delivery,Bannerghatta Road
Deejas Kitchen,Yes,No,3.9/5,73,Bannerghatta Road,"Takeaway, Delivery","Pothichoru, Roast Chicken, Fish Fry","South Indian, Kerala",400,Delivery,Bannerghatta Road
Pancuzzi,Yes,No,4.2/5,169,JP Nagar,Cafe,"Waffles, Burgers, Masala Fries, Crunchy Veg Burger, Tiramisu, Chocolate Pancakes, Oreo Shake","Cafe, Beverages, Desserts",600,Delivery,Bannerghatta Road
Totus,Yes,No,NEW,0,BTM,Quick Bites,,Chinese,300,Delivery,Bannerghatta Road
Zhang's - Chinese Restaurant,Yes,No,4.1/5,586,JP Nagar,Casual Dining,"Momos, Chilli Mushroom, Chop Suey, Sweet Corn Soup, Clear Soup, Hakka Noodles, Honey Chilli Potatoes","Chinese, Momos",700,Delivery,Bannerghatta Road
Shagun Sweets & Foods,Yes,No,3.5/5,221,BTM,"Sweet Shop, Quick Bites","Chaat, Chole Bhature, Raj Kachori, Thali, Rasmalai, Paratha, Pav Bhaji","Mithai, North Indian, Street Food, Chinese",400,Delivery,Bannerghatta Road
Eat Well,Yes,No,2.9/5,22,JP Nagar,Delivery,,"North Indian, Chinese",400,Delivery,Bannerghatta Road
Dev's Gugababa,Yes,No,3.5/5,177,BTM,Quick Bites,"Fish, Rasmalai, Doi Katla, Aalo Bhaja, Bhetki Paturi, Chicken Kasha, Aloo Posto","Bengali, North Indian, Chinese",500,Delivery,Bannerghatta Road
Oogway Express,Yes,No,3.9/5,347,JP Nagar,Casual Dining,"Noodles, Mocktails, Honey Chilli Potatoes, Veg Ball Manchurian, Kung Pao Chicken, Momos, Pepper Chicken","Chinese, Thai, Momos",600,Delivery,Bannerghatta Road
Domino's Pizza,Yes,No,3.0/5,347,Bannerghatta Road,Quick Bites,"Pizza, Garlic Bread","Pizza, Fast Food",800,,
 ('Rated 4.0', 'RATED\n  Good crunchy pizza... Delivery is on time but pizza should be hot in delivery which I thing bit missing sometimes but overall value for money...'), ('Rated 5.0', 'RATED\n  on time ! spot on'), ('Rated 5.0', ('Rated 5.0'," """"RATED\n  Heavenly pizzas. That's Dominos described in 2 words. Also the feeling you get when you see the Dominos delivery guy coming towards your home. Tastes great. With the bigger and better toppings and revised prices it's becoming better and better. Keep going."""")", ('Rated 2.0', 'RATED\n  late delivery'), ('Rated 4.0', 'RATED\n  on time ! spot on'), ('Rated 5.0'
Pizza Stop,Yes,No,3.9/5,385,JP Nagar,Quick Bites,"Tortilla Chips, Tabasco Pizza, Salsa, Mixed Sauce Pasta, White Sauce Pasta, Manali Pizza, Nawabi Pizza","Pizza, Italian",600,Delivery,Bannerghatta Road
Balaji Bombay Vada Pav Gujrati Dalebi,Yes,No,3.8/5,37,JP Nagar,Takeaway,,"Street Food, Sandwich",150,Delivery,Bannerghatta Road
The Cake Ville,Yes,No,3.2/5,18,JP Nagar,"Bakery, Quick Bites",,"Bakery, Desserts, Fast Food",300,Delivery,Bannerghatta Road
The Egg Factory,Yes,No,4.0/5,1305,JP Nagar,Casual Dining,"French Toast, Masala Omelette, Pasta, Egg Paratha, Caramel Custard, Biryani, Penne Alfredo","Continental, American",750,Delivery,Bannerghatta Road
Chow San,Yes,No,3.0/5,122,Bannerghatta Road,Casual Dining,Noodles,"Chinese, Thai, Momos",500,,
 ('Rated 1.0'," """"RATED\n  Horrible food it was. I have to throw the whole packet.How can the restaurant cheat customers like this I don't understand. And if you people don't know how to satisfy customers"," shut down your restaurant and stop fooling people with your worst food quality."""")", ('Rated 5.0', 'RATED\n  Ordered food from here today. It was raining cats and dogs still the food was delivered with not much delay. Appreciate the commitment of the delivery guy.')," """"RATED\n  Worst Service! Asked for veg soup and delivered Non Veg.May be this won't matter to non vegetarians as much but it's kinda poison to pure vegan."""")", ('Rated 1.0', 'RATED\n  Worst food and it smells like hell.. Very dissapointed... Please improve the food quality.. Very bad food and smells like hell specially the momos'), ('Rated 5.0', 'RATED\n  Delicious food and excellent customer service\nThe last time I Thai food, 'RATED\n  I regularly order for a good chinese food experience. They have not disappointed me. The last time they did not have a vehicle to deliver but they ensured I get my food on time by sending the delivery person on foot. I was so surprised and delighted at the same time that this kind of dedication towards customer service exists. Thank you so much chow san and thank you Madip da for not leaving me hungry.'), ('Rated 2.0'
New Udupi Grand,Yes,No,3.5/5,47,JP Nagar,Quick Bites,,"South Indian, North Indian, Chinese",300,Delivery,Bannerghatta Road
New Karawali Lunch Home,Yes,No,3.5/5,20,Bannerghatta Road,Quick Bites,,Mangalorean,350,Delivery,Bannerghatta Road
SR Choco Station,Yes,No,3.4/5,7,JP Nagar,"Takeaway, Delivery",,Desserts,200,Delivery,Bannerghatta Road
Bangalore Pantry,Yes,No,NEW,0,Bannerghatta Road,Quick Bites,,"Chinese, North Indian, Biryani, Arabian",400,Delivery,Bannerghatta Road
Momo Jojo,Yes,No,4.3/5,539,JP Nagar,Quick Bites,"Noodles, Corn Momo, Manchurian, Momo Platter, Veg Momos, Potato Momos, Tandoori Momos","Chinese, Tibetan, Momos",300,Delivery,Bannerghatta Road
Pizza Palace,Yes,No,NEW,0,Bommanahalli,Quick Bites,,"Pizza, Fast Food",300,Delivery,Bannerghatta Road
Simply Indian,Yes,Yes,3.9/5,681,Bannerghatta Road,Casual Dining,"Cocktails, Ghee Roast Mutton, Mocktails, Chicken Biryani, Malai Kofta, Chicken Chatpata, Fish","North Indian, Chinese, Seafood, Biryani, Mangalorean",800,Delivery,Bannerghatta Road
Delhi Biryani Cafe,Yes,No,3.5/5,10,BTM,Quick Bites,,"North Indian, Biryani",250,Delivery,Bannerghatta Road
Rithika's Kitchen,Yes,No,3.8/5,106,JP Nagar,Delivery,"Mutton Curry, Chicken Fry, Chicken Biryani, Chicken Curry","Biryani, South Indian, Andhra",350,Delivery,Bannerghatta Road
Punjabi Times,Yes,Yes,4.1/5,1025,Bannerghatta Road,Casual Dining,"Chicken Tikka, Kheer, Butter Chicken, Dal Makhani, Makke Ki Roti, Lassi, Paratha",North Indian,1000,Delivery,Bannerghatta Road
Tarbouche,Yes,No,NEW,0,BTM,Quick Bites,,"Turkish, Rolls",300,Delivery,Bannerghatta Road
Omleterian,Yes,No,,0,JP Nagar,Delivery,,"American, Continental",200,Delivery,Bannerghatta Road
Chai Point,Yes,No,3.6/5,132,Bannerghatta Road,"Beverage Shop, Quick Bites","Ginger Tea, Ginger Chai, Banana Cake, Masala Chai, Egg Sandwich, Vada Pav","Tea, Beverages, Fast Food",250,Delivery,Bannerghatta Road
Cafe Coffee Day,Yes,No,3.7/5,26,Bannerghatta Road,Cafe,,"Cafe, Fast Food",900,Delivery,Bannerghatta Road
Cravy Wings,Yes,No,4.2/5,289,Bannerghatta Road,Quick Bites,"Burgers, Chicken Popcorn, Peri Peri Chicken, Wings, Peri Peri Burger, Fries, Crunchy Veg Burger","American, Burger, Fast Food",400,Delivery,Bannerghatta Road
Funky Punjab,Yes,No,3.9/5,407,JP Nagar,Casual Dining,"Lassi, Chole, Palak Paneer, Chaap, Paneer Tikka, Panneer Butter Masala, Paratha","North Indian, Chinese",500,Delivery,Bannerghatta Road
A1 Garam Masala,Yes,No,3.6/5,25,Kanakapura Road,Casual Dining,,"North Indian, South Indian, Andhra, Chinese",600,Delivery,Bannerghatta Road
Punjabi Corner,Yes,No,3.9/5,201,Bannerghatta Road,Quick Bites,"Paratha, Chicken Curry","North Indian, Chinese",250,Delivery,Bannerghatta Road
Guru Palace,Yes,No,3.1/5,106,Bannerghatta Road,Casual Dining,,"Chinese, North Indian",450,Delivery,Bannerghatta Road
#refuel,Yes,No,3.7/5,37,Bannerghatta Road,Cafe,"Thick Shakes, Sandwiches, Pasta, Mocktails","Cafe, Beverages",400,Delivery,Bannerghatta Road
Biggies Burger 'n' More,Yes,No,4.1/5,203,JP Nagar,"Quick Bites, Cafe","Burgers, Mojito, Lamb Burger, French Fries, Hot Dog, Bbq Burger, Wedges","Cafe, Burger, Beverages",650,Delivery,Bannerghatta Road
Zeeshan,Yes,No,3.1/5,320,JP Nagar,Casual Dining,"Firni, Rolls, Egg Roll, Chicken Biryani, Mutton Biryani, Calcutta Biryani, Haleem","North Indian, Mughlai, Biryani, Rolls",600,Delivery,Bannerghatta Road
Ambara Gardenia,Yes,Yes,3.8/5,257,Bannerghatta Road,Casual Dining,"Fish Fry, Crab Sukha, Chicken Biryani, Fish Curry, Murgh Ghee Roast, Roti, Naan","Andhra, North Indian, Chinese, Seafood",800,Delivery,Bannerghatta Road
LayerBite,Yes,No,3.8/5,9,BTM,Bakery,,"Bakery, Desserts, Beverages",450,Delivery,Bannerghatta Road
Five Star Chicken,Yes,No,3.2/5,100,Bannerghatta Road,Quick Bites,,"Fast Food, Burger",250,Delivery,Bannerghatta Road
Bhavani Chats,Yes,No,3.6/5,34,Bannerghatta Road,Quick Bites,,Street Food,100,Delivery,Bannerghatta Road
Tandoor Chai House,Yes,No,NEW,0,JP Nagar,Quick Bites,,"Street Food, Sandwich, Rolls, Beverages",200,Delivery,Bannerghatta Road
Shawarma Inc,Yes,No,3.2/5,4,Bannerghatta Road,Food Court,,"Rolls, Lebanese",250,Delivery,Bannerghatta Road
More Pizza,Yes,No,3.8/5,46,JP Nagar,Quick Bites,"Pizza, Garlic Bread, Chicken Lasagne",Pizza,450,Delivery,Bannerghatta Road
Appana Restaurant,Yes,No,NEW,0,BTM,Quick Bites,,North Indian,300,Delivery,Bannerghatta Road
Butterly,Yes,No,3.9/5,102,Bannerghatta Road,Cafe,"Burgers, Sandwiches, Pizza, French Fries, Cheesecake","Cafe, Bakery, Beverages",450,Delivery,Bannerghatta Road
Crafted Plate,Yes,Yes,4.2/5,237,JP Nagar,"Casual Dining, Cafe","Burgers, Egg Salad, Pasta, Pancakes, Lasagne, Pizza, Lime Soda","Cafe, Asian, Burger, Continental, Italian, Salad",600,Delivery,Bannerghatta Road
Shetty's Kitchen,Yes,No,3.7/5,108,Bannerghatta Road,Quick Bites,"Sea Food, Neer Dosa",Mangalorean,600,Delivery,Bannerghatta Road
Machali Port,Yes,No,3.9/5,34,JP Nagar,Casual Dining,"Sea Food, Anjal Masala Fry, Fish Curry, Thali, Neer Dosa","Mangalorean, Seafood, North Indian",750,Delivery,Bannerghatta Road
Naati Manae,Yes,No,3.1/5,10,JP Nagar,Food Court,,"South Indian, Biryani",500,Delivery,Bannerghatta Road
Bottle Genie,Yes,No,,0,BTM,"Takeaway, Delivery",,Beverages,350,Delivery,Bannerghatta Road
Mad Over Biryani,Yes,No,3.3/5,8,JP Nagar,"Takeaway, Delivery",,"Biryani, North Indian",600,Delivery,Bannerghatta Road
Garma Garam,Yes,No,3.2/5,144,Bannerghatta Road,Quick Bites,"Chicken Biryani, Butter Chicken","North Indian, Chinese, Biryani, Rolls",350,Delivery,Bannerghatta Road
Sambram Biriyani Paradise,Yes,No,3.5/5,97,JP Nagar,Casual Dining,,"Biryani, North Indian, Chinese",600,Delivery,Bannerghatta Road
Mr. Meetharam,Yes,No,3.2/5,34,JP Nagar,Quick Bites,,"Mithai, Street Food",150,Delivery,Bannerghatta Road
The Coastal Crew by Fujian on 24th,Yes,Yes,4.2/5,1028,JP Nagar,"Casual Dining, Bar","Sea Food, Mocktails, Noodles, Murgh Ghee Roast, Cocktails, Tom Yum Soup, Spring Roll","Chinese, Thai, Seafood, North Indian, Momos",1100,Delivery,Bannerghatta Road
BIB - Breakfast in the Box,Yes,No,3.8/5,84,Bannerghatta Road,Delivery,"Chicken Burger, English Breakfast, Corn Sandwich, French Fries, Bacon Fry, Beef Burger, Omelette","American, Sandwich",600,Delivery,Bannerghatta Road
Angel Restaurant,Yes,No,2.8/5,165,Bannerghatta Road,Quick Bites,,"Kerala, South Indian, North Indian",450,Delivery,Bannerghatta Road
Wow Momo,Yes,No,3.3/5,12,JP Nagar,Quick Bites,,"Tibetan, Momos",300,Delivery,Bannerghatta Road
Pizza Da Dhaba,Yes,No,2.9/5,57,Bannerghatta Road,Quick Bites,,"Fast Food, Pizza",400,Delivery,Bannerghatta Road
Kalpavruksha,Yes,No,3.9/5,99,Bannerghatta Road,Quick Bites,,"South Indian, North Indian",300,Delivery,Bannerghatta Road
Innerchef,Yes,No,,0,JP Nagar,Delivery,,"North Indian, Continental",500,Delivery,Bannerghatta Road
Juice Land,Yes,No,3.9/5,141,Bannerghatta Road,Beverage Shop,,"Juices, Beverages",300,Delivery,Bannerghatta Road
Bombay Sandwich Company,Yes,No,,0,JP Nagar,Delivery,,"Sandwich, Beverages",400,Delivery,Bannerghatta Road
Tandoor And Spice,Yes,No,4.0/5,181,JP Nagar,Casual Dining,"Egg Biryani, Tandoori Chicken, Chicken Biryani, Paneer Tikka, Mutton Biryani, Noodles, Dal Tadka","North Indian, Chinese, Biryani, Hyderabadi",550,Delivery,Bannerghatta Road
Kitchen24,Yes,No,NEW,0,BTM,Takeaway,,"Italian, Continental, Chinese, Thai, American, Arabian",300,Delivery,Bannerghatta Road
Rock Stone Ice Cream Factory,Yes,No,4.0/5,128,BTM,Dessert Parlor,"Icecream Cake, Brownie, Waffles, Chocolate Icecreams, Thick Shakes",Ice Cream,230,Delivery,Bannerghatta Road
Paratha Plaza,Yes,No,3.8/5,171,JP Nagar,Quick Bites,"Aloo Paratha, Manchurian",North Indian,250,Delivery,Bannerghatta Road
Krishna Vijayashree,Yes,No,3.5/5,13,Bannerghatta Road,Casual Dining,,"Biryani, North Indian, Chinese",700,Delivery,Bannerghatta Road
Soup Station,Yes,No,3.6/5,9,Bannerghatta Road,Quick Bites,,Continental,250,Delivery,Bannerghatta Road
Tasty Point,Yes,No,3.3/5,9,Bannerghatta Road,Delivery,,"Burger, Sandwich, Finger Food",300,Delivery,Bannerghatta Road
Natural Mumbai Kulfi,Yes,No,3.5/5,8,BTM,Dessert Parlor,,Ice Cream,130,Delivery,Bannerghatta Road
Namma Kudla,Yes,No,3.9/5,200,JP Nagar,Quick Bites,"Sea Food, Neer Dosa, Fish, Crab Sukha, Biryani, Chicken Thali, Chicken Meal","Mangalorean, North Indian, Chinese, Seafood",400,Delivery,Bannerghatta Road
Triveni,Yes,No,3.6/5,33,Bannerghatta Road,Casual Dining,,"Andhra, North Indian, Chinese",600,Delivery,Bannerghatta Road
Wangs Kitchen,Yes,No,3.0/5,114,Bannerghatta Road,Casual Dining,"Noodles, Momos",Chinese,1000,Delivery,Bannerghatta Road
RK Fresh Food,Yes,No,3.5/5,12,BTM,Quick Bites,,Fast Food,300,Delivery,Bannerghatta Road
Alif Restaurant,Yes,No,3.6/5,26,JP Nagar,Casual Dining,,"North Indian, Chinese",600,Delivery,Bannerghatta Road
Dine One One Restaurant,Yes,No,3.6/5,15,Bannerghatta Road,Casual Dining,,"South Indian, Continental, North Indian",500,Delivery,Bannerghatta Road
Pallavas Veg Cuisine,Yes,No,3.6/5,46,Bannerghatta Road,Casual Dining,,"North Indian, South Indian, Chinese",600,Delivery,Bannerghatta Road
The Food Cottage,Yes,No,3.7/5,48,BTM,Quick Bites,,"Hyderabadi, North Indian",350,Delivery,Bannerghatta Road
Healthie,Yes,No,,0,JP Nagar,Delivery,,"Healthy Food, Beverages",600,Delivery,Bannerghatta Road
Brundhavana Pure Veg,Yes,No,3.7/5,98,JP Nagar,Casual Dining,,"South Indian, North Indian, Chinese, Beverages",500,Delivery,Bannerghatta Road
Spice Up,Yes,No,3.8/5,146,JP Nagar,Casual Dining,"Chicken Lollipop, Vegetable Biryani, Noodles, Chicken Noodle, Clear Soup, Hot Pot, Coriander Chicken",Chinese,600,,
 had Mushroon Manchurian, Beijing and Lee Foo Fried rice;  all were very good. \nChanged my rating from 1.0 to 4.0.\nChinese food, must try.......'), ('Rated 3.0'," """"RATED\n  This is a very small yet amazing Chinese outlet in JP Nagar . This hotel serves a wide variety of Chinese as well as North Indian cuisine it's very pocket friendly\nIf you are planning for a pocket friendly lunch\nI suggest u this place"""")", 'RATED\n  Good place... Taste is awesome and the worth the price what we pay....\n\nI am a vegetarian and I ordered a rice last week for delivery and the time taken was just 15 mins and it was at my place.... The taste was very good.... Mushroom fried rice... Liked it lots....\n\nInteriors are not that great and so it seating facility.... A good hotel for take away and delivery and not dine in.....'), ('Rated 2.5', 'RATED\n  The interior of this place is appealing. My friend and I ordered manchow soup, which was quite Ok, but the bowls looked old and discolored. The main course was pretty ok but the quantity was a lot. So, 'RATED\n  Food is surprisingly tasty but ambience is worst ... Located near a drainage and a dumpster ... U better gulp down all the meds before u even dare to try here . its unhygienic place as lots of flies(insect). Unfortunately there is no minus points.'), ('Rated 4.0'
North Chinese Centre,Yes,No,,0,Bannerghatta Road,Quick Bites,,"Chinese, North Indian",250,Delivery,Bannerghatta Road
Suryawanshi,Yes,No,3.7/5,16,Bannerghatta Road,Casual Dining,,"Maharashtrian, Seafood",700,Delivery,Bannerghatta Road
M-Aura Kitchen Cafe & More,Yes,No,,0,Bannerghatta Road,Quick Bites,,North Indian,400,Delivery,Bannerghatta Road
Perch,Yes,No,NEW,0,BTM,Quick Bites,,Italian,350,Delivery,Bannerghatta Road
Tempteys,Yes,No,4.2/5,248,BTM,"Dessert Parlor, Beverage Shop","Thick Shakes, Oreo Milkshake, Gelato, Oreo Shake, Choco Brownie, Caramel Coffee, Choco Shake",Beverages,500,Delivery,Bannerghatta Road
World In A Bowl,Yes,No,,0,JP Nagar,Delivery,,"Continental, North Indian, Desserts, Beverages",600,Delivery,Bannerghatta Road
DeliBox.in,Yes,No,3.7/5,67,BTM,Delivery,,South Indian,150,Delivery,Bannerghatta Road
FRYBIES,Yes,No,3.3/5,15,Bannerghatta Road,Quick Bites,,Fast Food,350,Delivery,Bannerghatta Road
Crumb Together,Yes,Yes,4.1/5,583,JP Nagar,"Casual Dining, Bar","Stuffed Chicken, Malai Broccoli, Cocktails, Salad, Mocktails, Tomato Soup, Biryani","Continental, Finger Food, North Indian, Chinese",1200,,
 chicken curry, prawn munchoori. Menu had wide variety. Service was bit slow but food tasted good. And nice ambience as well.'), ('Rated 4.0', 'RATED\n  F & B scene is getting vibrant by the day in Jp nagar and jayanagar side .\nCrumbtogether is one such place right at the junction of bannerghatta road and Jp nagar .\n\nAlfresco seating , hookah and some nice dishes .. what more do you want .\nWe were there on an rainy evening to chill and loved it .\n\nDetailed Review coming up\n\n\nbangalorexpress.blogspot.com'), 'RATED\n  This place is right opposite to Vega city mall, the best part is ambience.\nFood: the food tastes yum but can be improvised on quantity.\n\nParking : they have enough space for 2 wheeler n four wheeler parking beside the cafe.\n\nService: this was a little disappointing as we had to wait for quite a long time.\n\nTaste: 5*\nService : 3*\nAmbience :4.5*\nValue for money : 4*\n\nWill I visit again : yes as the ambience is good to spend time with friends and family.'), ('Rated 4.0', 'RATED\n  It a nice place if you want to go on a romantic date OR you just want to hangout with friends for couple of drinks and hookah. This place has rooftop seating with open terrace and a good seating capacity.\n\nFood: 4/5\nAmbience: 4/5\nService: 4/5\n\nIn Drinks, We had\n1)Cocus Focus: Vodka, mint syrup and lime. It was good.\n2)watermelon Slush: Vodka, watermelon juice & lime.It was OK.\n\nIn starters
The Foodyz,Yes,No,3.7/5,42,JP Nagar,Quick Bites,"Poha, Tea, Paratha","North Indian, Chinese",500,Delivery,Bannerghatta Road
Bean D'er Cafe,Yes,No,3.5/5,8,JP Nagar,Quick Bites,,"Tamil, Fast Food",250,Delivery,Bannerghatta Road
Chaat Chatore,Yes,No,3.1/5,19,Bannerghatta Road,Quick Bites,,Fast Food,300,Delivery,Bannerghatta Road
Black Mug Cafe,Yes,No,3.7/5,171,Bannerghatta Road,Cafe,Coffee,Cafe,300,Delivery,Bannerghatta Road
Taste Of Kolkata,Yes,No,3.1/5,59,BTM,Quick Bites,,"Bengali, Chinese, Rolls",400,Delivery,Bannerghatta Road
Y Not Restaurant,Yes,No,3.1/5,4,JP Nagar,"Takeaway, Delivery",,Fast Food,300,Delivery,Bannerghatta Road
24/7 Food Service,Yes,No,3.0/5,7,JP Nagar,"Takeaway, Delivery",,"South Indian, North Indian, Fast Food",300,Delivery,Bannerghatta Road
Kanti Bakes & Flakes,Yes,No,,0,Bannerghatta Road,Dessert Parlor,,"Desserts, Mithai",300,Delivery,Bannerghatta Road
Meat And Eat,Yes,No,3.7/5,79,JP Nagar,Quick Bites,"Burgers, Chicken Wings","Fast Food, Burger",500,Delivery,Bannerghatta Road
China Town 07,Yes,No,NEW,0,BTM,Quick Bites,,"Chinese, Momos",300,Delivery,Bannerghatta Road
Modern Restaurant,Yes,No,3.0/5,17,BTM,Casual Dining,,"North Indian, Chinese",450,Delivery,Bannerghatta Road
Vinaya Coffee Moments,Yes,No,3.7/5,46,JP Nagar,Cafe,"Filter Coffee, Pizza, Pasta","Burger, Cafe, Desserts, Sandwich, Italian",450,Delivery,Bannerghatta Road
Burrito Boys,Yes,No,3.0/5,6,Bannerghatta Road,"Food Court, Quick Bites",,"Mexican, Tex-Mex",400,Delivery,Bannerghatta Road
The little Kitchen,Yes,No,,0,JP Nagar,Quick Bites,,"Chinese, North Indian",300,Delivery,Bannerghatta Road
Trippy Paradise,Yes,No,2.6/5,59,BTM,Cafe,,Cafe,900,Delivery,Bannerghatta Road
City Cafe,Yes,No,,0,JP Nagar,"Beverage Shop, Quick Bites",,"Beverages, Juices, Fast Food, Rolls",200,Delivery,Bannerghatta Road
Biryani Magic,Yes,No,3.5/5,31,BTM,Quick Bites,,"North Indian, Biryani",300,Delivery,Bannerghatta Road
YumYumDilli,Yes,No,,0,JP Nagar,Delivery,,North Indian,500,Delivery,Bannerghatta Road
Nagarjuna,No,No,4.2/5,1278,Bannerghatta Road,Casual Dining,"Andhra Meal, Mutton Biryani, Pepper Chicken, Veg Thali, Chicken Guntur, Raita, Chicken Kebab","Andhra, Biryani",800,,
 chicken hydrabadi and Finally mouth watering biriyani .'), ('Rated 4.0'," """"RATED\n  Nagarjuna is synonymous with Authentic Andhra food ", so every time there is a craving for spicy Andhra meals with hot guntur chicken or nati Kodi ( country chicken) or mutton fry ," we head straight to this place without a doubt of getting our spicy craving sated here . Also it's a upscale dining experience unlike other Andhra mess."""")", 'RATED\n  Warm welcome by staff.... a very courteous person who looked after us even during the closing time. Prakash chand.. a good job done boss... your hospitality attitude is really commendable. Amazing experience in an otherwise crowded Nagarjuna.'), ('Rated 5.0', 'RATED\n  What an amazing experience we had in Nagarjuna. We have tried mostly full meal which is too good in taste. Proper Andhra meals with good quality. Staff ambience and location is superb.'), ('Rated 4.0', 'RATED\n  Arguably the best restaurant for Andhra Meals in South Bangalore with their mouth watering non veg starters. Though the space is sufficient to accommodate a lot of them but gets crowded all the time be in any time of the day... Chicken sixer, Adding chutney, another curry or an ice cream to the meals will do fine. My preference is Andhra Ruchulu over Nagarjuna.')
Laddoos,Yes,No,3.4/5,276,BTM,"Quick Bites, Dessert Parlor","Chaat, Panipuri, Lassi, Gol Gappe, Paratha, Pav Bhaji, Samosa","North Indian, Street Food, Mithai",250,Delivery,Bannerghatta Road
Smoke Oil Salt,Yes,No,NEW,0,BTM,Quick Bites,,Arabian,850,Delivery,Bannerghatta Road
Momo King,Yes,No,NEW,0,Bannerghatta Road,Quick Bites,,"Momos, Fast Food",200,Delivery,Bannerghatta Road
New Prashanth Hotel,Yes,No,3.1/5,64,JP Nagar,Casual Dining,"Mutton Biryani, Chicken Biryani","South Indian, Biryani, Chinese, North Indian",750,Delivery,Bannerghatta Road
Waffle Stories,Yes,No,4.0/5,69,BTM,Dessert Parlor,"Waffles, Brownie Sundae","Desserts, Beverages",300,Delivery,Bannerghatta Road
Late Night,Yes,No,3.7/5,288,Kumaraswamy Layout,Quick Bites,"Panneer Butter Masala, Manchurian, Noodles, Tandoori Roti, Naan, Paratha, French Fries","North Indian, Chinese",500,Delivery,Bannerghatta Road
Kettle & Kegs,Yes,No,3.3/5,4,Bannerghatta Road,Delivery,,"Tea, Beverages",200,Delivery,Bannerghatta Road
Waffle Walle,Yes,No,4.3/5,676,Bannerghatta Road,Kiosk,"Liege Waffle, Vanilla Ice Cream, Chocolate Waffles, Chocolate Drink, Crunchy Waffles, Chocolate Icecreams, Belgian Waffles","Desserts, Belgian, Beverages",500,Delivery,Bannerghatta Road
Dakshin Cafe,Yes,No,4.1/5,140,JP Nagar,Quick Bites,"Vada, Masala Dosa, Filter Coffee, Kesari Bath, Kharabath, Open Dosa",South Indian,100,Delivery,Bannerghatta Road
Shake It Off,Yes,No,4.0/5,65,JP Nagar,Beverage Shop,"Thick Shakes, Maggi, Peri Peri Fries, Sandwich, Momos","Beverages, Fast Food",600,Delivery,Bannerghatta Road
Bombay Kulfi,Yes,No,3.7/5,41,JP Nagar,Dessert Parlor,,"Desserts, Ice Cream",150,Delivery,Bannerghatta Road
Chaat Central,Yes,No,3.3/5,4,Bannerghatta Road,Food Court,,"Street Food, North Indian",300,Delivery,Bannerghatta Road
Two Friends Cauldron,Yes,Yes,4.1/5,448,JP Nagar,Casual Dining,"Butter Beer, Pasta, Fries, Burgers, Exotic Veg Pizza, Potato Wedges, Veggie Pizza","Continental, Italian, American",700,Delivery,Bannerghatta Road
Bun Town,Yes,No,4.0/5,203,BTM,"Cafe, Bakery","Tea, Chocolate Muffin, Veg Burger, Coffee, Burgers, Donut, Cup Cake","Cafe, Bakery",500,Delivery,Bannerghatta Road
INDULGE by InnerChef,Yes,No,,0,JP Nagar,Bakery,,"Desserts, Bakery",400,Delivery,Bannerghatta Road
Garden Fresh,Yes,No,3.9/5,50,BTM,Beverage Shop,,"Healthy Food, Juices",200,Delivery,Bannerghatta Road
Dhabeliwala,Yes,No,3.8/5,44,JP Nagar,Kiosk,,"Street Food, Beverages, Gujarati",250,Delivery,Bannerghatta Road
Rayaan's BBQ,Yes,No,3.3/5,6,BTM,Quick Bites,,"North Indian, BBQ",350,Delivery,Bannerghatta Road
Cafe Zuppa,Yes,No,NEW,0,JP Nagar,Cafe,,"Cafe, Pizza, Fast Food",450,Delivery,Bannerghatta Road
Chaat Junction,Yes,No,3.7/5,49,Bannerghatta Road,Quick Bites,,Street Food,200,Delivery,Bannerghatta Road
Asharfilal,Yes,No,3.5/5,10,Bannerghatta Road,Dessert Parlor,,Desserts,150,Delivery,Bannerghatta Road
Street Foods by Punjab Grill,Yes,No,3.6/5,19,Bannerghatta Road,Food Court,,"Street Food, North Indian, Beverages",800,Delivery,Bannerghatta Road
Tiwari's Ghee Paratha and Chats,Yes,No,3.2/5,6,JP Nagar,Quick Bites,,"North Indian, Street Food",200,Delivery,Bannerghatta Road
Spurthi Foods,Yes,No,3.7/5,71,BTM,"Takeaway, Delivery",,Andhra,300,Delivery,Bannerghatta Road
Melting Pot at Woodrose,Yes,No,3.7/5,19,JP Nagar,Quick Bites,,North Indian,800,Delivery,Bannerghatta Road
Pot Biryani,Yes,No,3.1/5,166,Bannerghatta Road,Quick Bites,Chicken Biryani,"North Indian, Chinese, Biryani, Seafood",600,,
 'RATED\n  Food was awesome!!!'), ('Rated 4.0', 'RATED\n  Ok'), ('Rated 1.0', 'RATED\n  Order chicken biryaani got paneer biryaani...'), 'RATED\n  Worst Biryani , Zero Rating for this center. \n\n1. Biryani was so cold after we have taken the parcel to home.\n2. Pepper chicken was not  tasty. \n3. Raitha is rotten on 15-Dec.\n\nFamily with kids never, ever try from this center.'), ('Rated 2.0', 'RATED\n  looks like they had sent the last night food after reheating.'), ('Rated 4.0', 'RATED\n  Ok')
Thanco's Natural Ice Cream,Yes,No,3.6/5,27,BTM,Dessert Parlor,,"Ice Cream, Desserts",450,Delivery,Bannerghatta Road
Mango Tree- The Beer Garden,Yes,Yes,4.1/5,1320,JP Nagar,Casual Dining,"Dragon Chicken, Mutton Biryani, Mocktails, Dal Makhani, Rumali Roti, Butter Naan, Paneer Tikka","North Indian, Chinese, Continental",1200,Delivery,Bannerghatta Road
Dessi Cuppa,Yes,No,3.4/5,4,BTM,"Quick Bites, Beverage Shop",,"Beverages, Fast Food",300,Delivery,Bannerghatta Road
Halli Mane MUDDE OOTA,Yes,No,3.5/5,14,JP Nagar,Quick Bites,,South Indian,300,Delivery,Bannerghatta Road
Lyengar's Cakes N Cookies,Yes,No,,0,Bannerghatta Road,Bakery,,"Bakery, Desserts",400,Delivery,Bannerghatta Road
Eat & Joy Restaurant,Yes,No,3.0/5,7,JP Nagar,,,"Fast Food, Finger Food",300,Delivery,Bannerghatta Road
YumYumSouth,Yes,No,,0,JP Nagar,Delivery,,South Indian,600,Delivery,Bannerghatta Road
Wow Vada Pav,Yes,No,3.3/5,46,Bannerghatta Road,Quick Bites,,"Fast Food, Street Food",150,Delivery,Bannerghatta Road
Foreign CafÃƒÂƒÃ‚ÂƒÃƒÂ‚Ã‚ÂƒÃƒÂƒÃ‚Â‚ÃƒÂ‚Ã‚ÂƒÃƒÂƒÃ‚ÂƒÃƒÂ‚Ã‚Â‚ÃƒÂƒÃ‚Â‚ÃƒÂ‚Ã‚Â©,Yes,No,,0,JP Nagar,Delivery,,Continental,500,Delivery,Bannerghatta Road
The Jade Kitchen,Yes,No,4.0/5,116,JP Nagar,Casual Dining,"Manchow Soup, Noodles, Dragon Rolls, Honey Chilli Potatoes, Spring Roll","Chinese, Thai",400,Delivery,Bannerghatta Road
Krishna Vaibhava,Yes,No,3.5/5,40,BTM,Casual Dining,,"North Indian, South Indian",350,Delivery,Bannerghatta Road
Lassi Shop,Yes,No,,0,JP Nagar,Dessert Parlor,,"Ice Cream, Beverages",80,Delivery,Bannerghatta Road
Sandwichwallas,Yes,No,3.6/5,32,JP Nagar,Quick Bites,,Fast Food,200,Delivery,Bannerghatta Road
Drunken Monkey,Yes,No,4.4/5,288,Bannerghatta Road,"Beverage Shop, Quick Bites","Chicken Tikka Sandwich, Hot Chocolate Brownie, Red Velvet Shake, Chicken Sandwiches, French Fries, Cheese Sandwich, Irish Cream Coffee","Beverages, Fast Food",400,Delivery,Bannerghatta Road
Woodee Pizza,Yes,No,2.7/5,85,JP Nagar,Cafe,"Pizza, Lemonade, Chilli Cheese Fries, Thick Shakes","Cafe, Pizza, Fast Food, Beverages",500,Delivery,Bannerghatta Road
Nandhanus Rasoi,Yes,No,3.4/5,9,Jayanagar,Quick Bites,,"Chinese, Rolls, North Indian",200,Delivery,Bannerghatta Road
Donne Biriyani Mane,Yes,No,3.2/5,6,Bannerghatta Road,Quick Bites,,Biryani,350,Delivery,Bannerghatta Road
Fish And Dish,Yes,No,3.6/5,22,JP Nagar,Quick Bites,,"Mangalorean, Chinese",350,Delivery,Bannerghatta Road
Miss Momo,Yes,No,3.2/5,12,BTM,Quick Bites,,"Tibetan, Momos",250,Delivery,Bannerghatta Road
Funky Punjab,Yes,No,3.9/5,124,BTM,Quick Bites,"Roti, Dal Makhani, Lassi, Panneer Butter Masala, Kulcha, Masala Papad, Butter Chicken","North Indian, Chinese",400,Delivery,Bannerghatta Road
Intalia,Yes,No,3.6/5,323,Bannerghatta Road,Food Court,"Pasta, Garlic Bread, Salads, Chicken Lasagne, Blueberry Cheesecake, Salad, Thin Crust Pizza","Pizza, Italian",800,Delivery,Bannerghatta Road
Chicken County Restaurant,Yes,No,3.5/5,10,Bannerghatta Road,Casual Dining,,"North Indian, Chinese, Fast Food",400,Delivery,Bannerghatta Road
Velvet Kitchen,Yes,No,3.5/5,15,Bannerghatta Road,Casual Dining,,"North Indian, Chinese",600,Delivery,Bannerghatta Road
Hotel Aradhana,Yes,No,3.7/5,51,Bannerghatta Road,Quick Bites,"Akki Rottis, Neer Dosa",North Indian,300,Delivery,Bannerghatta Road
The Chervil,Yes,No,4.2/5,229,JP Nagar,Casual Dining,"Peri Peri Chicken Wings, Mix Grill Sizzler, Fish, Murgh Ghee Roast, Biryani, Caramel Custard, Paneer Tikka Masala","North Indian, Continental",1000,Delivery,Bannerghatta Road
Eatsomnia,Yes,No,NEW,0,JP Nagar,Delivery,,"North Indian, South Indian, Chinese, Continental",500,Delivery,Bannerghatta Road
Sri Rajasthani Foods,Yes,No,3.6/5,8,JP Nagar,Quick Bites,,"Rajasthani, North Indian",200,Delivery,Bannerghatta Road
New Royal Treat,Yes,No,2.8/5,102,Bannerghatta Road,Quick Bites,"Roti, Chicken Biryani","North Indian, Chinese",350,Delivery,Bannerghatta Road
I Cool,Yes,No,4.0/5,76,JP Nagar,Quick Bites,Shawarma,"Juices, Fast Food",150,Delivery,Bannerghatta Road
The Kitchen,Yes,No,NEW,0,JP Nagar,Casual Dining,,"North Indian, Andhra, Chinese",800,Delivery,Bannerghatta Road
Mahek Pizza,Yes,No,3.9/5,38,JP Nagar,Quick Bites,,Pizza,400,Delivery,Bannerghatta Road
Asha Sweets Centre,Yes,No,3.9/5,42,JP Nagar,Dessert Parlor,"Rabri, Panipuri, Badam Milk, Kachori, Moong Dal Halwa",Fast Food,250,Delivery,Bannerghatta Road
KC Das- Sweet World,Yes,No,3.3/5,5,JP Nagar,"Sweet Shop, Quick Bites",,"Mithai, Street Food",200,Delivery,Bannerghatta Road
Stoned Monkey,Yes,No,3.9/5,239,JP Nagar,Dessert Parlor,"Coffee, Waffles, Hot Chocolate Fudge, Cheesy Garlic Bread","Desserts, Ice Cream",500,Delivery,Bannerghatta Road
Panther Cafe,Yes,No,3.5/5,8,BTM,Beverage Shop,,Beverages,200,Delivery,Bannerghatta Road
Udupi Upachar,Yes,No,3.3/5,12,JP Nagar,Quick Bites,,"South Indian, North Indian, Chinese, Street Food",300,Delivery,Bannerghatta Road
Lassi Ghar,Yes,No,NEW,0,Bannerghatta Road,Beverage Shop,,"Beverages, Ice Cream, Juices, Sandwich",150,Delivery,Bannerghatta Road
Authentic Aandhra,Yes,No,NEW,0,BTM,Delivery,,"Andhra, North Indian",300,Delivery,Bannerghatta Road
Juicy Momos,Yes,No,3.1/5,21,Bannerghatta Road,Food Court,,"Tibetan, Momos",250,Delivery,Bannerghatta Road
Roots n Fruits,Yes,No,3.6/5,13,JP Nagar,Beverage Shop,,"Beverages, Juices, Healthy Food",250,Delivery,Bannerghatta Road
Indian Desi Momo,Yes,No,,0,Bommanahalli,Takeaway,,Momos,200,Delivery,Bannerghatta Road
Kaizen Wellness Kitchen,Yes,No,3.7/5,37,JP Nagar,Casual Dining,,"Asian, Continental, European",800,Delivery,Bannerghatta Road
Big Mishra Pedha,Yes,No,3.3/5,7,Bannerghatta Road,Sweet Shop,,"Mithai, Desserts, Fast Food",300,Delivery,Bannerghatta Road
Mad Over Donuts,Yes,No,3.1/5,17,Bannerghatta Road,Dessert Parlor,,"Bakery, Desserts, Beverages",450,Delivery,Bannerghatta Road
Kolkata Famous Kati Rolls,Yes,No,3.1/5,25,Bannerghatta Road,"Takeaway, Delivery",,"Fast Food, Rolls",100,Delivery,Bannerghatta Road
Vinaya Cafe,Yes,No,3.7/5,55,JP Nagar,Quick Bites,"Coffee, Masala Dosa","South Indian, Street Food, Juices",200,Delivery,Bannerghatta Road
RBP Greens Garden,Yes,No,2.7/5,48,BTM,Casual Dining,,"North Indian, Chinese",700,Delivery,Bannerghatta Road
Supreme Biryani,Yes,No,,0,South Bangalore,"Takeaway, Delivery",,Biryani,400,Delivery,Bannerghatta Road
Dazu Momoz,Yes,No,3.1/5,8,Bannerghatta Road,Kiosk,,"Tibetan, Momos",200,Delivery,Bannerghatta Road
Desi Dhaba,Yes,No,3.3/5,13,BTM,Delivery,,"North Indian, Chinese",400,Delivery,Bannerghatta Road
World of Waffles,Yes,No,3.9/5,178,JP Nagar,Dessert Parlor,"Waffles, Nutella Pancakes, Nutella Waffle, Mexican Fries, Chocolate Overload, Chocolate Fondue, Ferrero Rocher",Desserts,400,Delivery,Bannerghatta Road
Pika's Kitchen,Yes,No,3.4/5,24,Bannerghatta Road,Casual Dining,,"Continental, Italian",800,Delivery,Bannerghatta Road
Dilli ??,Yes,No,,0,South Bangalore,Delivery,,North Indian,500,Delivery,Bannerghatta Road
Lassi Cafe,Yes,No,3.4/5,16,Bannerghatta Road,Beverage Shop,,"Beverages, Ice Cream",150,Delivery,Bannerghatta Road
The London Shakes,Yes,No,NEW,0,BTM,Beverage Shop,,"Beverages, Fast Food, Italian",400,Delivery,Bannerghatta Road
New Mogul Empire,Yes,No,3.4/5,5,JP Nagar,Quick Bites,,"North Indian, Chinese",300,Delivery,Bannerghatta Road
Atithi Biryani Corner,Yes,No,3.3/5,4,JP Nagar,Quick Bites,,"Biryani, South Indian",200,Delivery,Bannerghatta Road
Oottupura Family Restaurant,Yes,No,3.4/5,224,Bannerghatta Road,Quick Bites,"Appam, Tea, Chicken Curry, Kadala Curry, Fish, Egg Curry, Idiyappam","Kerala, South Indian, Biryani",400,Delivery,Bannerghatta Road
Tisano Cafe,Yes,No,3.8/5,54,Bannerghatta Road,Cafe,,"Cafe, Fast Food, Chinese, Continental",500,Delivery,Bannerghatta Road
Yumme Veg,Yes,No,3.6/5,14,Bannerghatta Road,"Takeaway, Delivery",,"Fast Food, Street Food",200,Delivery,Bannerghatta Road
Shree Guru Raghavendra Chats Chintamani Special,Yes,No,3.6/5,26,Bannerghatta Road,Quick Bites,,"Street Food, Fast Food",200,Delivery,Bannerghatta Road
Vyanjan,Yes,No,3.9/5,199,BTM,Quick Bites,"Poha, Jalebi, Paratha, Bhindi Masala, Kachori, Puri Sabzi, Samosa","North Indian, Street Food",300,Delivery,Bannerghatta Road
Havmor,Yes,No,3.5/5,21,JP Nagar,Dessert Parlor,,"Ice Cream, Desserts",200,Delivery,Bannerghatta Road
Sri Sankara Cafe,Yes,No,3.6/5,26,BTM,Quick Bites,,South Indian,100,Delivery,Bannerghatta Road
Bhaijaan Barbeques,Yes,No,3.4/5,8,South Bangalore,Food Truck,,"Mughlai, Arabian, BBQ",200,Delivery,Bannerghatta Road
Namana Garden,Yes,No,,0,Bannerghatta Road,Quick Bites,,"South Indian, Beverages",250,Delivery,Bannerghatta Road
Sri Krishna Sagar,Yes,No,3.4/5,19,Kanakapura Road,Quick Bites,,"South Indian, North Indian, Chinese",300,Delivery,Bannerghatta Road
Chatter Platter,Yes,No,3.5/5,28,BTM,Quick Bites,,"Street Food, North Indian",300,Delivery,Bannerghatta Road
Momo Time,Yes,No,NEW,0,Bannerghatta Road,Quick Bites,,"Momos, American",600,Delivery,Bannerghatta Road
Bikaneri Sweets,Yes,No,3.4/5,19,Bannerghatta Road,Sweet Shop,,"Mithai, Street Food",250,Delivery,Bannerghatta Road
Watson's,Yes,Yes,4.0/5,1010,JP Nagar,"Pub, Bar","Beer, Pizza, Veg Starter, Martini, Mojito, Cocktails, Crispy Corn","Finger Food, Chinese, Continental",1300,Delivery,Bannerghatta Road
Sri Nandi Grand,Yes,No,3.4/5,6,BTM,Quick Bites,,"North Indian, South Indian",300,Delivery,Bannerghatta Road
Chicken Man,Yes,Yes,3.8/5,72,JP Nagar,Quick Bites,"Chicken Grill, Roast Chicken, Chicken Wings, Sweet Potato Mash, Pulled Chicken Burger, Sweet Potato Fries","Roast Chicken, Burger",400,Delivery,Bannerghatta Road
Only Sharjah,Yes,No,NEW,0,BTM,Beverage Shop,,Beverages,200,Delivery,Bannerghatta Road
Chef Baker's,Yes,No,3.6/5,23,Bannerghatta Road,"Bakery, Quick Bites",,Bakery,450,Delivery,Bannerghatta Road
Sree Ganesha Fruits & Juice,Yes,No,3.4/5,5,Bannerghatta Road,Beverage Shop,,Juices,100,Delivery,Bannerghatta Road
Goli Vada Pav No. 1,Yes,No,3.2/5,44,JP Nagar,Quick Bites,,Street Food,200,Delivery,Bannerghatta Road
Nandhana Palace,No,Yes,4.1/5,1000,Bannerghatta Road,"Casual Dining, Bar","Chicken Guntur, Hyderabadi Chicken Biryani, Andhra Meal, Mutton Biryani, Vegetable Biryani, Andhra Style Chilli Chicken, Mojito","Andhra, Biryani, North Indian, Chinese",800,Delivery,Bannerghatta Road
Happy Eats,Yes,No,NEW,0,JP Nagar,Delivery,,"North Indian, Continental",300,Delivery,Bannerghatta Road
Biryani Nights,Yes,No,3.6/5,19,Bannerghatta Road,Quick Bites,,"South Indian, North Indian, Chinese",400,Delivery,Bannerghatta Road
Thejas Bhavan,Yes,No,3.5/5,27,Bannerghatta Road,Quick Bites,,"North Indian, South Indian, Chinese",400,Delivery,Bannerghatta Road
Kababish Restaurant,Yes,No,3.6/5,15,BTM,,,"North Indian, Chinese, Arabian",700,Delivery,Bannerghatta Road
Graffitea,Yes,No,3.7/5,16,BTM,"Beverage Shop, Quick Bites",,"Beverages, Fast Food",200,Delivery,Bannerghatta Road
Gappe,Yes,No,3.8/5,32,Bannerghatta Road,Kiosk,,Street Food,200,Delivery,Bannerghatta Road
On The Nose,Yes,No,3.8/5,613,BTM,Cafe,"Pasta, Sandwiches, Peppy Paneer Pizza, Sandwich, Thick Shakes, Onion Rings, Tomato Soup","Cafe, Italian, Mexican, Chinese",600,Delivery,Bannerghatta Road
Juicy & Spicy,Yes,No,3.1/5,4,JP Nagar,"Quick Bites, Beverage Shop",,"Bakery, Fast Food",150,Delivery,Bannerghatta Road
Eat Repeat Express,Yes,No,3.2/5,20,JP Nagar,Casual Dining,,"North Indian, South Indian, Chinese, Biryani, Mexican",700,Delivery,Bannerghatta Road
TFI - The Fresh Ice Cream,Yes,No,3.2/5,41,Bannerghatta Road,Dessert Parlor,,"Ice Cream, Beverages",400,Delivery,Bannerghatta Road
Mirch Masala,Yes,No,3.4/5,6,JP Nagar,Quick Bites,,North Indian,500,Delivery,Bannerghatta Road
Just Chill,Yes,No,3.4/5,54,BTM,Beverage Shop,,Beverages,250,Delivery,Bannerghatta Road
Gruhalakshmi Home Foods,Yes,No,,0,Bommanahalli,Sweet Shop,,Mithai,250,Delivery,Bannerghatta Road
BEIR,No,No,NEW,0,Bannerghatta Road,Casual Dining,,"Mexican, American",800,Delivery,Bannerghatta Road
Bengalooru Tiffany's,Yes,No,3.0/5,38,JP Nagar,Quick Bites,,"South Indian, North Indian, Chinese, Street Food",400,Delivery,Bannerghatta Road
Udupi Thaja Thindi,Yes,No,2.9/5,42,BTM,Quick Bites,"Masala Dosa, Vada, Filter Coffee","North Indian, South Indian, Chinese, Fast Food",250,Delivery,Bannerghatta Road
Chaat Cafee,Yes,No,,0,JP Nagar,Quick Bites,,"Street Food, Juices",150,Delivery,Bannerghatta Road
Baba Ka Dhaba,Yes,No,3.7/5,194,BTM,Quick Bites,"Paratha, Butter Naan, Thali, Tandoori Roti, Lassi",North Indian,400,Delivery,Bannerghatta Road
Hot Burg,Yes,No,3.5/5,51,Bannerghatta Road,Quick Bites,,"Fast Food, Juices",200,Delivery,Bannerghatta Road
Northern Bites,Yes,No,3.3/5,50,Bannerghatta Road,Casual Dining,,"North Indian, Chinese",400,Delivery,Bannerghatta Road
Hotel Smile,Yes,No,3.1/5,6,Jayanagar,Casual Dining,,"North Indian, Chinese",400,Delivery,Bannerghatta Road
Roll Wala,Yes,No,3.3/5,7,JP Nagar,"Takeaway, Delivery",,"Rolls, Juices",300,Delivery,Bannerghatta Road
Natural Ice Cream,No,No,4.3/5,423,Bannerghatta Road,Dessert Parlor,"Chocolate Almond, Tender Coconut Ice Cream, Choco Almond, Coffee Walnut, Custard Apple","Ice Cream, Desserts",150,Delivery,Bannerghatta Road
Biriyani Mane,Yes,No,3.7/5,158,Jayanagar,Casual Dining,"Roti, Vegetable Biryani, Chicken Biryani","Biryani, Chinese, North Indian",700,Delivery,Bannerghatta Road
F3 Food Fun Fiesta,Yes,No,3.3/5,31,Bannerghatta Road,"Takeaway, Delivery",,"Chinese, Fast Food, North Indian",500,Delivery,Bannerghatta Road
Churchill's,Yes,Yes,4.1/5,1403,JP Nagar,"Casual Dining, Pub","Cocktails, Pasta, Hara Bhara Kebab, Peppy Paneer, Paneer Pizza, Peri Peri Prawn, Fiery Paneer","North Indian, Continental",1100,Delivery,Bannerghatta Road
Mr. Cane,Yes,No,,0,Bommanahalli,Beverage Shop,,Juices,100,Delivery,Bannerghatta Road
Ruchi Foods,Yes,No,,0,Bannerghatta Road,Quick Bites,,"South Indian, Biryani",400,Delivery,Bannerghatta Road
Kulkarni's New Uttara Karnataka Food Speciality Stores,Yes,No,3.4/5,6,JP Nagar,Quick Bites,,South Indian,250,Delivery,Bannerghatta Road
The Hungers Zone,Yes,No,3.8/5,57,BTM,Quick Bites,,"Fast Food, Italian, Pizza",300,Delivery,Bannerghatta Road
Brew Point,Yes,No,3.6/5,10,JP Nagar,Cafe,,"Cafe, American, Burger, Sandwich, Fast Food",500,Delivery,Bannerghatta Road
The Chocolate Room,Yes,No,3.9/5,153,JP Nagar,Food Court,"Brownie, Coffee, Hot Chocolate, Garlic Pops, Chocolate Waffles, Chocolate Avalanche","Cafe, Desserts",400,Delivery,Bannerghatta Road
Aramane Restaurant,Yes,Yes,2.9/5,90,Bannerghatta Road,Casual Dining,Afghan Chicken,"North Indian, South Indian, Seafood, Biryani, Chinese",800,Delivery,Bannerghatta Road
Cookie Man,Yes,No,NEW,0,Bannerghatta Road,Dessert Parlor,,Bakery,150,Delivery,Bannerghatta Road
Hunger2Eat,Yes,No,3.8/5,27,BTM,Quick Bites,,"Biryani, Fast Food, North Indian",400,Delivery,Bannerghatta Road
BBQ Ride 46,Yes,No,3.4/5,7,South Bangalore,Food Truck,,BBQ,200,Delivery,Bannerghatta Road
Bawarchi Inn,Yes,No,3.1/5,140,BTM,Casual Dining,"Dum Biryani, Chicken Biryani, Rice, Roti, Mutton Biryani","North Indian, Biryani, Andhra, Chinese",600,,
" 'RATED\n  Me and my friend went for the lunch to this restaurant. Horrible service. The attendee does  not know how to talk also.They take a lot of time to bring your order. The order which we gave got messed up very badly. We ordered Egg biryani and ended up getting chicken pieces(4-5). If you are a vegetarian don\'t go to this place they will serve you chicken rice for veg biryani and egg biryani. And another of my friend went there and ordered Egg biryaani bcoz he does not eat chicken but found 4-5 pieces of chicken in his biryani. After that also of you talk to the Head their he will only say """"Sorry Sir its our policy to use chicken rice for all biryani items and its a minor issue!"""". :(')", ('Rated 2.5'," """"RATED\n  Ordered for the first time. Seems the name Bawarchi is not the right name. Even the biriyani so called the Andra Style was very less or no spicy. Order took a lot of time and there was a mistake and to rectify and explain them it took nearly 15 mins and then the replacement was done. Food quality is average and the meat used looked frozen which made the taste horrible and just seemed that it was coated by a lot of south Indian spices and curry leaves which didn't seem pleasant. Next time I should definitely think before ordering as even the min order is high and I guess they have just created a brand but not a name. Very disappointed."""")", ('Rated 1.0'," """"RATED\n  No hygiene. Even saw a waiter drinking water frm the same jar what he used to serve water to others.\n\nWe ordered some items from today's special menu. No costs were mentioned for those items. In the bill the items mentioned were totally different. Upon asking they said the special items wouldn't be mentioned in the menu.\nFor the fact the biriyani was alot cheaper than the starters we ordered frm todays special menu.\n\nFor my luck the food wasn't even tasty.\n\nThat's it. My first and last visit to bawarchi inn with Komal Kumar"""")"," """"RATED\n  Ergonomically very bad because the sofa used there will make u sink down to ur neck to the table height.. We were waiting to finish off whatever we ordered and the get the hell out because it was very uncomfortable.\n\nBad soup. Sweet corn soup\nOkay okay starter. Babycorn chilly\nRoti was good.\nCurry was bland. Veg hyderabadi\nAnd the rice was okay types. Veg biriyani\n\nServer doesn't know kannada. A BIG LET DOWN BECAUSE IT'S IN THE PRIME SPACE IN BENGALURU AND NOBODY KNOWS KANNADA THERE. Either telugu or hindi."""")", ('Rated 5.0', 'RATED\n  We were a team of 45 members from Infosys planned for a team lunch at Bawarchi Inn at BTM. It was AWESOME!!!. We just paid Rs.180.00 and requested for both Non/Veg customized food. Food was tasty, enough quantity and all were satisfied.\nLow budget, highly satisfied.\nI strongly recommend Bawarchi.'), ('Rated 3.5'," 'RATED\n  My friend dragged me to this place quoting """"this place serves the best biryani in town"""".Well its not the best but definitely good.Quantity is remarkable as it is sufficient to feed two persons.You can\'t really comment on the ambience as most biryani junctions are low on that.Service was fast though cleanliness was not uptight.Do order the Bawarchi special when you are here.\n\nthegrubtrotterblog.wordpress.com')"
Ruh's Cafe,Yes,No,4.1/5,463,BTM,Cafe,"Coffee, Pasta, Basil Pesto Chicken, Exotic Veg Pizza, Basil Soup, Nachos, Chicken Sizzler","Cafe, American, Italian, Continental, Chinese",500,Delivery,Bannerghatta Road
Eatery Have U Been,Yes,No,3.4/5,36,BTM,"Cafe, Quick Bites",,"Cafe, Chinese, Fast Food, Burger, North Indian",500,Delivery,Bannerghatta Road
Mojo Pizza - 2X Toppings,Yes,No,4.2/5,384,Bannerghatta Road,"Takeaway, Delivery","Chocolava Cake, Pepperoni Pizza, Veggie Pizza, Bbq Chicken, Paneer Tikka, Cheesy Garlic Bread, Cheese Burst Crust",Pizza,600,Delivery,Bannerghatta Road
Upahar Banashree,Yes,No,3.4/5,18,Bannerghatta Road,Quick Bites,,"South Indian, North Indian",400,Delivery,Bannerghatta Road
Petoo,Yes,No,NEW,0,BTM,Quick Bites,,"North Indian, Fast Food, Beverages",400,Delivery,Bannerghatta Road
Me And My Cake,Yes,No,3.1/5,8,JP Nagar,Takeaway,,"Bakery, Desserts",500,Delivery,Bannerghatta Road
Bhojon Tripti,Yes,No,2.9/5,24,Bannerghatta Road,Quick Bites,,"Bengali, North Indian",300,Delivery,Bannerghatta Road
New South Corner,Yes,No,3.7/5,20,BTM,Quick Bites,,"South Indian, North Indian, Chinese",300,Delivery,Bannerghatta Road
Khana Khazana,Yes,No,3.7/5,22,Bannerghatta Road,Delivery,,North Indian,400,Delivery,Bannerghatta Road
China Tang,Yes,No,3.7/5,41,BTM,"Takeaway, Delivery",,Chinese,600,Delivery,Bannerghatta Road
California Burrito,No,No,4.0/5,177,Bannerghatta Road,Quick Bites,"Rice Bowl, Nachos, Rice Bowls, Salad, California Burrito, Tacos, Salads","Mexican, Fast Food",400,Delivery,Bannerghatta Road
Hungry Haters,Yes,No,NEW,0,JP Nagar,Takeaway,,"Chinese, North Indian",300,Delivery,Bannerghatta Road
Tandoor Garden,Yes,No,3.6/5,70,BTM,Quick Bites,"Tandoori Chicken, Butter Naan, Kadai Paneer, Pepper Chicken","North Indian, Chinese, Kebab",350,Delivery,Bannerghatta Road
Caffe Pascucci,Yes,Yes,4.0/5,790,JP Nagar,Casual Dining,"Coffee, Cappuccino, Sandwiches, Salads, Asparagus Soup, Woodfire Pizza, Bruschettas","Continental, Italian, Beverages",1300,Delivery,Bannerghatta Road
Freeze It,Yes,No,3.6/5,6,BTM,Dessert Parlor,,Ice Cream,300,Delivery,Bannerghatta Road
Meal Square,Yes,No,3.2/5,8,Bannerghatta Road,Delivery,,"North Indian, Chinese",600,Delivery,Bannerghatta Road
Chaitanya Cafe,Yes,No,3.9/5,92,JP Nagar,Quick Bites,"Coffee, Pav Bhaji, Masala Dosa, Vada Sambar","South Indian, North Indian, Fast Food",300,Delivery,Bannerghatta Road
Anand Sweets and Savouries,No,No,4.1/5,131,Bannerghatta Road,Sweet Shop,"Chole Bhature, Thali, Papdi Chaat, Shahi Paneer","Mithai, Street Food",400,Delivery,Bannerghatta Road
Narayany Pure Veg,Yes,No,,0,JP Nagar,Quick Bites,,"Street Food, North Indian",250,Delivery,Bannerghatta Road
Tasty Jigarthanda,Yes,No,3.4/5,10,BTM,Beverage Shop,,"Beverages, Ice Cream",150,Delivery,Bannerghatta Road
Berrylicious,Yes,No,3.8/5,89,JP Nagar,Dessert Parlor,"Macaroon, Brownie Sundae, Waffles","Ice Cream, Desserts, Bakery",400,Delivery,Bannerghatta Road
RCS Kitchen,Yes,No,3.3/5,34,BTM,Quick Bites,,Continental,500,Delivery,Bannerghatta Road
Pappu Da Dhaba,Yes,No,3.0/5,57,Jayanagar,Quick Bites,"Lassi, Chai, Paratha","North Indian, Fast Food, Beverages, Momos",400,Delivery,Bannerghatta Road
Smoke - The Sizzler House,Yes,No,3.8/5,92,Bannerghatta Road,Food Court,"Chicken Sizzler, Garlic Bread, Potato Wedges, Vanilla Ice Cream, Pasta, French Fries","Continental, Chinese, Thai, Italian, BBQ, Steak",1100,Delivery,Bannerghatta Road
Sandwich Shop,Yes,No,2.9/5,47,JP Nagar,Delivery,,"Fast Food, Burger, Sandwich",400,Delivery,Bannerghatta Road
Joon Restaurant,Yes,No,3.7/5,31,BTM,Quick Bites,,"Arabian, Chinese, North Indian, Kerala, Juices",400,Delivery,Bannerghatta Road
Shree Udupi Grand,Yes,No,3.8/5,14,Jayanagar,Casual Dining,,"South Indian, North Indian, Chinese",600,Delivery,Bannerghatta Road
Snack Knack,Yes,No,3.0/5,36,BTM,Quick Bites,,"North Indian, Chinese",200,Delivery,Bannerghatta Road
Chung Wah Opus,Yes,No,3.0/5,57,JP Nagar,Casual Dining,"Rice, Noodles, Chop Suey","Chinese, Thai",650,Delivery,Bannerghatta Road
Chef & Dine,Yes,No,3.2/5,57,Bannerghatta Road,Casual Dining,,"North Indian, Arabian, Fast Food",650,Delivery,Bannerghatta Road
GFC Biryani,Yes,No,,0,BTM,Quick Bites,,Biryani,300,Delivery,Bannerghatta Road
Once In Nature,Yes,No,3.7/5,37,JP Nagar,Quick Bites,,Healthy Food,300,Delivery,Bannerghatta Road
Manjushree Upahara,Yes,No,3.8/5,31,Bannerghatta Road,Quick Bites,,South Indian,150,Delivery,Bannerghatta Road
Hotel Annapoorna,Yes,No,3.2/5,9,Bannerghatta Road,Quick Bites,,"South Indian, Chinese, North Indian, Seafood",400,Delivery,Bannerghatta Road
Dream a Dozen,Yes,No,4.3/5,133,JP Nagar,Delivery,"Cup Cake, Cake Pops, Chocolate Truffle Cake, Brownie","Bakery, Desserts",300,Delivery,Bannerghatta Road
Bread Crumbs Bakery,No,No,4.0/5,164,Bannerghatta Road,Bakery,"Samosa, Egg Puff, Paneer Puff, Chocolate Truffle","Desserts, Bakery",250,Delivery,Bannerghatta Road
Nite Out,Yes,No,3.9/5,161,JP Nagar,Delivery,"Biryani, Noodles","North Indian, Chinese, Biryani",500,Delivery,Bannerghatta Road
Le Centre Jeunesse,Yes,No,,0,Bannerghatta Road,Quick Bites,,Continental,400,Delivery,Bannerghatta Road
Cupcake Bliss,Yes,No,3.5/5,9,BTM,Delivery,,Bakery,250,Delivery,Bannerghatta Road
Armaani Caffe,Yes,No,3.5/5,12,BTM,Quick Bites,,Fast Food,250,Delivery,Bannerghatta Road
Muddhe Bytes,Yes,No,3.4/5,9,Bannerghatta Road,Quick Bites,,"South Indian, Biryani",300,Delivery,Bannerghatta Road
The Paratha Stories,Yes,No,NEW,0,JP Nagar,Quick Bites,,North Indian,250,Delivery,Bannerghatta Road
Food Court,Yes,No,,0,JP Nagar,Quick Bites,,"North Indian, Chinese",300,Delivery,Bannerghatta Road
Calvin's,Yes,No,NEW,0,Bommanahalli,"Takeaway, Delivery",,"Desserts, Italian, Pizza",800,Delivery,Bannerghatta Road
Yummy Momos,Yes,No,NEW,0,Bannerghatta Road,Quick Bites,,"Momos, Tibetan, Chinese",200,Delivery,Bannerghatta Road
Bombay Kulfis,Yes,No,3.5/5,9,Bannerghatta Road,Dessert Parlor,,Ice Cream,200,Delivery,Bannerghatta Road
Willys Top Cafe,Yes,No,4.0/5,308,Jayanagar,Cafe,"Coffee Shake, Pasta, Buffalo Wings, Sandwich, Chicken Wings, Burgers, Fries","Cafe, Continental, Asian",750,Delivery,Bannerghatta Road
Mist n Creams,Yes,No,3.7/5,15,Bannerghatta Road,Dessert Parlor,,Ice Cream,400,Delivery,Bannerghatta Road
Papacream,Yes,No,3.7/5,17,JP Nagar,Dessert Parlor,,"Desserts, Ice Cream",350,Delivery,Bannerghatta Road
Woody's,Yes,No,2.6/5,208,JP Nagar,Casual Dining,"Curd Rice, Pongal, Coffee, Thali, Noodles, Pav Bhaji, Masala Dosa","Chinese, South Indian, North Indian",650,Delivery,Bannerghatta Road
JP Fish Land,Yes,No,3.6/5,24,BTM,Quick Bites,,Seafood,300,Delivery,Bannerghatta Road
Pepper Crown Restaurant,Yes,No,3.2/5,7,Bannerghatta Road,Casual Dining,,"Continental, North Indian, Chinese",700,Delivery,Bannerghatta Road
Pizza Paradise,Yes,No,3.6/5,59,JP Nagar,Quick Bites,,Pizza,500,Delivery,Bannerghatta Road
Cakeport,Yes,No,,0,Bannerghatta Road,Bakery,,Bakery,400,Delivery,Bannerghatta Road
The Curry Hut Plus,Yes,No,3.4/5,116,Bannerghatta Road,Casual Dining,"Thai Chicken, Paratha, Mutton Fry","North Indian, South Indian, Chinese",400,,
" the cashier and the staff din't even bother to help me or at least acknowledge me. You guys need to take care of your customers to run your business or else the end result is going to be no business.\nI hope no other customer encounters a similar scenario."""")", ('Rated 4.0', 'RATED\n  Heard A lot about this place by word of mouth.Ordered dinner\n1) Afghani chicken:- I will rate 4.5 this dish is perfect tandoor ..And nice combination of all spice. Not giving 5 just because bird size was small..?\n\n2) Singapore rice:- I will rate it 5 ate a different taste for first time... Quantity was good.. nd it was yumm.\n\n3) kadhai chicken:- this gravy was good the chicken piece was bit hard.. quantity was good. Nd I will rate it 4.\n\nSo over all great food nd value of money.\nKeep up good job curry hut team.??'), ('Rated 1.0', 'RATED\n  Worst ever food order in recent times was from this place. Ordered a chicken biriyani, ('Rated 2.5', 'RATED\n  Decided to order in one day, heard alot about the butter chicken of this place from various friends.\n\nWe ordered\n\nButter chicken\nApart from the high expectations, it was an average butter chicken, the colour was too dark, ('Rated 1.0'," """"RATED\n  Ordered egg and chicken biryani. The worst biryani one could ever have. Just plain rice. No masalas nothing. The rice is grainy"
Brews N Bites,Yes,No,2.7/5,48,Bannerghatta Road,"Quick Bites, Cafe",Thin Crust Pizza,"Chinese, Fast Food, Cafe, Street Food, Finger Food",650,Delivery,Bannerghatta Road
Skytouch Le Cafe,Yes,No,3.7/5,127,JP Nagar,Cafe,"Pizza, Pasta, Bubble Tea, Brownie, Pancakes, Cheesy Garlic Bread, Chocolate Waffles","Cafe, Italian, Desserts",700,Delivery,Bannerghatta Road
Malabar Mess,No,No,3.7/5,43,Bannerghatta Road,Mess,,Kerala,250,Delivery,Bannerghatta Road
Malabar Cafe,Yes,No,3.3/5,4,Bannerghatta Road,Quick Bites,,"South Indian, Kerala, Biryani",400,Delivery,Bannerghatta Road
Tangra Indo - Chinese Cuisine,Yes,No,3.6/5,29,Jayanagar,Food Court,,"Chinese, Thai",400,Delivery,Bannerghatta Road
Juice Junction,Yes,No,2.9/5,19,JP Nagar,Beverage Shop,,"Juices, Fast Food",150,Delivery,Bannerghatta Road
Mudpipe Cafe,Yes,Yes,3.9/5,727,JP Nagar,Cafe,"Coffee, Pizza, Nachos, Kit Kat Shake, Garlic Bread, Mexican Rice, Burgers","Cafe, Continental, North Indian",800,Delivery,Bannerghatta Road
Xpress Chai,Yes,No,3.3/5,6,BTM,"Beverage Shop, Quick Bites",,"Tea, Fast Food",150,Delivery,Bannerghatta Road
Vaho Kafe & Pressery,No,No,3.9/5,125,Bannerghatta Road,Cafe,"Salad, Chicken Curry, Peri Peri Chicken, Thai Red Curry, Momos, Chicken Satay, Pasta","Cafe, Healthy Food, Asian, Italian, North Indian, Biryani, Juices",500,Delivery,Bannerghatta Road
Zhangs Classic,Yes,No,2.6/5,170,Bannerghatta Road,Casual Dining,"Chowmein, Chicken Manchow Soup, Momos, Dragon Rolls, Chicken Momo, Hot Pot, Sweet Corn Chicken Soup","Italian, Chinese, Japanese",600,Delivery,Bannerghatta Road
Biryani Rooh-e-Khaas,Yes,No,NEW,0,Bannerghatta Road,Quick Bites,,"Biryani, Mughlai",400,Delivery,Bannerghatta Road
Guru Greens,No,No,3.8/5,89,Bannerghatta Road,Casual Dining,"Tandoori Chicken, Beer, Pepper Chicken, French Chicken","North Indian, Chinese",550,Delivery,Bannerghatta Road
D View Cafe,Yes,No,4.0/5,507,JP Nagar,"Cafe, Quick Bites","Chicken Lollipop, Dragon Rolls, Pasta Alfredo, Chicken Pakora, Burgers, Cappuccino, Chicken Wings","Cafe, Italian, Chinese, Beverages",1000,Delivery,Bannerghatta Road
The Cuboidal,Yes,No,3.6/5,16,BTM,Quick Bites,,"Fast Food, Beverages, Sandwich",300,Delivery,Bannerghatta Road
Delifusion - Hunger Sorted,Yes,No,3.3/5,6,Bannerghatta Road,Quick Bites,,"Continental, Chinese, North Indian",500,Delivery,Bannerghatta Road
Flavour of China,Yes,No,3.8/5,254,BTM,Casual Dining,"Spring Roll, Chilli Chicken, Chowmein, Sweet Corn Chicken Soup, Dragon Chicken, Hakka Noodles, Chop Suey",Chinese,550,Delivery,Bannerghatta Road
Al-Marhaba Restaurant,Yes,No,NEW,0,BTM,Quick Bites,,"Arabian, Chinese, North Indian, Rolls, Momos",400,Delivery,Bannerghatta Road
Gujrati Mess,Yes,No,3.6/5,18,JP Nagar,Mess,,Gujarati,200,Delivery,Bannerghatta Road
Heaven 2 Oven,Yes,No,NEW,0,BTM,Quick Bites,,Chinese,300,Delivery,Bannerghatta Road
Cake-O-Mania,Yes,No,3.4/5,7,Bannerghatta Road,"Takeaway, Delivery",,"Bakery, Desserts",300,Delivery,Bannerghatta Road
The Park Inn Restaurant,No,No,3.0/5,18,Bannerghatta Road,Quick Bites,,"North Indian, Chinese",450,Delivery,Bannerghatta Road
Green Go,Yes,No,NEW,0,Bannerghatta Road,Beverage Shop,,"Beverages, Juices",200,Delivery,Bannerghatta Road
The Cravery,Yes,No,2.6/5,18,JP Nagar,Cafe,,"Continental, Burger, Beverages, Cafe, Italian, Rolls",500,Delivery,Bannerghatta Road
Eagle Ridge,No,Yes,3.2/5,8,Bannerghatta Road,Casual Dining,,"South Indian, North Indian, Chinese",700,Delivery,Bannerghatta Road
Vidya Cafe,Yes,No,3.2/5,4,JP Nagar,Quick Bites,,"Burger, Fast Food, Desserts, Sandwich",300,Delivery,Bannerghatta Road
Northern Bites,No,No,NEW,0,Bannerghatta Road,Quick Bites,,"Chinese, North Indian, Biryani",350,Delivery,Bannerghatta Road
Kabab Treat,Yes,No,2.8/5,334,Bannerghatta Road,Casual Dining,"Biryani, Tandoori Chicken, Chicken Grill, Shawarma Roll","North Indian, Chinese",500,,
 'RATED\n  superb...'), ('Rated 1.0'," """"RATED\n  I wasn't given the food I ordered."""")", ('Rated 1.0'," """"RATED\n  delivered", ('Rated 1.0', 'RATED\n  Not good'), ('Rated 1.0', 'RATED\n  this restaurant is very bad worst restaurant for ever.....'), ('Rated 5.0'," """"RATED\n  I wasn't given the food I ordered."""")", ('Rated 2.0'
Limra Hotel,Yes,No,3.3/5,26,BTM,Quick Bites,,"Chinese, North Indian",300,Delivery,Bannerghatta Road
Punjabi Unplugged,Yes,No,NEW,0,Bannerghatta Road,Quick Bites,,North Indian,500,Delivery,Bannerghatta Road
Cafe Arabica,No,No,3.8/5,69,Bannerghatta Road,"Cafe, Bakery","Coffee, French Fries, Lemon Tea, Veg Sandwich","Cafe, Bakery",700,Delivery,Bannerghatta Road
Bangalore Pizza & Pulse Juice Bar,No,No,,0,Bannerghatta Road,Food Court,,"Juices, Pizza",500,Delivery,Bannerghatta Road
Pizza On The Way,No,No,NEW,0,Bannerghatta Road,Quick Bites,,Pizza,300,Delivery,Bannerghatta Road
Smoor,Yes,No,3.6/5,18,Bannerghatta Road,Dessert Parlor,,"Desserts, Cafe, Beverages",900,Delivery,Bannerghatta Road
Kafe Nook,Yes,No,3.6/5,35,BTM,Quick Bites,,Fast Food,300,Delivery,Bannerghatta Road
Kumbha Bhojanam,No,No,3.6/5,11,Bannerghatta Road,Food Court,,Andhra,300,Delivery,Bannerghatta Road
Yummerica Fries,No,No,3.3/5,16,BTM,Quick Bites,,"Fast Food, Beverages",300,Delivery,Bannerghatta Road
Frozen Bottle,Yes,No,3.6/5,59,JP Nagar,Beverage Shop,,"Beverages, Desserts, Ice Cream",400,Delivery,Bannerghatta Road
Casa Piccosa,Yes,Yes,4.1/5,842,JP Nagar,"Casual Dining, Bar","Cocktails, Cajun Chicken, Beer, Salads, Chilli Babycorn, Chicken Tacos, Murgh Platter","South American, Continental, Italian",1100,Delivery,Bannerghatta Road
Rolls On Wheels,No,No,3.4/5,25,Bannerghatta Road,Quick Bites,,"Fast Food, Rolls, Momos",300,Delivery,Bannerghatta Road
Bake Addiction,Yes,No,4.0/5,88,JP Nagar,Bakery,"Cup Cake, Swiss Roll","Bakery, Desserts",500,Delivery,Bannerghatta Road
Tongue Twisters,Yes,No,3.5/5,283,BTM,Quick Bites,"Veg Thali, Fish Thali","Bengali, North Indian, Oriya",350,Delivery,Bannerghatta Road
Hot Rolls & House Of Kebabs,Yes,No,3.1/5,55,JP Nagar,Quick Bites,,"Rolls, Kebab, Biryani",200,Delivery,Bannerghatta Road
Aami Kolkata,No,No,3.3/5,5,Bannerghatta Road,Delivery,,Bengali,600,Delivery,Bannerghatta Road
Food Times,Yes,No,,0,JP Nagar,"Takeaway, Delivery",,"North Indian, Arabian",300,Delivery,Bannerghatta Road
Vaathsalya Millet Cafe,Yes,Yes,4.1/5,293,JP Nagar,Casual Dining,"Khichda, Thali, Jowar Roti, Cucumber Juice, Brownie, Palak Soup, Buttermilk","Healthy Food, South Indian",500,Delivery,Bannerghatta Road
Chaatimes,Yes,No,4.1/5,9,BTM,Quick Bites,,"Street Food, Fast Food",250,Delivery,Bannerghatta Road
Hungry Buddies,No,No,3.3/5,33,BTM,Quick Bites,,North Indian,150,Delivery,Bannerghatta Road
Goodness! Beverages,Yes,No,,0,BTM,"Takeaway, Delivery",,Beverages,250,Delivery,Bannerghatta Road
The Chaat Shop,No,No,3.2/5,9,BTM,Quick Bites,,Street Food,100,Delivery,Bannerghatta Road
TheRiceBowl.In,Yes,No,3.4/5,19,BTM,Takeaway,,"Biryani, North Indian",200,Delivery,Bannerghatta Road
Guru Garden,No,No,2.9/5,106,Bannerghatta Road,Casual Dining,Biryani,"North Indian, Chinese",450,,
 andhra style chilli chicken, mutton kheema balls are a must try... u need to go here a hundred times to get to know all the waiters for that xtra service....'), ('Rated 2.0'," """"RATED\n  I will not recommend this place unless you are looking for a literally bar under the shades (shady as an adjective). Dark", Mosquitoes, may be yes.\n\nLocation (2/5): Difficult to find. Dark and no well lit directions. No parking. Need to drive further and find a space. Please don't drink and drive. If you have to," beware of cops camped right at the entrance.\n\nAmbiance (1/5) - Mosquitoes for company. Very ill lit (not candle lit). Toilets are not to be visited\n\nService (2/5): Very poor. Its structured as a Bar service so expect the same level of courtesy and manners.\n\nFood (3/5) - Some of the dishes in the list are good. But i wouldn't recommend a visit anyway."""")", ('Rated 3.5', 'RATED\n  I have been to this place innumerable number of times. not a bad choice if you want to have a nice time with family or friends with some drinks.'), ('Rated 4.0', 'RATED\n  One of the oldest restaurants on BG road. I used to frequent this place whenever we needed a break from our hostel mess. Food is quite spicy. Gets crowded in the evenings. The food is of average quality. If you tip thy the waiter will get some quick service. Would give 3 for food, 4 for place')
Cakes By M,No,No,3.4/5,7,Bannerghatta Road,Delivery,,Bakery,500,Delivery,Bannerghatta Road
Brewz Coffee,Yes,No,3.0/5,61,BTM,Cafe,"Coffee, Sandwiches, Cappuccino",Cafe,650,Delivery,Bannerghatta Road
Fritz Haber,Yes,No,3.4/5,4,South Bangalore,Delivery,,"Ice Cream, Desserts",450,Delivery,Bannerghatta Road
Athithi,No,No,2.8/5,80,Bannerghatta Road,Casual Dining,Dum Biryani,"Andhra, Biryani, Chinese, North Indian",650,,
" """"RATED\n  I usually order food for home delivery. I haven't been to the place yet.\nThe taste of the food is really good which is why we only order from this place now ( at least twice a week).\nFavourites: Athithi special chicken biriyani", guntur chicken, gongura chicken," dal fry ( inconsistent preparation for this dish)"""")", ('Rated 4.0', had the mutton pepper fry & mutton rogan josh, and the veg sheekh kebab, dal makhani & egg biryani for my veggie friends. Everything was either well above average, or just plain outstanding! Especially the mutton - great quality meat & straightforward tasty preparations. The biryani had a raw spice edge to it, that was actually interesting. The sheekh was as nice as veg sheekh can be, 'RATED\n  Amazing Andhra food !!! I only order from this place, and the quantity they provide in one meal can easily serve two people (even three !!!) .. The amount of rice
Shee-Sha Cafe,No,Yes,3.6/5,39,Bannerghatta Road,"Cafe, Casual Dining",,"Cafe, North Indian, Chinese, Continental",800,Delivery,Bannerghatta Road
Favourite Restaurant,Yes,No,,0,JP Nagar,"Takeaway, Delivery",,Fast Food,300,Delivery,Bannerghatta Road
Melt - Eden Park,Yes,Yes,4.0/5,347,JP Nagar,Casual Dining,"Tandoori Chicken, Biryani, Paneer Tikka, Chicken Curry, Plain Rice, Cheese Naan, Malaysian Noodles","North Indian, Chinese, Thai, Mughlai, Seafood",1000,Delivery,Bannerghatta Road
Roll N Rock,Yes,No,3.7/5,33,JP Nagar,Quick Bites,,"Chinese, North Indian, Mughlai, Rolls",400,Delivery,Bannerghatta Road
Smooth Blender,Yes,No,3.4/5,7,Bannerghatta Road,Beverage Shop,,Beverages,300,Delivery,Bannerghatta Road
Sri Bhagya Grand,Yes,No,3.4/5,186,Bannerghatta Road,Casual Dining,"Pav Bhaji, Tea, Tandoori Roti, Coffee, Malai Kofta, Vada, Curd Rice","South Indian, North Indian, Chinese, Street Food, Beverages",450,Delivery,Bannerghatta Road
Shree Guru Juice 'N' Ice,Yes,No,3.3/5,5,Bannerghatta Road,Quick Bites,,"Fast Food, Chinese, Beverages",250,Delivery,Bannerghatta Road
Bhavya Military Hotel,No,No,3.5/5,18,Bannerghatta Road,Quick Bites,,South Indian,300,Delivery,Bannerghatta Road
Neals Cafe,No,No,3.1/5,14,Bannerghatta Road,Quick Bites,,"North Indian, Chinese",550,Delivery,Bannerghatta Road
Flavorsome Bakes,No,No,4.0/5,93,Bannerghatta Road,"Takeaway, Delivery","Cup Cake, Pineapple Cake","Bakery, Desserts",800,Delivery,Bannerghatta Road
Bake-ooh,No,No,3.7/5,17,Bannerghatta Road,"Takeaway, Delivery",,Bakery,350,Delivery,Bannerghatta Road
The Yummy Tummy,No,No,3.5/5,13,Bannerghatta Road,Quick Bites,,"North Indian, Street Food",200,Delivery,Bannerghatta Road
Mast Kalandar,No,No,2.4/5,183,Bannerghatta Road,Delivery,"Lassi, Raita, Chole, Dal Makhani, Gulab Jamun, Buttermilk",North Indian,450,,
 'RATED\n  Similar to other outlets service is pathetic.\nEven for the most common items they take a lot of time to serve.\nFood is average and not that great.'), ('Rated 4.0', 'RATED\n  Well, totally a homely food flavour. That\'s how they sell themselves and that\'s what they deliver. Well," just some thing on northern favourite RAJMAH"""" need to improve this dish in flavour and taste """".')", 'RATED\n  Ordered through Zomato App from this place. By my previous experience was not expecting any WOW!!! experience and it turns out to be as expected. Ordered Combo Meal which had couple of Laccha Paratha which was done on Tava instead of Tandoor which I was expecting it to be. Some Paneer dish which was sweety but paneer was soft. Dal Makhani which I feel is highly over-rated was average and had Black Chana as dry vegetable or a starter which I could not figure it out. Apart from above there was a Gulab Jamun and fried rice.'), ('Rated 1.0'," """"RATED\n  Today I ordered Lunch from this restaurant which is located at Bannergatta main road and I MUST SAY that this is just worse than the worst food people can even think of. The dal", Pulav chole were just like masala water preparations. Forget about the taste. Half of the food was over priced and the quantity was like if you have 2 spoons its all over," and the Mango Lassi which i ordered had started to ferment or i don't know if it was even rotten  but was spoiled. People just an advice stay off from this restaurant and better eat road side food if you are left with no options. Hopeless food in terms of quality and quantity."""")",better I say it's not worth.\nFor example HP2(Halka Phulka2  Rs 139+tax),they give 3 small phulka's(All 3 phulka's doesn't exceed even 10 rs).This small Phulka's wont be sufficient even for a boy/girl who is less than 10 yrs(so u can guess how small they are).For this food Max 80 Rs is more than enough.\n\nIn a very very very small bowl they give rice(which you can eat in one go)
One KG,No,No,,0,Bannerghatta Road,"Takeaway, Delivery",,"Biryani, Kebab",400,Delivery,Bannerghatta Road
Sultan's Biryani,No,No,3.0/5,12,Bannerghatta Road,Delivery,,"Biryani, North Indian",700,Delivery,Bannerghatta Road
Halli Sogasu,No,No,3.0/5,15,Bannerghatta Road,Casual Dining,,"South Indian, Andhra",600,Delivery,Bannerghatta Road
4671 Indian Coastal Cuisine,No,No,,0,Bannerghatta Road,Food Court,,"Seafood, Mangalorean, Kerala",600,Delivery,Bannerghatta Road
Bake Feast,No,No,,0,Bannerghatta Road,Bakery,,Bakery,300,Delivery,Bannerghatta Road
Crepe Nation,Yes,No,3.8/5,12,South Bangalore,Food Truck,,"Fast Food, Desserts",300,Delivery,Bannerghatta Road
RICE BAR,No,No,3.1/5,7,Bannerghatta Road,Delivery,,"North Indian, Biryani",500,Delivery,Bannerghatta Road
Kanika Biryani Paradise,No,No,3.4/5,15,Bannerghatta Road,Casual Dining,,"North Indian, Andhra, Biryani",700,Delivery,Bannerghatta Road
Resto,No,No,3.7/5,40,Bannerghatta Road,Quick Bites,,"Chinese, North Indian, Fast Food, Momos",350,Delivery,Bannerghatta Road
New Tandoori Point,No,No,3.3/5,9,Bannerghatta Road,Quick Bites,,"North Indian, Chinese",600,Delivery,Bannerghatta Road
Shiv Sagar,No,No,2.9/5,85,Bannerghatta Road,Quick Bites,"Masala Dosa, Chole Bhature, Coffee","South Indian, Street Food",250,Delivery,Bannerghatta Road
Little Shangai,No,No,3.3/5,4,Bannerghatta Road,Food Court,,"Chinese, North Indian, Fast Food",400,Delivery,Bannerghatta Road
Nadella's Kitchen,No,No,3.3/5,4,Bannerghatta Road,Quick Bites,,"North Indian, Biryani",300,Delivery,Bannerghatta Road
Uncle's Kitchen,No,No,2.8/5,12,Bannerghatta Road,Quick Bites,,"North Indian, Chinese, Fast Food",450,Delivery,Bannerghatta Road
Maruthi Bar & Restaurant,No,No,,0,Bannerghatta Road,Casual Dining,,"Chinese, Seafood",800,Delivery,Bannerghatta Road
Coastal Inn,No,No,3.4/5,66,Bannerghatta Road,Casual Dining,"Biryani, Sea Food, Fish Thali","Chinese, North Indian, Seafood",800,,
 and made in the mangalorean style. Price wise, it's honest pricing and not too hard on the pocket. Service is pleasant and quick and ambiance is only average.\nI'll go back," and try some seafood too... looks promising."""")", ('Rated 5.0', 'RATED\n  good manglorain food. crab sukkha is a must try ... .good ambiance,quality of food. worth a revisit .\n value for money.'), ('Rated 5.0', 'RATED\n  Authentic mangalorean cuisines\nTried ghee roast,chicken sukka n coastal inn thali...all were amazing...thali itself is quite stomach filling'), ('Rated 5.0', so give that a bit of preference while you place your orders.'), ('Rated 3.0'
Mom's Momos,No,No,3.3/5,6,Bannerghatta Road,Quick Bites,,Chinese,300,Delivery,Bannerghatta Road
Aishwarya Parkland,No,No,2.9/5,59,Bannerghatta Road,Casual Dining,,"Chinese, North Indian",500,Delivery,Bannerghatta Road
Slice of Spice,No,No,3.1/5,4,Bannerghatta Road,Quick Bites,,"North Indian, Chinese",400,Delivery,Bannerghatta Road
Bao and Rolls,No,No,3.6/5,19,Bannerghatta Road,Quick Bites,,"Rolls, Kebab, Fast Food",250,Delivery,Bannerghatta Road
Andhra Bhojanam,No,No,3.6/5,21,Bannerghatta Road,Casual Dining,,"North Indian, South Indian, Andhra",600,Delivery,Bannerghatta Road
Kedia's Fun Food,No,No,,0,Bannerghatta Road,Quick Bites,,"North Indian, Street Food, Juices",200,Delivery,Bannerghatta Road
Iyengar's Cakes and Cookies,No,No,,0,Bannerghatta Road,Bakery,,Bakery,200,Delivery,Bannerghatta Road
Kanchan Dhaba,No,No,3.2/5,4,Bannerghatta Road,Quick Bites,,"North Indian, Chinese",350,Delivery,Bannerghatta Road
Encyclofoodia,No,No,3.9/5,26,Bannerghatta Road,Quick Bites,,"Kerala, North Indian",350,Delivery,Bannerghatta Road
Bella?s Kitchen,No,No,2.9/5,31,Bannerghatta Road,Casual Dining,,"Chinese, Seafood, North Indian",600,Delivery,Bannerghatta Road
Food Feast Multicusine Restaurant,No,No,3.3/5,16,Bannerghatta Road,Quick Bites,,"North Indian, Chinese, Hyderabadi",600,Delivery,Bannerghatta Road
Bangalir Rannaghar,No,No,2.9/5,58,Bannerghatta Road,Quick Bites,Noodles,"Bengali, North Indian, Chinese",250,Delivery,Bannerghatta Road
Sai Samosa & Chat Corner,No,No,3.3/5,9,Bannerghatta Road,"Takeaway, Delivery",,"Fast Food, Street Food",200,Delivery,Bannerghatta Road
Lalchee's Rasoi,No,No,3.6/5,162,Bannerghatta Road,Casual Dining,"Rolls, Chicken Curry, Hara Bhara Kebab, Egg Masala, Egg Curry, Naan, Roti","North Indian, Chinese",500,,
 ('Rated 3.5'," """"RATED\n  Had ordered food here via zomato app", they did play bit by making me choose a different item of lesser price & made me spend about an hour with zomato support to get the refund of the balance amount.\n\nI got a few phulkas, kadai paneer masala, chicken biryani & a brownie (zomato treat) [pics added]. The gravy & biryani had less salt compared to my usual diet else the taste was good. Phulkas were really soft.\n\nNow the disturbing part," blunders do happen but ensure they never repeat and please check your brownies.."""")", ('Rated 1.0', 'RATED\n  worst service ever'), ('Rated 3.0', 'RATED\n  I have been ordering home delivery from Lalchee Rasoi for quite some time now. The Chicken Tikka Masala is worth mention especially when the chicken pieces are in reality made in Tandoor, particularly the proper cooking of the mutton pieces, reducing the amount of oil should sum up the quality factor of the Mutton dishes. Just a tad bit of improvement there.')
Kailash Parbat,No,No,2.7/5,67,Bannerghatta Road,Food Court,"Chole, Chaat, Gulab Jamun, Dahipuri, Sev Puri, Bhel Puri, Pakoda","North Indian, Street Food",300,Delivery,Bannerghatta Road
Just Bake,No,No,,0,Bannerghatta Road,Bakery,,"Bakery, Desserts",400,Delivery,Bannerghatta Road
Goli Vada Pav No 1,No,No,,0,Bannerghatta Road,,,"Street Food, Burger",150,Delivery,Bannerghatta Road
Kitchen King,No,No,,0,Bannerghatta Road,Quick Bites,,"South Indian, North Indian, Chinese",250,Delivery,Bannerghatta Road
Gowdru Hatti Nati Style,No,No,,0,Bannerghatta Road,Quick Bites,,"South Indian, Chinese, Biryani",350,Delivery,Bannerghatta Road
Dream's Kitchen,No,No,3.1/5,7,Bannerghatta Road,Casual Dining,,"North Indian, Andhra, Chinese",700,Delivery,Bannerghatta Road
MOYASS,No,No,,0,Bannerghatta Road,Casual Dining,,"South Indian, Kerala",600,Delivery,Bannerghatta Road
Tandoor Hut,No,No,2.2/5,90,Bannerghatta Road,Casual Dining,"Noodles, Tandoori Chicken","North Indian, Chinese",750,Delivery,Bannerghatta Road
The Chocolatiers,No,No,3.5/5,14,Bannerghatta Road,Dessert Parlor,,Desserts,150,Delivery,Bannerghatta Road
Ballava,No,No,3.3/5,5,Bannerghatta Road,Quick Bites,,"North Indian, South Indian",400,Delivery,Bannerghatta Road
Zaika Take Away,No,No,2.4/5,96,Bannerghatta Road,Casual Dining,"Butter Naan, Kadhai Mushroom","North Indian, Chinese, Thai",500,,
 ('Rated 1.5', 'RATED\n  Just ordered using the zomato order app. The bill was around 360 but the food was not worth it. The delivery arrived 15 mins late(1 hr). The food I ordered were naan,mushroom kadai,veg paneer roll,paneer pulao.\nNaan was like unchewable rubber.\nMushroom kadai tasted like tomato gravy.\nPaneer pulao - paneer was not fried, ('Rated 4.0', 'RATED\n  The food was good\nTried the meal box and\nChinese items all were good\nBiryani was good\nMomo was too good\nService is good but the place is small\nSometime u will have to wait for other to finsh to get table'), ('Rated 3.5'," """"RATED\n  Went here for a light lunch. Tried momos", both veg and chicken, ('Rated 1.0', 'RATED\n  No hygiene
Sapid,No,No,,0,Bannerghatta Road,Delivery,,North Indian,250,Delivery,Bannerghatta Road
Sapid.in,No,No,,0,Bannerghatta Road,Delivery,,North Indian,350,Delivery,Bannerghatta Road
Hotel Muthu,No,No,,0,Bannerghatta Road,Quick Bites,,South Indian,200,Delivery,Bannerghatta Road
Orlando's Pizzeria,No,No,,0,Bannerghatta Road,Casual Dining,,"Pizza, Italian, Desserts",800,Delivery,Bannerghatta Road
Healthy Smoothie,No,No,,0,Bannerghatta Road,Delivery,,"American, Bakery, Beverages, Cafe, Healthy Food, Juices, North Indian, Sandwich",300,Delivery,Bannerghatta Road
Snackiey,No,No,3.5/5,11,Bannerghatta Road,Quick Bites,,North Indian,250,Delivery,Bannerghatta Road
Hotel Shyam Mangalam & Catering Service,No,No,,0,Bannerghatta Road,Quick Bites,,"South Indian, North Indian, Oriya",400,Delivery,Bannerghatta Road
Sheer Kurma,No,No,,0,Bannerghatta Road,Quick Bites,,Desserts,300,Delivery,Bannerghatta Road
Thalassery Food Court,No,No,,0,Bannerghatta Road,Casual Dining,,"Chinese, Kerala",500,Delivery,Bannerghatta Road
House Of Candy,No,No,,0,Bannerghatta Road,Confectionery,,Desserts,200,Delivery,Bannerghatta Road
Oye Bubly,No,No,,0,Bannerghatta Road,Quick Bites,,Fast Food,200,Delivery,Bannerghatta Road
Doddamma Devi Juice & Chats Centre,No,No,,0,Bannerghatta Road,Quick Bites,,"Chinese, Street Food, Juices",200,Delivery,Bannerghatta Road
Kabab Corner,No,No,,0,Bannerghatta Road,Quick Bites,,"Arabian, Chinese, Kerala",400,Delivery,Bannerghatta Road
Sandwich Mamas,No,No,3.2/5,4,Bannerghatta Road,Quick Bites,,Fast Food,300,Delivery,Bannerghatta Road
The Shake Factory Originals,No,No,3.3/5,8,Bannerghatta Road,"Beverage Shop, Quick Bites",,"Beverages, Fast Food",200,Delivery,Bannerghatta Road
Foodiction,No,No,2.9/5,54,Bannerghatta Road,Quick Bites,,"North Indian, Fast Food, Chinese, Burger",500,Delivery,Bannerghatta Road
Hotel Lakshmi Paradise,No,No,3.3/5,7,Bannerghatta Road,Quick Bites,,"North Indian, Mughlai",400,Delivery,Bannerghatta Road
Kamat,No,No,,0,Bannerghatta Road,Quick Bites,,"South Indian, Fast Food",300,Delivery,Bannerghatta Road
Jugz Cafe,No,No,,0,Bannerghatta Road,Delivery,,South Indian,250,Delivery,Bannerghatta Road
Taste Of Home,No,No,,0,Bannerghatta Road,"Takeaway, Delivery",,"South Indian, North Indian, Chinese",300,Delivery,Bannerghatta Road
The Punjabi Tadka,No,No,,0,Bannerghatta Road,Delivery,,North Indian,200,Delivery,Bannerghatta Road
Desi Bites,No,No,3.3/5,4,Bannerghatta Road,Food Court,,Street Food,200,Delivery,Bannerghatta Road
Shiv Sai,No,No,3.2/5,4,Bannerghatta Road,Quick Bites,,North Indian,400,Delivery,Bannerghatta Road
Dastarkhan,No,No,NEW,0,Bannerghatta Road,Quick Bites,,Mughlai,400,Delivery,Bannerghatta Road
Sri Banashankari Biryani Kabab Centre,No,No,,0,Bannerghatta Road,Quick Bites,,"Biryani, Fast Food",100,Delivery,Bannerghatta Road
The Sandesh Factory,No,No,,0,Bannerghatta Road,Sweet Shop,,"Mithai, Desserts",150,Delivery,Bannerghatta Road
Adi's Cake N Cafe,No,No,,0,Bannerghatta Road,Bakery,,Bakery,400,Delivery,Bannerghatta Road
D Fusion,No,No,,0,Bannerghatta Road,Quick Bites,,"Fast Food, Chinese",400,Delivery,Bannerghatta Road
The Right Moo Organic Icecreams,No,No,,0,Bannerghatta Road,Dessert Parlor,,Desserts,300,Delivery,Bannerghatta Road
Swad Family Restaurant,No,No,,0,Bannerghatta Road,Casual Dining,,"North Indian, Chinese",650,Delivery,Bannerghatta Road
Bread & Better,No,No,,0,Bannerghatta Road,Bakery,,"Bakery, Fast Food",50,Delivery,Bannerghatta Road
Papa Khan Biryani,No,No,,0,Bannerghatta Road,"Takeaway, Delivery",,"Biryani, Mughlai",300,Delivery,Bannerghatta Road
Vah Biryani,No,No,,0,Bannerghatta Road,Delivery,,"Biryani, Chinese",300,Delivery,Bannerghatta Road
9 Tea,No,No,,0,Bannerghatta Road,"Takeaway, Delivery",,"South Indian, Street Food, Tea",200,Delivery,Bannerghatta Road
Gobble Up,No,No,,0,Bannerghatta Road,"Takeaway, Delivery",,"Chinese, Street Food",200,Delivery,Bannerghatta Road
Sri Annalakshmi,No,No,,0,Bannerghatta Road,"Takeaway, Delivery",,"South Indian, North Indian",200,Delivery,Bannerghatta Road
Magadh Jalpan,No,No,,0,Bannerghatta Road,"Takeaway, Delivery",,Street Food,200,Delivery,Bannerghatta Road
Annam Ilaiyil,No,No,,0,Bannerghatta Road,Quick Bites,,South Indian,450,Delivery,Bannerghatta Road
Kopper Pot,No,No,,0,Bannerghatta Road,Bakery,,Bakery,500,Delivery,Bannerghatta Road
Chillax Point,No,No,,0,Bannerghatta Road,Quick Bites,,"North Indian, Chinese",300,Delivery,Bannerghatta Road
Little Sweetooth,No,No,,0,Bannerghatta Road,Delivery,,Bakery,300,Delivery,Bannerghatta Road
Tandoor Plaza,No,No,,0,Bannerghatta Road,Casual Dining,,North Indian,500,Delivery,Bannerghatta Road
Chef Snow,No,No,,0,Bannerghatta Road,Delivery,,"North Indian, Chinese",300,Delivery,Bannerghatta Road
Northway Cuisine,No,No,NEW,0,Bannerghatta Road,Quick Bites,,"North Indian, Chinese",350,Delivery,Bannerghatta Road
Udupi Biriyani Point,No,No,,0,Bannerghatta Road,"Takeaway, Delivery",,"North Indian, South Indian",190,Delivery,Bannerghatta Road
Fresh Code,No,No,,0,Bannerghatta Road,"Takeaway, Delivery",,"Chinese, North Indian",300,Delivery,Bannerghatta Road
A-1 Chicken Biriyani & Kababs,No,No,,0,Bannerghatta Road,Quick Bites,,Mughlai,200,Delivery,Bannerghatta Road
The Ocean Kitchen,No,No,NEW,0,Bannerghatta Road,Quick Bites,,"North Indian, Chinese, Seafood, South Indian",200,Delivery,Bannerghatta Road
Smooth,No,No,NEW,0,Bannerghatta Road,Food Court,,"Desserts, Ice Cream",200,Delivery,Bannerghatta Road
Om Nom Thai,No,No,,0,South Bangalore,Food Truck,,"Thai, Momos",400,Delivery,Bannerghatta Road
D2V Cafe,No,No,3.6/5,13,Bannerghatta Road,Cafe,,Cafe,700,Delivery,Bannerghatta Road
The Juicy,Yes,No,3.5/5,13,JP Nagar,Beverage Shop,,"Beverages, Juices",100,Delivery,Bannerghatta Road
Feast and Burp,No,No,3.3/5,4,Bannerghatta Road,Quick Bites,,North Indian,300,Delivery,Bannerghatta Road
Mr Shawarma,No,No,,0,Bannerghatta Road,Quick Bites,,Fast Food,200,Delivery,Bannerghatta Road
Chocolate Junction,No,No,,0,Bannerghatta Road,Dessert Parlor,,Desserts,200,Delivery,Bannerghatta Road
Pohawala,No,No,,0,Bannerghatta Road,"Takeaway, Delivery",,Fast Food,100,Delivery,Bannerghatta Road
Wellness Cafe,No,No,,0,Bannerghatta Road,Cafe,,"Cafe, Healthy Food",400,Delivery,Bannerghatta Road
Zengi Pub & Restaurant,Yes,No,3.7/5,30,BTM,"Pub, Casual Dining",,"Finger Food, Continental, Chinese",900,Delivery,Bannerghatta Road
Cafe Indiana,No,No,3.5/5,17,Bannerghatta Road,"Quick Bites, Dessert Parlor",,"Fast Food, Desserts",600,Delivery,Bannerghatta Road
Cafe Choco Craze,No,No,3.7/5,9,Bannerghatta Road,Cafe,,"Cafe, Fast Food, Desserts",400,Delivery,Bannerghatta Road
Stajasia Ahara,No,No,,0,Bannerghatta Road,"Takeaway, Delivery",,Mexican,100,Delivery,Bannerghatta Road
Zainee Home food,No,No,,0,Bannerghatta Road,Delivery,,North Indian,300,Delivery,Bannerghatta Road
Pumpkin Food Workshop,No,No,,0,Bannerghatta Road,Quick Bites,,"Chinese, North Indian, South Indian",350,Delivery,Bannerghatta Road
Ammi's Biryani,No,No,2.4/5,392,Bannerghatta Road,,"Chicken Biryani, Hyderabadi Biryani, Rolls, Mutton Biryani, Raita, Kheer, Vegetable Biryani","Biryani, North Indian",500,Delivery,Bannerghatta Road
Multi Cakes,No,No,3.0/5,9,Bannerghatta Road,Bakery,,"Bakery, Desserts",200,Delivery,Bannerghatta Road
Bhukkad,No,No,3.1/5,7,Bannerghatta Road,Quick Bites,,"Healthy Food, Fast Food",250,Delivery,Bannerghatta Road
WOW Laddus,Yes,No,,0,JP Nagar,Delivery,,Mithai,800,Delivery,Bannerghatta Road
Ambur Hotel,No,No,,0,Bannerghatta Road,Quick Bites,,South Indian,250,Delivery,Bannerghatta Road
Malhar Maharashtrian Cuisine,Yes,No,4.0/5,101,Bannerghatta Road,Casual Dining,"Brinjal Curry, Misal Pav, Chicken Thali, Chicken Kolhapuri, Sabudana Vada, Veg Thali",Maharashtrian,500,Delivery,Bannerghatta Road
Mandi,Yes,Yes,3.8/5,560,JP Nagar,Casual Dining,"Phirni, Chaat, Noodles, Rasgulla, Rabri, Butter Naan, Jalebi",North Indian,800,Delivery,Bannerghatta Road
Pallavi North Indian Veg Restaurant,Yes,No,3.7/5,243,JP Nagar,Casual Dining,"Butter Paneer, Butter Naan, Panneer Butter Masala, Tandoori Roti","Biryani, North Indian, Chinese",450,Delivery,Bannerghatta Road
Restro Cafe,Yes,No,3.8/5,30,Jayanagar,Cafe,,Cafe,400,Delivery,Bannerghatta Road
Idly Pidly,Yes,No,3.2/5,148,Bannerghatta Road,Quick Bites,Tea,South Indian,250,Delivery,Bannerghatta Road
Vasudev Adiga's,No,No,2.3/5,291,Bannerghatta Road,Casual Dining,"Coffee, Masala Dosa, Curd Rice, Idli Vada","South Indian, North Indian, Chinese, Street Food, Juices",250,Delivery,Bannerghatta Road
The Biryani House,Yes,No,,0,JP Nagar,Quick Bites,,Andhra,400,Delivery,Bannerghatta Road
TGI Fridays,Yes,Yes,3.9/5,1337,Bannerghatta Road,Lounge,"Cocktails, Salads, Burgers, Long Island Iced Tea, Tacos, Nachos, Steak","American, Burger, Italian, Steak",1700,Delivery,Bannerghatta Road
Just Bake,Yes,No,2.6/5,22,Bannerghatta Road,"Bakery, Quick Bites",,"Bakery, Desserts",400,Delivery,Bannerghatta Road
Earth Plate Express,Yes,No,3.9/5,33,JP Nagar,Food Court,,"Italian, Continental",600,Delivery,Bannerghatta Road
Gharelu Zaika,Yes,No,3.7/5,22,JP Nagar,Delivery,,North Indian,250,Delivery,Bannerghatta Road
Sardarji Londonwaley,No,No,NEW,0,Bannerghatta Road,Delivery,,North Indian,450,Delivery,Bannerghatta Road
Apsara Ice Cream,No,No,4.0/5,65,Bannerghatta Road,Dessert Parlor,Panipuri,"Ice Cream, Desserts",200,Delivery,Bannerghatta Road
Jiyo Natural,No,No,3.6/5,14,South Bangalore,Delivery,,"Healthy Food, North Indian",300,Delivery,Bannerghatta Road
Suji's Kitchen,No,No,,0,JP Nagar,Quick Bites,,"South Indian, North Indian",300,Delivery,Bannerghatta Road
Delicious Night,No,No,,0,JP Nagar,Delivery,,"Biryani, Chinese, Fast Food",200,Delivery,Bannerghatta Road
Zyksha,No,No,3.4/5,9,South Bangalore,Food Truck,,Fast Food,200,Delivery,Bannerghatta Road
Biryani Times,No,No,3.5/5,16,JP Nagar,Quick Bites,,Biryani,300,Delivery,Bannerghatta Road
Hotel Sri Annapoorneshwari Vegetarian,No,No,,0,Bommanahalli,"Takeaway, Delivery",,"Andhra, South Indian, Fast Food",200,Delivery,Bannerghatta Road
KHANAPUR TIFFINS,No,No,,0,South Bangalore,Quick Bites,,"North Indian, Rajasthani",250,Delivery,Bannerghatta Road
Papa Khan Rasoi,No,No,,0,,,,,,Delivery,Bannerghatta Road
Sambram,No,No,,0,JP Nagar,Casual Dining,,"Biryani, North Indian",800,Delivery,Bannerghatta Road
Targaryen's Kitchen,Yes,No,3.6/5,43,JP Nagar,Casual Dining,Tandoori Chicken,"Chinese, North Indian, Mughlai",600,Delivery,Bannerghatta Road
Sakshi,Yes,No,3.0/5,38,Bannerghatta Road,Casual Dining,,"North Indian, Biryani, Chinese, Seafood",550,Delivery,Bannerghatta Road
MK Dabbawala,No,No,3.0/5,22,Bannerghatta Road,Delivery,,North Indian,400,Delivery,Bannerghatta Road
Desi Vibes,Yes,No,3.7/5,46,BTM,Casual Dining,Malai Kofta,North Indian,400,Delivery,Bannerghatta Road
Polar Bear,Yes,No,NEW,0,CV Raman Nagar,Dessert Parlor,,Ice Cream,150,Delivery,Bannerghatta Road
Aman Chaat's And Fast Food Corner,Yes,No,,0,Bannerghatta Road,Quick Bites,,"North Indian, Chinese",150,Delivery,Bannerghatta Road
The French Loaf,Yes,No,2.9/5,25,Bannerghatta Road,"Bakery, Quick Bites",,"Bakery, Desserts, Sandwich",400,Delivery,Bannerghatta Road
Kulfi & More,Yes,No,3.7/5,46,BTM,Dessert Parlor,"Faluda, Rabri, Malai Kulfi","Ice Cream, Desserts, Juices",150,Delivery,Bannerghatta Road
Dal Roti,Yes,No,3.7/5,117,JP Nagar,Quick Bites,"Dal Makhani, Thali, Rajma Masala, Dal Fry, Sweet Lassi, Gulab Jamun",North Indian,150,,
 i love Rajma Masala and yummy buttermilk, Gulab Jamoon is worth the taste. The meals are also pretty good, both quality and quantity wise.\nAffordable prices for such good food.\nSo if you have not gone to Dal Roti please try and if you have been there and didn't have a good experience," go again and try the dishes i mentioned you will not regret.\nGo with simple thought of having good hot food not worrying too much about ambiance and how the servers look."""")", ('Rated 4.0', ('Rated 3.5', 'RATED\n  Dal roti. North indian restaurant suitable for college students and working bachelors. Food is fine. Stay away if you are diet conscious. Service is quick. Food is reasonable'), ('Rated 2.5', 'RATED\n  Limited choices and average taste. Pros open late. Cons cost is a little high as compared to the competitors in d area. And not so spacious.'), ('Rated 1.0'," """"RATED\n  I have been to Dal roti at least 15 times and not once i was disappointed with the place.\nDont judge the book by its cover...Y? Coz.....\nAmbiance is very simple and basic.\nService is very good and quick.\nFood is the talk of the place. They make the best Aloo Paratha and Phulkas. Alone with these dishes", i love Rajma Masala and yummy buttermilk
Deja Vu Resto Bar,Yes,Yes,4.4/5,2487,Bannerghatta Road,Pub,"Gajar Ka Halwa, Chilli Chicken, Hara Bhara Kebab, Custard, Brownie, Sev Puri, Pasta","North Indian, Italian",900,,
 ('Rated 5.0', 'RATED\n  Went here last week , must say the quality of food is excellent. We had 4 starters and all were perfectly done! The best of them was the baby corn starter , overall a good experience.'), ('Rated 4.0', ('Rated 4.0'," """"RATED\n  Had been here for a lunch buffet.\nThe place is good.\nAmbience would be a 3.5.\nService is great 4/5\nFood could be rated as 3.5.\n\nI feel it's a much affordable lunch buffet.\nThey most certainly had a good variety of starters.\nBut I felt the opposite for mains.\n\nI wish I had more for mains.\n\nThe chats were good.\nDesserts were not so good.\n\nOverall a good to go place if you are planning for buffet."""")", ('Rated 3.0', 'RATED\n  DÃƒÂƒ\x83ÃƒÂ‚\x83ÃƒÂƒ\x82ÃƒÂ‚\x83ÃƒÂƒ\x83ÃƒÂ‚\x82ÃƒÂƒ\x82ÃƒÂ‚Ã‚Â©jÃƒÂƒ\x83ÃƒÂ‚\x83ÃƒÂƒ\x82ÃƒÂ‚\x83ÃƒÂƒ\x83ÃƒÂ‚\x82ÃƒÂƒ\x82ÃƒÂ‚\xa0 vu, well the name looks interesting and so is the place. Located off the Bannerghatta Rd. in Gopalan Innovation Mall. Look and feel will give you a cocktail feeling. Bar & Buffet is something cool here. Ambience is good.\n\nWe have had booked the table for a team lunch, overall experience was good. Hope my next time goes well.\n\nKeep feeding!\nCheers! ?'), ('Rated 5.0'
Jhasaa,Yes,No,3.2/5,8,BTM,"Takeaway, Delivery",,"Seafood, Salad, North Indian, Biryani, Chinese",500,Delivery,Bannerghatta Road
Wat-a-Biryani,Yes,No,,0,Kumaraswamy Layout,Delivery,,Biryani,500,Delivery,Bannerghatta Road
Status,Yes,No,3.2/5,66,Bannerghatta Road,Casual Dining,Prompt Service,"North Indian, Chinese",600,,
 'RATED\n  We at IIM Bangalore order food from here when mess is pathetic ---Really reasonable prices - so food is also just average :)'), ('Rated 1.5', 'RATED\n  26686031 already surrender telephone but new connection till date not given connection-- K.S.IYER'), ('Rated 5.0', 'RATED\n  Reaaly a good restaurant with reasonable price. excellent service.'), 'RATED\n  This is one of the worst places to eat. The waiters treat you very badly and do not hesitate to insult you at all. The seats are very dirty with food spilled on them. Try not to wear any nice dress to this place. They Indianise even the Chinese food. They are confused between gobi 65, manchurian and chilly. Food is not cheap either. There is constant blaring of the TV in a strange language. They refuse to reduce the volume. If you do not want to ruin your meal time," try not to go to this place.')]""",[],Delivery,,
Juice Fresco & Pizza,Yes,No,3.4/5,12,JP Nagar,"Quick Bites, Beverage Shop",,"Beverages, Pizza",300,Delivery,Bannerghatta Road
BMR Hyderabad Biryani,Yes,No,3.6/5,24,BTM,"Takeaway, Delivery",,Biryani,400,Delivery,Bannerghatta Road
Red Chilli,Yes,No,,0,BTM,Quick Bites,,"Chinese, Biryani",400,Delivery,Bannerghatta Road
Dakshin Food Palace,Yes,No,3.7/5,42,JP Nagar,Casual Dining,,"South Indian, North Indian, Chinese",450,Delivery,Bannerghatta Road
Darjeeling Momo Adda,Yes,No,3.1/5,81,Bannerghatta Road,Quick Bites,,"Chinese, Tibetan, North Indian, Momos",200,Delivery,Bannerghatta Road
Bottle Breacher,No,Yes,4.1/5,1187,JP Nagar,"Casual Dining, Pub","Chicken Biryani, Mocktails, Pizza, Cocktails, Beer, Pork Ribs, Nachos","Italian, Continental",1200,Delivery,Bannerghatta Road
Special Biriyani,Yes,No,2.9/5,4,JP Nagar,Quick Bites,,"North Indian, Biryani",300,Delivery,Bannerghatta Road
Ministry of Burger,Yes,No,,0,Electronic City,Delivery,,Continental,500,Delivery,Bannerghatta Road
Sattvam,No,No,4.3/5,353,JP Nagar,Casual Dining,"Noodles, Veg Buffet, Mango Juice, White Pasta, Panipuri, Thin Crust Pizza, Dal Makhani","North Indian, South Indian",1200,Delivery,Bannerghatta Road
Delhi Food Factory,Yes,No,,0,JP Nagar,Delivery,,North Indian,500,Delivery,Bannerghatta Road
The Tucck Box,Yes,No,3.4/5,7,JP Nagar,Quick Bites,,"Chinese, South Indian",300,Delivery,Bannerghatta Road
Swad Plaza,Yes,No,3.4/5,6,BTM,Quick Bites,,"North Indian, Chinese",400,Delivery,Bannerghatta Road
Just Bite@Late Night,Yes,No,,0,BTM,Delivery,,"Sandwich, Fast Food, Burger, Rolls",300,Delivery,Bannerghatta Road
Sweet Chariot,Yes,No,2.8/5,25,Bannerghatta Road,Dessert Parlor,,"Bakery, Desserts, Fast Food",500,Delivery,Bannerghatta Road
Sri Balaji Chats and Icecreams,Yes,No,,0,Bommanahalli,Quick Bites,,Fast Food,250,Delivery,Bannerghatta Road
Desi Aahar,Yes,No,NEW,0,BTM,Quick Bites,,"North Indian, Chinese, Seafood",400,Delivery,Bannerghatta Road
Bhojan@99,Yes,No,NEW,0,Bannerghatta Road,Quick Bites,,Fast Food,200,Delivery,Bannerghatta Road
Kesariya,No,Yes,4.2/5,1212,JP Nagar,Casual Dining,"Kheer, Fruit Cream, Panipuri, Rajasthani Thali, Kulfi, Shrikhand, Dal Bati",Rajasthani,1200,Delivery,Bannerghatta Road
Swad Restaurant,Yes,No,3.7/5,115,BTM,Casual Dining,"Thali, Paratha, Dal Kichadi","Chinese, North Indian",550,,
 'RATED\n  Life saver for people like me who cant cook - Good quality and total VFM.'), ('Rated 1.5', 'RATED\n  Its too oily food and it was served cold...nothing good was there to eat... Avoid it ant any cost if you are a foodie. Please improve the quality of the food. Everything else was ok'), ('Rated 3.0', 'RATED\n  This place is our savior when the Maid is not in town. It is very near to my place and I have dined here as well as got the food Home Delivered. Generally the Home delivery is within 30 minutes but sometimes they take awful amount of time.\nThe place is very pocket friendly and is mostly crowded from 7pm -10 pm as Oracle is right opposite it.\nThe ambiance is very simple with normal table and chairs.\nI generally have Paneer Butter Masala or Palak Paneer along with Phulkas. Gobi Manchurian is Average. Masala Papad is also good.\n\nAmbiance 1.5/5\nFood 3/5\nService 3/5'), 'RATED\n  Once up on a time this was our regular adda of dining, hangout and home delivery point. As our office was located next to Gopalan mall, this restaurant was in our walk-able distance. If you want to reach here by car, probably that could be challenge, it is suggested that you either reach here by two wheeler or commute as a pedestrian. You get awesome Thalis, ('Rated 3.5', 'RATED\n  A really good place for veg food esp parathas. I would not rate non veg on the higher side though\n\n----- 11 Feb
Checkpost,Yes,No,4.1/5,952,JP Nagar,Casual Dining,"Filter Kaapi, Coffee, Egg Curry, Neer Dosa, Kadala Curry, Ghee Idli, Noodles","South Indian, Seafood, Rolls, Beverages",400,Delivery,Bannerghatta Road
Nourich,No,Yes,NEW,0,JP Nagar,Casual Dining,,"Continental, Chinese, North Indian, Asian, Healthy Food, Fast Food",800,Delivery,Bannerghatta Road
Karavali Grand,Yes,Yes,NEW,0,JP Nagar,Casual Dining,,"North Indian, Seafood",600,Delivery,Bannerghatta Road
Mango Greens,No,Yes,3.9/5,49,JP Nagar,Casual Dining,,"North Indian, Continental, Chinese",900,Delivery,Bannerghatta Road
Nandhini Paradise,No,No,3.8/5,915,JP Nagar,Casual Dining,"Ghee Rice, Hyderabadi Biryani, Butter Naan, Chicken Guntur, Thali",North Indian,600,Delivery,Bannerghatta Road
New Kabab Plaza,Yes,No,3.7/5,135,BTM,Casual Dining,"Shawarma Roll, Chicken Grill, Tandoori Chicken, Chicken Wings, Ghee Rice, Pulpy Grape Juice","North Indian, Chinese",500,Delivery,Bannerghatta Road
Coastal Mama,No,Yes,4.1/5,466,JP Nagar,Casual Dining,"Murgh Ghee Roast, Neer Dosa, Sea Food, Fish, Prawn Ghee Roast, Prawn Curry, Buttermilk","Konkan, Mangalorean, North Indian, Seafood",700,Delivery,Bannerghatta Road
Wudfyr,Yes,No,NEW,0,JP Nagar,Quick Bites,,"Fast Food, Italian, North Indian, Steak",700,Delivery,Bannerghatta Road
Waah Biryani,No,No,3.8/5,115,JP Nagar,Quick Bites,"Biryani, Butter Chicken, Chicken Wings, Tandoori Chicken, Chicken Grill, Arabian Grape Juice","North Indian, Chinese, Biryani",350,,
 'RATED\n  Been here once... Ordered a biryani and kabab takeaway and both of them tasted excellent. A nice small value for money restaurant. You may wish to prefer a takeaway though!'), ('Rated 2.5', 'RATED\n  Small place. Should work a little on hygiene and variety of food. Chicken dishes are good. Prices are easy on pockets. No good parking space nearby.'), ('Rated 3.5'," """"RATED\n  Yesterday night we three friends been there to try Kebab's and grills... Kebabs were really good we opted for rasila chicken kebab and wings fry and grill chicken as a starter. Even chicken tandoori gravy was delicious.. Price is also very handy."""")", 'RATED\n  It is the best outlet with a fantastic ambience at JP NAGAR Bangalore... The staff is friendly and the rates are very reasonable especially for a costly city like Bangalore... The food is very tasty and you will satisfy your hunger and your wallet for sure.... Do try it out guys,...i give it a thumbs up :)'), ('Rated 4.5'," """"RATED\n  It's a small but well maintained and neat restaurant. Value for money. Menu is limited but what they serve is tasty. I ordered the 99 Rs Combo which consisted of Biriyani Rice", 2 Rumali Rotis, ('Rated 4.0', 'RATED\n  Been here once... Ordered a biryani and kabab takeaway and both of them tasted excellent. A nice small value for money restaurant. You may wish to prefer a takeaway though!')
Rara Avis,No,No,3.9/5,61,JP Nagar,"Takeaway, Delivery",Chicken Curry,"Kerala, Seafood, Biryani, Desserts",400,Delivery,Bannerghatta Road
Chillz,No,No,3.5/5,9,JP Nagar,Quick Bites,,"Fast Food, Juices, Street Food",100,Delivery,Bannerghatta Road
Sri Lakshmi Curries & Pickles,No,No,2.9/5,60,JP Nagar,Casual Dining,,"Andhra, Biryani",400,Delivery,Bannerghatta Road
Baskin Robbins,No,No,3.9/5,86,JP Nagar,Dessert Parlor,Mississippi Mud,Ice Cream,250,Delivery,Bannerghatta Road
The Punjabi Rasoi,No,No,NEW,0,JP Nagar,Casual Dining,,North Indian,800,Delivery,Bannerghatta Road
Royal Chef Naati Oota,No,No,4.0/5,193,JP Nagar,Casual Dining,"Chicken Biryani, Donne Biryani, Chilli Chicken, Mutton Chops, Paratha, Mutton Biryani, Nati Biryani","South Indian, Biryani, North Indian",500,Delivery,Bannerghatta Road
The Crazy Wall,No,No,,0,JP Nagar,Quick Bites,,"Fast Food, Beverages, Sandwich",600,Delivery,Bannerghatta Road
Vasantha Grand,No,No,NEW,0,JP Nagar,Quick Bites,,"South Indian, North Indian, Chinese",250,Delivery,Bannerghatta Road
Cafe Hops,No,No,3.7/5,24,JP Nagar,Dessert Parlor,,"Desserts, Bakery",300,Delivery,Bannerghatta Road
Flow - Terrace Bar & Grill,No,No,3.8/5,82,JP Nagar,"Lounge, Bar","Cocktails, Pizza, Chicken Tikka, Fish, Burgers, Nachos, Almond Flakes","Pizza, Continental, North Indian, Chinese",1000,Delivery,Bannerghatta Road
Ningi Family Restaurant,No,No,3.5/5,10,JP Nagar,Quick Bites,,"South Indian, Biryani, Chinese",400,Delivery,Bannerghatta Road
Lassi Corner,No,No,NEW,0,JP Nagar,Beverage Shop,,"Beverages, Desserts",200,Delivery,Bannerghatta Road
Advika Briyani Center,No,No,3.4/5,8,JP Nagar,Delivery,,Biryani,300,Delivery,Bannerghatta Road
Chill Magic,No,No,NEW,0,JP Nagar,Beverage Shop,,"Juices, Beverages",200,Delivery,Bannerghatta Road
Sai Jagannath Food and Chats Point,No,No,3.8/5,23,Bommanahalli,Quick Bites,,"South Indian, Chinese",300,Delivery,Bannerghatta Road
Joey's,No,No,3.7/5,43,BTM,Quick Bites,,"Chinese, Fast Food",300,Delivery,Bannerghatta Road
Sree Krishna Kafe,No,No,3.9/5,115,JP Nagar,Quick Bites,"Vada, Pongal, Podi Idli, Masala Dosa, Podi Dosa, Idiyappam, Rice",South Indian,200,Delivery,Bannerghatta Road
Dilish Kitchens,No,No,3.7/5,28,BTM,Casual Dining,Biryani,"North Indian, Chinese",500,Delivery,Bannerghatta Road
Daily Bread,No,No,3.2/5,63,JP Nagar,"Bakery, Quick Bites","Pasta, Sandwiches, Cappuccino, Sandwich","Bakery, Fast Food, Italian",600,Delivery,Bannerghatta Road
Shanmukha,No,No,3.1/5,39,JP Nagar,"Takeaway, Delivery",,"Biryani, Seafood, Chinese, Charcoal Chicken",400,Delivery,Bannerghatta Road
Jaganath Restaurant And Hotel,No,No,3.2/5,8,JP Nagar,Quick Bites,,North Indian,300,Delivery,Bannerghatta Road
Thayee Touch,No,No,3.6/5,30,JP Nagar,Casual Dining,,"North Indian, Chinese, South Indian",450,Delivery,Bannerghatta Road
Eten,No,No,3.8/5,32,JP Nagar,Delivery,,"Salad, Healthy Food",600,Delivery,Bannerghatta Road
Owl's Kitchen,No,No,3.1/5,44,BTM,Delivery,Brownie,"North Indian, Chinese",500,Delivery,Bannerghatta Road
Kakal Kai Ruchi,No,No,3.9/5,30,JP Nagar,Casual Dining,,"South Indian, North Indian, Chinese",450,Delivery,Bannerghatta Road
Hearts Unlock Cafe,No,No,3.2/5,11,BTM,Cafe,,"Cafe, Healthy Food",500,Delivery,Bannerghatta Road
Blue Berry Restaurant,No,No,2.9/5,17,BTM,Casual Dining,,"North Indian, Kerala, Chinese",600,Delivery,Bannerghatta Road
Bangali Babu Restaurant,No,No,,0,BTM,Sweet Shop,,"Mithai, Desserts, Fast Food",250,Delivery,Bannerghatta Road
Donne Biriyani Mane,No,No,,0,JP Nagar,Quick Bites,,"Biryani, Kebab",250,Delivery,Bannerghatta Road
Sri Brahmi Kuteera,No,No,,0,JP Nagar,Quick Bites,,South Indian,150,Delivery,Bannerghatta Road
Deccan Spice,No,No,3.5/5,65,JP Nagar,Casual Dining,"Hyderabadi Biryani, Dum Ka Chicken, Rice","North Indian, South Indian, Biryani",750,,
 'RATED\n  I have visited the restaurant couple of days ago.. tried north indian food. it was very tasty. service is good n quick. Must try non veg food. A good place to eat near Brigade Millennium chowk..'), ('Rated 4.5', 'RATED\n  Indian gravy for starving stomach and Timmie dessert loved the food and Bruno a must try reverie would love to visit again...... Service and ambience was peaceful for family the place would be really good....'), ('Rated 5.0'," """"RATED\n  Must visit to taste good biryani.... I tried ulavacharu biryani and it was very nicely made.... And I liked it... And the rating 5 wouldn't be enough...woyld definatlely visit this place again"""")"," """"RATED\n  Very very bad experience..\nService very bad.. food also not good..\nWe order curd rice at end.. they didn't put much curd"," instead of put more oil in ???????.. Totally curd rice become oil rice.. Akshaya Gowda"""")", ('Rated 1.0', 'RATED\n  Worst place to have dinner... the food is too spicy or it is too bland... we had ordered fried rice and it was so badly made that we could have only two spoon'), ('Rated 1.0', he gave out a computerised bill, without GST number on it. When asked
Desi Wok,No,No,2.7/5,76,BTM,Quick Bites,"Biryani, Manchow Soup, Naan","North Indian, Chinese",500,,
 'RATED\n  I ordered the food home .. and the food quality was good. Biriyani was good.'), ('Rated 3.0'," """"RATED\n  A friend recommended this place. But", it wasn't up to my satisfaction. Starters are better otherwise average food, they use almost the same base for most of their gravy dishes, cramped place," prefer home delivery... An OK place for bachelors."""")", ('Rated 1.5'," """"RATED\n  Not a great place. The food is not that great and is over priced. Quantity and quality of the food is a disaster. Tandoor items should be renamed 'black tandoor'. What you ask is not what you get. The kadai veg has so much of oil that you don't feel the vegetables. Delivery time is really bad. It's a total NO No."""")", ('Rated 4.0'," """"RATED\n  We went there for Lunch. It's a Chinese & Tandoor place. We did not try any Chinese items.\n\nWe had below items.\nÃƒÂƒ\x83ÃƒÂ‚\x83ÃƒÂƒ\x82ÃƒÂ‚\x82ÃƒÂƒ\x83ÃƒÂ‚\x82ÃƒÂƒ\x82ÃƒÂ‚\x95 Chicken Biryani (Good"," but I expected little more spice)\nÃƒÂƒ\x83ÃƒÂ‚\x83ÃƒÂƒ\x82ÃƒÂ‚\x82ÃƒÂƒ\x83ÃƒÂ‚\x82ÃƒÂƒ\x82ÃƒÂ‚\x95 Egg Biryani (Very Good - however little oily. I don't mind though :-))\nÃƒÂƒ\x83ÃƒÂ‚\x83ÃƒÂƒ\x82ÃƒÂ‚\x82ÃƒÂƒ\x83ÃƒÂ‚\x82ÃƒÂƒ\x82ÃƒÂ‚\x95 Chicken Tikka (Very Very Good)\n\nThe chutneys accompanying Tikka & Biryani were very tasty.\n\nService was fast. Quantity was okay. Cost was reasonable.\n\nIt's a small place with around 5 tables. They make home delivery to nearby places.\n\nHow to reach: The restaurant is near Vijaya Bank Layout in Bilekahalli. It's 1.5 KM inside from the Bannerghatta Main Road (The lane just before HSBC bank)."""")"
Namana Garden,No,No,2.6/5,75,BTM,Quick Bites,Vada,"North Indian, South Indian, Chinese, Street Food",400,Delivery,Bannerghatta Road
Day N Night Kitchen,No,No,3.2/5,35,BTM,Delivery,,"Biryani, Chinese, North Indian",450,Delivery,Bannerghatta Road
Andhra Grills,No,No,3.0/5,55,JP Nagar,Casual Dining,"Andhra Meal, Thali","Andhra, North Indian, Biryani",800,Delivery,Bannerghatta Road
Appam Centre,No,No,3.2/5,4,JP Nagar,Quick Bites,,Kerala,200,Delivery,Bannerghatta Road
The Chef Restaurant,No,No,,0,BTM,Casual Dining,,"North Indian, Chinese, South Indian",600,Delivery,Bannerghatta Road
Sea Horse,No,No,3.4/5,9,JP Nagar,Casual Dining,,"South Indian, Chinese",400,Delivery,Bannerghatta Road
Sang Grail,No,No,3.6/5,34,JP Nagar,Quick Bites,,Healthy Food,300,Delivery,Bannerghatta Road
Spice Taj,No,No,,0,BTM,Quick Bites,,"North Indian, Chinese",300,Delivery,Bannerghatta Road
Cakeship,No,No,,0,JP Nagar,Bakery,,"Bakery, Desserts",200,Delivery,Bannerghatta Road
Hungry Hub,No,No,,0,JP Nagar,"Takeaway, Delivery",,Fast Food,300,Delivery,Bannerghatta Road
Sweet Melts,No,No,,0,JP Nagar,Dessert Parlor,,"Desserts, Ice Cream",400,Delivery,Bannerghatta Road
Chat Junction,No,No,,0,JP Nagar,Quick Bites,,"Street Food, Fast Food",250,Delivery,Bannerghatta Road
New Nandan Family Restaurant,No,No,,0,JP Nagar,Casual Dining,,"Andhra, Chinese, North Indian, South Indian",450,Delivery,Bannerghatta Road
Udupi Thadka,No,No,,0,BTM,Quick Bites,,"South Indian, Chinese, North Indian",250,Delivery,Bannerghatta Road
Arzak,No,No,,0,JP Nagar,"Takeaway, Delivery",,"Arabian, Middle Eastern, Rolls, Seafood, BBQ",300,Delivery,Bannerghatta Road
Furry Fairy Paw Paradise,No,No,,0,JP Nagar,Cafe,,Cafe,500,Delivery,Bannerghatta Road
Petoo,No,No,3.7/5,48,JP Nagar,Casual Dining,"Jal-jeera, Paratha, Chaat","North Indian, Fast Food, Street Food",800,Delivery,Bannerghatta Road
Night Panda,No,No,2.9/5,39,JP Nagar,"Takeaway, Delivery","Burgers, Chicken Biryani","Fast Food, North Indian, Chinese",500,Delivery,Bannerghatta Road
Spicy Grill,No,No,,0,JP Nagar,"Takeaway, Delivery",,"Chinese, Fast Food",350,Delivery,Bannerghatta Road
E2 - EntrÃƒÂƒÃ‚ÂƒÃƒÂ‚Ã‚ÂƒÃƒÂƒÃ‚Â‚ÃƒÂ‚Ã‚ÂƒÃƒÂƒÃ‚ÂƒÃƒÂ‚Ã‚Â‚ÃƒÂƒÃ‚Â‚ÃƒÂ‚Ã‚Â©e Envoy,No,No,3.5/5,13,BTM,Delivery,,"Chinese, North Indian, Biryani",550,Delivery,Bannerghatta Road
Aha Juice Bar,No,No,3.6/5,13,BTM,Beverage Shop,,"Beverages, Fast Food",200,Delivery,Bannerghatta Road
Cafe Club Kerala Restaurant,No,No,,0,BTM,Quick Bites,,Kerala,300,Delivery,Bannerghatta Road
Cake N Cookies,No,No,,0,JP Nagar,Bakery,,Bakery,350,Delivery,Bannerghatta Road
Bright Go Nuts,No,No,,0,JP Nagar,"Beverage Shop, Quick Bites",,Drinks Only,100,Delivery,Bannerghatta Road
Hotel Namadhari,No,No,,0,JP Nagar,Quick Bites,,"South Indian, Chinese",150,Delivery,Bannerghatta Road
Nammuru Nati Hotel,No,No,,0,JP Nagar,Quick Bites,,South Indian,300,Delivery,Bannerghatta Road
3ice Cubes,No,No,,0,JP Nagar,Beverage Shop,,"Juices, Sandwich, Street Food",150,Delivery,Bannerghatta Road
Tasty Restaurant,No,No,NEW,0,JP Nagar,Quick Bites,,"Kerala, South Indian, Chinese",300,Delivery,Bannerghatta Road
Hotel Ambara,No,No,,0,JP Nagar,Casual Dining,,South Indian,500,Delivery,Bannerghatta Road
Biryani Treat,No,No,,0,JP Nagar,"Takeaway, Delivery",,Biryani,400,Delivery,Bannerghatta Road
Best Biryani,No,No,,0,JP Nagar,Quick Bites,,"North Indian, Biryani, Desserts",300,Delivery,Bannerghatta Road
Innate,No,No,,0,JP Nagar,Delivery,,Beverages,,Delivery,Bannerghatta Road
Tandoori Spot,No,No,3.5/5,13,JP Nagar,Quick Bites,,"North Indian, Chinese",500,Delivery,Bannerghatta Road
Night Hunger,No,No,3.1/5,6,JP Nagar,Delivery,,North Indian,350,Delivery,Bannerghatta Road
Santhrupthi Halli Mane,No,No,,0,BTM,Quick Bites,,"North Indian, Chinese, South Indian",500,Delivery,Bannerghatta Road
Iyengar's Bakery,No,No,,0,JP Nagar,Bakery,,"Bakery, Fast Food",600,Delivery,Bannerghatta Road
Nutri Fit,No,No,NEW,0,JP Nagar,"Takeaway, Delivery",,Healthy Food,300,Delivery,Bannerghatta Road
New Kabab Plaza,No,No,NEW,0,BTM,Casual Dining,,"Biryani, North Indian",300,Delivery,Bannerghatta Road
Padosi Apke Apne,No,No,NEW,0,JP Nagar,Quick Bites,,"South Indian, Chinese, North Indian",300,Delivery,Bannerghatta Road
Grill On Wheels,No,No,NEW,0,JP Nagar,Quick Bites,,"North Indian, Chinese, BBQ, Arabian, Fast Food",400,Delivery,Bannerghatta Road
Charcoal Flame,No,No,,0,JP Nagar,Casual Dining,,"Awadhi, Biryani",500,Delivery,Bannerghatta Road
Chicken Dera,No,No,3.0/5,25,JP Nagar,Quick Bites,,"Mughlai, Kebab, Biryani",400,Delivery,Bannerghatta Road
Cocoa 'n' CrÃƒÂƒÃ‚ÂƒÃƒÂ‚Ã‚ÂƒÃƒÂƒÃ‚Â‚ÃƒÂ‚Ã‚ÂƒÃƒÂƒÃ‚ÂƒÃƒÂ‚Ã‚Â‚ÃƒÂƒÃ‚Â‚ÃƒÂ‚Ã‚Â¨me,No,No,3.5/5,11,JP Nagar,Bakery,,"Bakery, Desserts",250,Delivery,Bannerghatta Road
Spicyzone Restaurant,No,No,,0,Bommanahalli,Casual Dining,,"North Indian, Chinese, Mughlai, Biryani",400,Delivery,Bannerghatta Road
Sri Shyam Sweets & Snacks,No,No,,0,JP Nagar,Quick Bites,,"Fast Food, Street Food",100,Delivery,Bannerghatta Road
Hunger Nights,No,No,,0,JP Nagar,Delivery,,"Chinese, North Indian",400,Delivery,Bannerghatta Road
Kivona's Kitchen,No,No,,0,BTM,Delivery,,North Indian,300,Delivery,Bannerghatta Road
Bake The Cake,No,No,,0,Bommanahalli,Bakery,,Bakery,400,Delivery,Bannerghatta Road
Dhe Chef Cafe,No,No,,0,BTM,Quick Bites,,"North Indian, Rolls",200,Delivery,Bannerghatta Road
Desi Jalpaan,No,No,,0,JP Nagar,Quick Bites,,"Street Food, North Indian",150,Delivery,Bannerghatta Road
Arabian Nights,No,No,,0,JP Nagar,"Takeaway, Delivery",,"Mughlai, Biryani, Kebab",200,Delivery,Bannerghatta Road
Soul Curries,No,No,,0,JP Nagar,Quick Bites,,South Indian,150,Delivery,Bannerghatta Road
It's My Meal Food Service,No,No,,0,HSR,Delivery,,"North Indian, Chinese",300,Delivery,Bannerghatta Road
Udupi Park Inn,No,No,,0,JP Nagar,Quick Bites,,"South Indian, North Indian, Chinese",150,Delivery,Bannerghatta Road
Thirsty Tiger,No,Yes,3.5/5,51,JP Nagar,"Bar, Casual Dining",,"Continental, Finger Food",1300,Delivery,Bannerghatta Road
Bay Root,No,No,3.7/5,24,BTM,Quick Bites,,"North Indian, Arabian",400,Delivery,Bannerghatta Road
BTM Cakes,Yes,No,3.3/5,8,BTM,Bakery,,"Bakery, Desserts",400,Delivery,Bannerghatta Road
Spicy World,Yes,No,3.4/5,7,JP Nagar,"Takeaway, Delivery",,North Indian,200,Delivery,Bannerghatta Road
Super Chef's (New Royal treat),No,No,,0,Bannerghatta Road,Quick Bites,,"North Indian, Chinese, South Indian",,Delivery,Bannerghatta Road
Shiv Sagar,No,No,3.6/5,10,Bannerghatta Road,Food Court,,"South Indian, Beverages",400,Delivery,Bannerghatta Road
Moms Flavor,No,No,NEW,0,JP Nagar,Delivery,,"North Indian, Chinese",400,Delivery,Bannerghatta Road
Kamat Swaad,Yes,No,3.9/5,193,JP Nagar,Casual Dining,"Jowar Roti, Akki Rottis, Buttermilk, Idli, Thali, Vada, Bajji","South Indian, North Indian, Chinese",400,Delivery,Bannerghatta Road
Ishta Cafe,Yes,No,3.9/5,63,Bannerghatta Road,Quick Bites,"Burgers, Masala Dosa, Millet Pizza, Falafel Wrap","Pizza, South Indian, Healthy Food",200,Delivery,Bannerghatta Road
Combo Studio,Yes,No,3.1/5,16,Bannerghatta Road,Casual Dining,,"North Indian, Biryani, Chinese",500,Delivery,Bannerghatta Road
Tastte!!,Yes,No,3.7/5,21,Bannerghatta Road,Quick Bites,,"Biryani, North Indian, Chinese",450,Delivery,Bannerghatta Road
Kanhaiyas,Yes,No,3.6/5,10,Bannerghatta Road,Quick Bites,,South Indian,150,Delivery,Bannerghatta Road
Juice Lounge,Yes,No,3.1/5,28,BTM,Beverage Shop,,"Beverages, Healthy Food",250,Delivery,Bannerghatta Road
Sri Krishna Delight,Yes,No,,0,BTM,Quick Bites,,"North Indian, South Indian",250,Delivery,Bannerghatta Road
Mumbai Kulfi,Yes,No,,0,Marathahalli,Dessert Parlor,,"Desserts, Ice Cream",200,Delivery,Bannerghatta Road
Tandoor Nation,Yes,No,3.0/5,39,BTM,Quick Bites,,"North Indian, Chinese",400,Delivery,Bannerghatta Road
Indian Kitchen Eateries-IKE,Yes,No,3.4/5,8,BTM,Quick Bites,,Fast Food,150,Delivery,Bannerghatta Road
South Mouth,Yes,No,,0,Bannerghatta Road,Quick Bites,,"North Indian, Fast Food",300,Delivery,Bannerghatta Road
The Little Kitchen,Yes,No,3.4/5,8,JP Nagar,Quick Bites,,"Chinese, North Indian",300,Delivery,Bannerghatta Road
Diya's Findish,Yes,No,3.3/5,6,Bommanahalli,Quick Bites,,"North Indian, Chinese, Bengali",500,Delivery,Bannerghatta Road
Best Shawarmas,Yes,No,,0,BTM,Delivery,,Rolls,300,Delivery,Bannerghatta Road
Laa Raiba Restaurant,Yes,No,3.3/5,7,Bannerghatta Road,Quick Bites,,"Kerala, Chinese, South Indian",300,Delivery,Bannerghatta Road
Bhavani Upahara,Yes,No,3.3/5,9,Bannerghatta Road,Quick Bites,,South Indian,250,Delivery,Bannerghatta Road
Sampoorna,Yes,No,3.6/5,70,JP Nagar,Casual Dining,,"Chinese, North Indian",600,Delivery,Bannerghatta Road
Cafe Mist,Yes,No,3.8/5,186,JP Nagar,Cafe,"Barbecue Chicken Burger, Coffee, Ice Tea, Peri Peri Chicken, Pasta, Maggi, Nachos","Cafe, American, Continental, Italian",500,Delivery,Bannerghatta Road
Fat Chef Biryani Wale,Yes,No,3.3/5,28,Bannerghatta Road,"Takeaway, Delivery","Biryani, Gulab Jamun","Biryani, North Indian",400,Delivery,Bannerghatta Road
Kesar Restaurant,Yes,No,3.6/5,48,JP Nagar,Quick Bites,,"North Indian, Chinese, South Indian",200,Delivery,Bannerghatta Road
Hottey Smokey,Yes,No,,0,JP Nagar,Quick Bites,,"American, Continental, Salad, Italian",400,Delivery,Bannerghatta Road
The Duke of Juices,Yes,No,,0,JP Nagar,Quick Bites,,"Juices, Beverages, Salad",200,Delivery,Bannerghatta Road
Kababji Cafe,Yes,No,,0,JP Nagar,Quick Bites,,"Arabian, Middle Eastern, Rolls",300,Delivery,Bannerghatta Road
Navab's,Yes,No,,0,Kumaraswamy Layout,Delivery,,"North Indian, Chinese",600,Delivery,Bannerghatta Road
Bottle Genie,Yes,No,,0,JP Nagar,,,Beverages,250,Delivery,Bannerghatta Road
Chawla's 2 Online.com,Yes,No,3.5/5,5,JP Nagar,Delivery,,North Indian,800,Delivery,Bannerghatta Road
Namma Halli Jonne Biryani,Yes,No,3.3/5,4,Bannerghatta Road,Quick Bites,,Biryani,300,Delivery,Bannerghatta Road
Shake The Shake,Yes,No,NEW,0,Bannerghatta Road,Quick Bites,,Juices,200,Delivery,Bannerghatta Road
The Biriyani Factory,Yes,No,3.1/5,29,BTM,Quick Bites,,"North Indian, Biryani",500,Delivery,Bannerghatta Road
Sethi's,Yes,No,,0,JP Nagar,Delivery,,"North Indian, Chinese, BBQ",600,Delivery,Bannerghatta Road
Food Singh,Yes,No,,0,JP Nagar,Delivery,,North Indian,500,Delivery,Bannerghatta Road
Insta Cafe,Yes,No,2.9/5,7,BTM,Cafe,,"Cafe, Continental, Pizza, Italian, Beverages",400,Delivery,Bannerghatta Road
Chination,Yes,No,,0,JP Nagar,Delivery,,Chinese,600,Delivery,Bannerghatta Road
The Breakfast Adda,Yes,No,,0,Bannerghatta Road,Delivery,,Continental,250,Delivery,Bannerghatta Road
Natural Ice Cream,No,No,4.3/5,423,Bannerghatta Road,Dessert Parlor,"Chocolate Almond, Tender Coconut Ice Cream, Choco Almond, Coffee Walnut, Custard Apple","Ice Cream, Desserts",150,Desserts,Bannerghatta Road
Amma's Pastries,No,No,4.0/5,102,Bannerghatta Road,Bakery,Cheesecake,Bakery,400,Desserts,Bannerghatta Road
Anand Sweets and Savouries,No,No,4.1/5,131,Bannerghatta Road,Sweet Shop,"Chole Bhature, Thali, Papdi Chaat, Shahi Paneer","Mithai, Street Food",400,Desserts,Bannerghatta Road
Bread Crumbs Bakery,No,No,4.0/5,164,Bannerghatta Road,Bakery,"Samosa, Egg Puff, Paneer Puff, Chocolate Truffle","Desserts, Bakery",250,Desserts,Bannerghatta Road
Butterly,Yes,No,3.9/5,102,Bannerghatta Road,Cafe,"Burgers, Sandwiches, Pizza, French Fries, Cheesecake","Cafe, Bakery, Beverages",450,Desserts,Bannerghatta Road
Cakes By M,No,No,3.4/5,7,Bannerghatta Road,Delivery,,Bakery,500,Desserts,Bannerghatta Road
Cakebuy,Yes,No,3.9/5,70,Bannerghatta Road,Dessert Parlor,Chocolate Truffle,Desserts,350,Desserts,Bannerghatta Road
Polar Bear,Yes,No,3.9/5,188,Bannerghatta Road,Dessert Parlor,"Sandwiches, Hot Chocolate Fudge, Brownie, Sandwich","Ice Cream, Desserts, Beverages, Sandwich",400,Desserts,Bannerghatta Road
World on a Swirl,No,No,3.8/5,46,Bannerghatta Road,"Dessert Parlor, Quick Bites",Courteous Staff,"Ice Cream, Desserts, Rolls",300,Desserts,Bannerghatta Road
Waffle Walle,Yes,No,4.4/5,677,Bannerghatta Road,Kiosk,"Liege Waffle, Vanilla Ice Cream, Chocolate Waffles, Chocolate Drink, Crunchy Waffles, Chocolate Icecreams, Belgian Waffles","Desserts, Belgian, Beverages",500,Desserts,Bannerghatta Road
WAFL,Yes,No,3.9/5,40,Bannerghatta Road,Food Court,Waffles,"Cafe, Fast Food, Desserts, Beverages",400,Desserts,Bannerghatta Road
Cold Stone Creamery,Yes,No,3.9/5,99,Bannerghatta Road,Dessert Parlor,"Brownie, Chocolate Devotion, Icecream Cake, Cotton Candy Ice Cream, Coffee, Strawberry Smoothie","Ice Cream, Desserts",400,Desserts,Bannerghatta Road
Flavorsome Bakes,No,No,4.0/5,93,Bannerghatta Road,"Takeaway, Delivery","Cup Cake, Pineapple Cake","Bakery, Desserts",800,Desserts,Bannerghatta Road
Bake-ooh,No,No,3.7/5,17,Bannerghatta Road,"Takeaway, Delivery",,Bakery,350,Desserts,Bannerghatta Road
Cafe Arabica,No,No,3.8/5,69,Bannerghatta Road,"Cafe, Bakery","Coffee, French Fries, Lemon Tea, Veg Sandwich","Cafe, Bakery",700,Desserts,Bannerghatta Road
Krispy Kreme,Yes,No,3.7/5,14,Bannerghatta Road,Dessert Parlor,,"Desserts, Beverages",300,Desserts,Bannerghatta Road
Smoor,Yes,No,3.6/5,18,Bannerghatta Road,Dessert Parlor,,"Desserts, Cafe, Beverages",900,Desserts,Bannerghatta Road
Kanti Sweets,Yes,No,3.5/5,13,Bannerghatta Road,Sweet Shop,,"Mithai, Street Food",400,Desserts,Bannerghatta Road
Keventers,Yes,No,3.8/5,29,Bannerghatta Road,"Beverage Shop, Dessert Parlor",,"Desserts, Beverages, Ice Cream",400,Desserts,Bannerghatta Road
Baskin Robbins,No,No,3.6/5,22,Bannerghatta Road,Dessert Parlor,,"Ice Cream, Desserts",250,Desserts,Bannerghatta Road
Lassi Shop,No,No,3.7/5,54,Bannerghatta Road,Beverage Shop,,"Beverages, Ice Cream",200,Desserts,Bannerghatta Road
L J Iyengar Bakery,No,No,3.2/5,6,Bannerghatta Road,Bakery,,Bakery,100,Desserts,Bannerghatta Road
Nandhana Mithai,No,No,,0,Bannerghatta Road,Sweet Shop,,"Mithai, Desserts",500,Desserts,Bannerghatta Road
Ice Bowl,No,No,3.4/5,8,Bannerghatta Road,"Food Court, Dessert Parlor",,"Desserts, Beverages",250,Desserts,Bannerghatta Road
Lyengar's Cakes N Cookies,Yes,No,,0,Bannerghatta Road,Bakery,,"Bakery, Desserts",400,Desserts,Bannerghatta Road
Just Bake,Yes,No,3.2/5,46,Bannerghatta Road,Bakery,,"Bakery, Desserts",400,Desserts,Bannerghatta Road
Big Mishra Pedha,Yes,No,3.3/5,7,Bannerghatta Road,Sweet Shop,,"Mithai, Desserts, Fast Food",300,Desserts,Bannerghatta Road
Sweet Chariot,Yes,No,2.8/5,25,Bannerghatta Road,Dessert Parlor,,"Bakery, Desserts, Fast Food",500,Desserts,Bannerghatta Road
The French Loaf,Yes,No,2.9/5,25,Bannerghatta Road,"Bakery, Quick Bites",,"Bakery, Desserts, Sandwich",400,Desserts,Bannerghatta Road
Bikaneri Sweets,Yes,No,3.4/5,19,Bannerghatta Road,Sweet Shop,,"Mithai, Street Food",250,Desserts,Bannerghatta Road
Sweet Truth,Yes,No,4.1/5,41,Bannerghatta Road,Delivery,"Cheesecake, Chocolate Decadence, Pancakes, Chocolate Fantasy, Chocolava Cake, Chocolate Cake, Red Velvet Cake","Bakery, Desserts",500,Desserts,Bannerghatta Road
Ooty Dreams,No,No,,0,Bannerghatta Road,Dessert Parlor,,"Desserts, Ice Cream",250,Desserts,Bannerghatta Road
K.C Das,No,No,3.4/5,8,Bannerghatta Road,"Sweet Shop, Quick Bites",,"Mithai, Street Food",200,Desserts,Bannerghatta Road
Bake Feast,No,No,,0,Bannerghatta Road,Bakery,,Bakery,300,Desserts,Bannerghatta Road
Cakeport,Yes,No,,0,Bannerghatta Road,Bakery,,Bakery,400,Desserts,Bannerghatta Road
TFI - The Fresh Ice Cream,Yes,No,3.2/5,41,Bannerghatta Road,Dessert Parlor,,"Ice Cream, Beverages",400,Desserts,Bannerghatta Road
Mad Over Donuts,Yes,No,3.1/5,17,Bannerghatta Road,Dessert Parlor,,"Bakery, Desserts, Beverages",450,Desserts,Bannerghatta Road
Antilla Aromas,Yes,No,3.7/5,19,Bannerghatta Road,Dessert Parlor,,"Desserts, Ice Cream",300,Desserts,Bannerghatta Road
Chef Baker's,Yes,No,3.6/5,23,Bannerghatta Road,"Bakery, Quick Bites",,Bakery,450,Desserts,Bannerghatta Road
Iyengar's Cakes and Cookies,No,No,,0,Bannerghatta Road,Bakery,,Bakery,200,Desserts,Bannerghatta Road
Mist n Creams,No,No,3.6/5,10,Bannerghatta Road,Food Court,,Ice Cream,400,Desserts,Bannerghatta Road
Mr Gola,No,No,3.4/5,8,Bannerghatta Road,Dessert Parlor,,Desserts,100,Desserts,Bannerghatta Road
Just Bake,No,No,,0,Bannerghatta Road,Bakery,,"Bakery, Desserts",400,Desserts,Bannerghatta Road
Chocolate Junction,No,No,,0,Bannerghatta Road,Dessert Parlor,,Desserts,200,Desserts,Bannerghatta Road
Orchard Fresh,No,No,,0,Bannerghatta Road,Dessert Parlor,,"Ice Cream, Desserts",400,Desserts,Bannerghatta Road
Rock On Rolls & Parathas,No,No,,0,Bannerghatta Road,Food Court,,Rolls,250,Desserts,Bannerghatta Road
Cake-O-Mania,Yes,No,3.4/5,7,Bannerghatta Road,"Takeaway, Delivery",,"Bakery, Desserts",300,Desserts,Bannerghatta Road
Kanti Bakes & Flakes,Yes,No,,0,Bannerghatta Road,Dessert Parlor,,"Desserts, Mithai",300,Desserts,Bannerghatta Road
The Chocolatiers,No,No,3.5/5,14,Bannerghatta Road,Dessert Parlor,,Desserts,150,Desserts,Bannerghatta Road
Cafe Indiana,No,No,3.5/5,17,Bannerghatta Road,"Quick Bites, Dessert Parlor",,"Fast Food, Desserts",600,Desserts,Bannerghatta Road
Frosty Creams,No,No,3.7/5,13,South Bangalore,Food Truck,,"Ice Cream, Desserts",300,Desserts,Bannerghatta Road
Cafe Choco Craze,No,No,3.7/5,9,Bannerghatta Road,Cafe,,"Cafe, Fast Food, Desserts",400,Desserts,Bannerghatta Road
Bombay Kulfis,No,No,,0,Bannerghatta Road,Dessert Parlor,,Ice Cream,200,Desserts,Bannerghatta Road
Squeez Juice Bars,No,No,3.1/5,9,Bannerghatta Road,Food Court,,"Ice Cream, Juices",250,Desserts,Bannerghatta Road
Kulfi Adda,No,No,3.4/5,5,Bannerghatta Road,Dessert Parlor,,"Ice Cream, Desserts",150,Desserts,Bannerghatta Road
The Sandesh Factory,No,No,3.2/5,4,Bannerghatta Road,Sweet Shop,,"Mithai, Desserts",150,Desserts,Bannerghatta Road
Adi's Cake N Cafe,No,No,,0,Bannerghatta Road,Bakery,,Bakery,400,Desserts,Bannerghatta Road
D Fusion,No,No,,0,Bannerghatta Road,Quick Bites,,"Fast Food, Chinese",400,Desserts,Bannerghatta Road
Food Prade Dairy Delight,No,No,,0,Bannerghatta Road,Dessert Parlor,,Desserts,300,Desserts,Bannerghatta Road
The Right Moo Organic Icecreams,No,No,,0,Bannerghatta Road,Dessert Parlor,,Desserts,300,Desserts,Bannerghatta Road
Bread & Better,No,No,,0,Bannerghatta Road,Bakery,,"Bakery, Fast Food",50,Desserts,Bannerghatta Road
Me And My Cake,No,No,,0,Bannerghatta Road,Takeaway,,"Bakery, Desserts",500,Desserts,Bannerghatta Road
Kopper Pot,No,No,,0,Bannerghatta Road,Bakery,,Bakery,500,Desserts,Bannerghatta Road
Little Sweetooth,No,No,,0,Bannerghatta Road,Delivery,,Bakery,300,Desserts,Bannerghatta Road
Bowring Kulfi,No,No,,0,Bannerghatta Road,Dessert Parlor,,"Ice Cream, Desserts",150,Desserts,Bannerghatta Road
Smooth,No,No,NEW,0,Bannerghatta Road,Food Court,,"Desserts, Ice Cream",200,Desserts,Bannerghatta Road
Cafe Coffee Day,Yes,No,3.7/5,26,Bannerghatta Road,Cafe,,"Cafe, Fast Food",900,Desserts,Bannerghatta Road
Cookie Man,Yes,No,NEW,0,Bannerghatta Road,Dessert Parlor,,Bakery,150,Desserts,Bannerghatta Road
Multi Cakes,No,No,3.0/5,9,Bannerghatta Road,Bakery,,"Bakery, Desserts",200,Desserts,Bannerghatta Road
Oven Fresh,No,No,,0,Bannerghatta Road,Bakery,,"Bakery, Fast Food",600,Desserts,Bannerghatta Road
Asharfilal,Yes,No,3.5/5,10,Bannerghatta Road,Dessert Parlor,,Desserts,150,Desserts,Bannerghatta Road
Apsara Ice Cream,No,No,4.0/5,65,Bannerghatta Road,Dessert Parlor,Panipuri,"Ice Cream, Desserts",200,Desserts,Bannerghatta Road
Two Friends Cauldron,Yes,Yes,4.1/5,448,JP Nagar,Casual Dining,"Butter Beer, Pasta, Fries, Burgers, Exotic Veg Pizza, Potato Wedges, Veggie Pizza","Continental, Italian, American",700,Desserts,Bannerghatta Road
Slate Cafe,Yes,No,4.1/5,46,JP Nagar,Cafe,"Pasta, Sandwiches","Cafe, Sandwich, Burger",600,Desserts,Bannerghatta Road
Mango Greens,No,Yes,3.9/5,48,JP Nagar,Casual Dining,,"North Indian, Continental, Chinese",900,Desserts,Bannerghatta Road
Dream a Dozen,Yes,No,4.3/5,132,JP Nagar,Delivery,"Cup Cake, Cake Pops, Chocolate Truffle Cake, Brownie","Bakery, Desserts",300,Desserts,Bannerghatta Road
Cafe Zuppa,Yes,No,NEW,0,JP Nagar,Cafe,,"Cafe, Pizza, Fast Food",450,Desserts,Bannerghatta Road
Roll Over,Yes,No,4.1/5,237,JP Nagar,Dessert Parlor,"Rolls, Ice Cream Roll, Fries, Chocolate Icecreams, Banana Nutella, Chocolate Ball, Waffles","Desserts, Ice Cream, Beverages, Fast Food, Sandwich",500,Desserts,Bannerghatta Road
Stoned Monkey,Yes,No,3.9/5,239,JP Nagar,Dessert Parlor,"Coffee, Waffles, Hot Chocolate Fudge, Cheesy Garlic Bread","Desserts, Ice Cream",500,Desserts,Bannerghatta Road
TAB - Take A Break,No,No,4.1/5,521,JP Nagar,Cafe,"Pizza, Salads, Pasta, Sandwiches, Veg Quiche, Coffee, Tea","Cafe, Continental, Italian",550,Desserts,Bannerghatta Road
Amma's Pastries,No,No,3.6/5,11,JP Nagar,Dessert Parlor,,Desserts,400,Desserts,Bannerghatta Road
Cakes And Crumbs,No,No,3.4/5,8,JP Nagar,Dessert Parlor,,Bakery,350,Desserts,Bannerghatta Road
Cafe Hops,No,No,3.7/5,24,JP Nagar,Dessert Parlor,,"Desserts, Bakery",300,Desserts,Bannerghatta Road
Cream Stone,No,No,4.0/5,319,JP Nagar,Dessert Parlor,"Paan Ice Cream, Chocolava, Nutella Brownie, Ferrero Rocher, Waffles, Hot Chocolate Fudge, Chocolate Icecreams","Desserts, Beverages",500,Desserts,Bannerghatta Road
The Cake Zone,No,No,NEW,0,JP Nagar,Bakery,,Bakery,200,Desserts,Bannerghatta Road
Berrylicious,Yes,No,3.8/5,89,JP Nagar,Dessert Parlor,"Macaroon, Brownie Sundae, Waffles","Ice Cream, Desserts, Bakery",400,Desserts,Bannerghatta Road
Daily Bread,No,No,3.2/5,63,JP Nagar,"Bakery, Quick Bites","Pasta, Sandwiches, Cappuccino, Sandwich","Bakery, Fast Food, Italian",600,Desserts,Bannerghatta Road
CakeZone,Yes,No,3.7/5,13,JP Nagar,"Takeaway, Delivery",,"Bakery, Desserts",200,Desserts,Bannerghatta Road
Papacream,Yes,No,3.7/5,17,JP Nagar,Dessert Parlor,,"Desserts, Ice Cream",350,Desserts,Bannerghatta Road
Venkateshwara Sweets and Restaurant,No,No,3.6/5,40,JP Nagar,"Casual Dining, Sweet Shop",,"South Indian, Mithai, Chinese, North Indian",400,Desserts,Bannerghatta Road
Calvin's,No,No,2.9/5,231,JP Nagar,Dessert Parlor,"Pasta, Sandwiches, Club Sandwich, Cottage Cheese Steak, Waffles, Chicken Lasagne, Chicken Burger","Desserts, Italian, Pizza",800,Desserts,Bannerghatta Road
Mr. Meetharam,Yes,No,3.2/5,34,JP Nagar,Quick Bites,,"Mithai, Street Food",150,Desserts,Bannerghatta Road
Mini Forest,No,No,3.3/5,6,JP Nagar,Quick Bites,,"Fast Food, Desserts",500,Desserts,Bannerghatta Road
Kulfi & More,No,No,3.3/5,4,JP Nagar,Dessert Parlor,,"Ice Cream, Desserts, Juices",150,Desserts,Bannerghatta Road
The Cake Ville,Yes,No,3.2/5,18,JP Nagar,"Bakery, Quick Bites",,"Bakery, Desserts, Fast Food",300,Desserts,Bannerghatta Road
Delhi Sweets,No,No,3.1/5,10,JP Nagar,Quick Bites,,"Street Food, Mithai",100,Desserts,Bannerghatta Road
Cakeship,No,No,,0,JP Nagar,Bakery,,"Bakery, Desserts",200,Desserts,Bannerghatta Road
Sweet Melts,No,No,,0,JP Nagar,Dessert Parlor,,"Desserts, Ice Cream",400,Desserts,Bannerghatta Road
Frozen Bottle,Yes,No,3.6/5,59,JP Nagar,Beverage Shop,,"Beverages, Desserts, Ice Cream",400,Desserts,Bannerghatta Road
Bombay Kulfi,Yes,No,3.7/5,41,JP Nagar,Dessert Parlor,,"Desserts, Ice Cream",150,Desserts,Bannerghatta Road
Havmor,Yes,No,3.5/5,21,JP Nagar,Dessert Parlor,,"Ice Cream, Desserts",200,Desserts,Bannerghatta Road
INDULGE by InnerChef,Yes,No,,0,JP Nagar,Bakery,,"Desserts, Bakery",400,Desserts,Bannerghatta Road
Cake N Cookies,No,No,,0,JP Nagar,Bakery,,Bakery,350,Desserts,Bannerghatta Road
Iyengar's Bakery,No,No,,0,JP Nagar,Bakery,,"Bakery, Fast Food",600,Desserts,Bannerghatta Road
Cocoa 'n' CrÃƒÂƒÃ‚ÂƒÃƒÂ‚Ã‚ÂƒÃƒÂƒÃ‚Â‚ÃƒÂ‚Ã‚ÂƒÃƒÂƒÃ‚ÂƒÃƒÂ‚Ã‚Â‚ÃƒÂƒÃ‚Â‚ÃƒÂ‚Ã‚Â¨me,No,No,3.5/5,11,JP Nagar,Bakery,,"Bakery, Desserts",250,Desserts,Bannerghatta Road
DG Juice Club,No,No,,0,JP Nagar,Beverage Shop,,"Beverages, Desserts",250,Desserts,Bannerghatta Road
Lassi Shop,Yes,No,,0,JP Nagar,Dessert Parlor,,"Ice Cream, Beverages",80,Desserts,Bannerghatta Road
Artinci Artisanal Ice Cream,Yes,No,NEW,0,JP Nagar,Dessert Parlor,,"Desserts, Ice Cream",300,Desserts,Bannerghatta Road
eat.fit,Yes,No,4.5/5,1179,BTM,Delivery,"Healthy Breakfast, Salads, Date Pudding, Chicken Curry, Hakka Noodles, Fruit Bowl, Dal Makhani","Healthy Food, North Indian, Biryani, Continental, Sandwich, Desserts",500,,
 ('Rated 3.0', 'RATED\n  Ordered whole wheat veg hakka noodles for evening indulgence. As tasty as it looked by sight," it was as bland in taste. I was thoroughly disappointed as eat.fit has such a good reputation. Besides making the food healthy surely does not mean to make it so tasteless. The 3 is only for the good packaging and tasty """"looking"""" food.')", ('Rated 5.0'," """"RATED\n  Initially I was a bit skeptical about the food. I though it it's just for the sake of marketing to call it a healthy food with fancy adjectives.\nBut trust me", Prices are on higher side. But," it's worth if you're really looking for some healthiest options."""")", ('Rated 3.0', 'RATED\n  Ordered the fruit bowl and the mangalorean chicken curry with brown rice. Tasty no doubt. But they need to pay a little more attention to the quality of the ingredients - the grapes could have been seedless, less seeds in the watermelon pieces would have been been great and the stalk on the raisins should have been removed. The curry leaves in the chicken dish had a tired look.\nBut like I said - tasty all the same.'), neatly packed and the top ups with each meal is something I look forward to too. And yes, healthy food can be tasty
Warm Oven,Yes,No,3.9/5,33,BTM,Bakery,,"Bakery, Desserts",500,Desserts,Bannerghatta Road
BTM Cakes,Yes,No,3.3/5,8,BTM,Bakery,,"Bakery, Desserts",400,Desserts,Bannerghatta Road
Bangali Babu Restaurant,No,No,,0,BTM,Sweet Shop,,"Mithai, Desserts, Fast Food",250,Desserts,Bannerghatta Road
Wow Lassi House,No,No,,0,BTM,Beverage Shop,,"Beverages, Desserts",200,Desserts,Bannerghatta Road
Whisk' N Creme',No,No,3.5/5,11,BTM,Bakery,,Bakery,300,Desserts,Bannerghatta Road
Bake The Cake,No,No,,0,Bommanahalli,Bakery,,Bakery,400,Desserts,Bannerghatta Road
Mumbai Kulfi,Yes,No,,0,Marathahalli,Dessert Parlor,,"Desserts, Ice Cream",200,Desserts,Bannerghatta Road
Hyderabad Biryaani House,Yes,No,3.6/5,796,Bannerghatta Road,Casual Dining,"Hyderabadi Biryani, Chicken Biryani, Raita, Mutton Biryani, Vegetable Biryani, Butter Chicken, Basmati Rice","Biryani, North Indian, Chinese",550,Dine-out,Bannerghatta Road
Seasons,Yes,Yes,3.8/5,500,Bannerghatta Road,Casual Dining,"Biryani, Sea Food, Egg Masala, Barbeque Chicken, Fish Grill, Appam, Raita","North Indian, South Indian, Chinese, Seafood, Kerala, Arabian, Juices",1000,Dine-out,Bannerghatta Road
Simply Indian,Yes,Yes,3.9/5,681,Bannerghatta Road,Casual Dining,"Cocktails, Ghee Roast Mutton, Mocktails, Chicken Biryani, Malai Kofta, Chicken Chatpata, Fish","North Indian, Chinese, Seafood, Biryani, Mangalorean",800,Dine-out,Bannerghatta Road
Dande's Hyderabad Biryani,Yes,No,3.8/5,207,Bannerghatta Road,Casual Dining,"Chicken Boneless Biryani, Lemon Chicken, Dum Biryani","Biryani, Andhra, North Indian",700,Dine-out,Bannerghatta Road
Chung Wah,Yes,No,4.0/5,532,Bannerghatta Road,Casual Dining,"Chicken Chowmein, Chicken Manchow Soup, Clear Soup, Momos, Fried Noodles, Chop Suey, Spring Roll","Chinese, Thai, Momos, Vietnamese",800,Dine-out,Bannerghatta Road
Tisano Cafe,Yes,No,3.8/5,54,Bannerghatta Road,Cafe,,"Cafe, Fast Food, Chinese, Continental",500,Dine-out,Bannerghatta Road
Pika's Kitchen,Yes,No,3.4/5,24,Bannerghatta Road,Casual Dining,,"Continental, Italian",800,Dine-out,Bannerghatta Road
Nellore Ruchulu,Yes,No,3.7/5,31,Bannerghatta Road,Casual Dining,,"North Indian, South Indian, Chinese",800,Dine-out,Bannerghatta Road
Shanghai Court,Yes,No,4.2/5,421,Bannerghatta Road,Casual Dining,"Chicken Manchow Soup, Hunan Chicken, Pad Thai, Singapore Noodles, Dragon Rolls, Momos, Thai Red Curry","Chinese, Thai",700,Dine-out,Bannerghatta Road
Chicken County Grand,Yes,No,3.9/5,319,Bannerghatta Road,Casual Dining,"Chicken Grill, Fish, Shawarma, Rolls, Tandoori Chicken, Hyderabadi Chicken, Chicken Roll","North Indian, Chinese",650,Dine-out,Bannerghatta Road
Punjabi Times,Yes,Yes,4.1/5,1025,Bannerghatta Road,Casual Dining,"Chicken Tikka, Kheer, Butter Chicken, Dal Makhani, Makke Ki Roti, Lassi, Paratha",North Indian,1000,Dine-out,Bannerghatta Road
Elegant Dining,Yes,Yes,3.6/5,225,Bannerghatta Road,Casual Dining,"Chicken Tikka, Chicken Biryani, Roti, Naan, Panneer Butter Masala","Biryani, North Indian, Chinese",700,Dine-out,Bannerghatta Road
Cafe Kabana,No,Yes,4.0/5,200,Bannerghatta Road,Cafe,"Mocktails, Peri Peri Chicken Pizza, Wings, Pasta, English Breakfast, Fries, Jalapeno Cheeseballs","Cafe, Continental",700,Dine-out,Bannerghatta Road
Dadi's Dum Biryani,Yes,Yes,4.0/5,739,Bannerghatta Road,Casual Dining,"Chicken Biryani, Basmati Rice, Prawn, Tandoori Chicken, Vegetable Biryani, Galauti Kebab, Faluda","Biryani, North Indian, Mughlai",800,Dine-out,Bannerghatta Road
Veruthe Oru Thattukada,No,No,3.8/5,149,Bannerghatta Road,Casual Dining,"Kadala Curry, Egg Roast, Beef Fry, Fish Fry, Chicken Curry, Fish Curry, Malabari Biryani","Kerala, South Indian",400,Dine-out,Bannerghatta Road
Butterly,Yes,No,3.9/5,102,Bannerghatta Road,Cafe,"Burgers, Sandwiches, Pizza, French Fries, Cheesecake","Cafe, Bakery, Beverages",450,Dine-out,Bannerghatta Road
Kundana,Yes,No,3.7/5,110,Bannerghatta Road,Casual Dining,"Lemon Chicken, Chicken Dum Biryani, Mutton Biryani","Andhra, Biryani",800,Dine-out,Bannerghatta Road
Cafe Conico,No,No,NEW,0,Bannerghatta Road,Cafe,,"Cafe, Beverages",600,Dine-out,Bannerghatta Road
Black Mug Cafe,Yes,No,3.7/5,171,Bannerghatta Road,Cafe,Coffee,Cafe,300,Dine-out,Bannerghatta Road
#refuel,Yes,No,3.7/5,37,Bannerghatta Road,Cafe,"Thick Shakes, Sandwiches, Pasta, Mocktails","Cafe, Beverages",400,Dine-out,Bannerghatta Road
Malabar Mess,No,No,3.7/5,43,Bannerghatta Road,Mess,,Kerala,250,Dine-out,Bannerghatta Road
Hotel Brundavan,Yes,No,NEW,0,Bannerghatta Road,Quick Bites,,"South Indian, North Indian, Chinese",250,Dine-out,Bannerghatta Road
Krishna Vijayashree,Yes,No,3.5/5,13,Bannerghatta Road,Casual Dining,,"Biryani, North Indian, Chinese",700,Dine-out,Bannerghatta Road
Pallavas Veg Cuisine,Yes,No,3.6/5,46,Bannerghatta Road,Casual Dining,,"North Indian, South Indian, Chinese",600,Dine-out,Bannerghatta Road
Guru Palace,Yes,No,3.1/5,106,Bannerghatta Road,Casual Dining,,"Chinese, North Indian",450,Dine-out,Bannerghatta Road
Suryawanshi,Yes,No,3.7/5,16,Bannerghatta Road,Casual Dining,,"Maharashtrian, Seafood",700,Dine-out,Bannerghatta Road
Savoury - Sea Shell Restaurant,Yes,Yes,3.9/5,1227,Bannerghatta Road,Casual Dining,"Shawarma, Biryani, Chicken Grill, Rolls, Tomato Soup, Haleem, Sea Food","Arabian, North Indian, Chinese, Seafood, Biryani, Rolls, Beverages",900,Dine-out,Bannerghatta Road
Tulips,No,No,3.1/5,19,Bannerghatta Road,Casual Dining,,"North Indian, South Indian, Chinese, Continental",800,Dine-out,Bannerghatta Road
Vaho Kafe & Pressery,No,No,3.9/5,124,Bannerghatta Road,Cafe,"Salad, Chicken Curry, Peri Peri Chicken, Thai Red Curry, Momos, Chicken Satay, Pasta","Cafe, Healthy Food, Asian, Italian, North Indian, Biryani, Juices",500,,
 of top notch quality and great taste. This place might be a hard to locate the first time. It is right in front of IIM Bangalore, next to Big Bazaar, on the second floor. ...\nRead full post on purnisfoodblog.wordpress.com'), ('Rated 1.0'," """"RATED\n  When you see the rating and order at 11 pm and expect complete order to arrive in time... That's just a imaginary stuff!! We tried first online order with them and it was completely delivered in just 2 hours!!!! Improve your service and then you can have good rating. I must say"," however delay and eating at 1am just could not make it good experience."""")", ('Rated 1.0', 'RATED\n  Worst food ever...they gave me stale cake and rotten carrot halwa delivered home ,please do not order anything from here . I had to throw both the desserts aways.'), ('Rated 3.5', and the weekday or weekend combos if you want to chill and enjoy their food. ItÃƒÂƒ\x83ÃƒÂ‚\x83ÃƒÂƒ\x82ÃƒÂ‚\x82ÃƒÂƒ\x83ÃƒÂ‚\x82ÃƒÂƒ\x82ÃƒÂ‚\x92s simple, somewhat reasonable
Kabab Treat,Yes,No,2.8/5,335,Bannerghatta Road,Casual Dining,"Biryani, Tandoori Chicken, Chicken Grill, Shawarma Roll","North Indian, Chinese",500,,
 'RATED\n  Tandoori is good.. Biryani OK compared to cost..'), ('Rated 4.0', 'RATED\n  noo'), ('Rated 1.0', 'RATED\n  the taste is very good . but the order got ready at the hotel very late'), 'RATED\n  not satisfied'), ('Rated 1.0', 'RATED\n  got the wrong food.'), ('Rated 3.0', 'RATED\n  Tandoori is good.. Biryani OK compared to cost..'), ('Rated 1.0', 'RATED\n  the taste is very good . but the order got ready at the hotel very late')
Dreamcatcher,Yes,No,3.9/5,49,Bannerghatta Road,Cafe,"English Breakfast, Sandwiches",Cafe,600,Dine-out,Bannerghatta Road
Chef & Dine,Yes,No,3.2/5,57,Bannerghatta Road,Casual Dining,,"North Indian, Arabian, Fast Food",650,Dine-out,Bannerghatta Road
Guru Greens,No,No,3.8/5,89,Bannerghatta Road,Casual Dining,"Tandoori Chicken, Beer, Pepper Chicken, French Chicken","North Indian, Chinese",550,Dine-out,Bannerghatta Road
A2B - Adyar Ananda Bhavan,Yes,No,2.7/5,425,Bannerghatta Road,Casual Dining,"Filter Coffee, Chilli Babycorn, Pav Bhaji, Pongal, Paneer Tikka, Onion Rava Dosa, Chaat","South Indian, North Indian, Chinese, Street Food",400,Dine-out,Bannerghatta Road
Malhar Maharashtrian Cuisine,Yes,No,4.0/5,101,Bannerghatta Road,Casual Dining,"Brinjal Curry, Misal Pav, Chicken Thali, Chicken Kolhapuri, Sabudana Vada, Veg Thali",Maharashtrian,500,Dine-out,Bannerghatta Road
Hyderabadi Bawarchi,Yes,No,3.2/5,133,Bannerghatta Road,Casual Dining,"Raita, Vegetable Biryani, Hyderabadi Biryani, Chicken Curry, Chicken Biryani","North Indian, Chinese, Biryani",500,Dine-out,Bannerghatta Road
Eagle Ridge,No,Yes,3.2/5,8,Bannerghatta Road,Casual Dining,,"South Indian, North Indian, Chinese",700,Dine-out,Bannerghatta Road
Beijing Bites,No,No,2.7/5,160,Bannerghatta Road,Casual Dining,Chop Suey,"Chinese, Thai",850,Dine-out,Bannerghatta Road
Cafe Coffee Day,No,No,3.6/5,19,Bannerghatta Road,Cafe,,"Cafe, Fast Food",900,Dine-out,Bannerghatta Road
Sri Bhagya Grand,Yes,No,3.4/5,186,Bannerghatta Road,Casual Dining,"Pav Bhaji, Tea, Tandoori Roti, Coffee, Malai Kofta, Vada, Curd Rice","South Indian, North Indian, Chinese, Street Food, Beverages",450,Dine-out,Bannerghatta Road
Cafe Arabica,No,No,3.8/5,69,Bannerghatta Road,"Cafe, Bakery","Coffee, French Fries, Lemon Tea, Veg Sandwich","Cafe, Bakery",700,Dine-out,Bannerghatta Road
Upahar Banashree,Yes,No,3.4/5,18,Bannerghatta Road,Quick Bites,,"South Indian, North Indian",400,Dine-out,Bannerghatta Road
Starbucks,No,No,3.9/5,52,Bannerghatta Road,Cafe,,"Cafe, Desserts",700,Dine-out,Bannerghatta Road
Sakshi,Yes,No,3.0/5,38,Bannerghatta Road,Casual Dining,,"North Indian, Biryani, Chinese, Seafood",550,Dine-out,Bannerghatta Road
Kabab Magic,No,No,3.7/5,311,Bannerghatta Road,Casual Dining,"Biryani, Chicken Grill, Shawarma Roll, Tandoori Chicken, Rumali Roti, Pulpy Grape Juice, Brosted Chicken","North Indian, Kebab, Chinese, Fast Food",400,Dine-out,Bannerghatta Road
Triveni,Yes,No,3.6/5,33,Bannerghatta Road,Casual Dining,,"Andhra, North Indian, Chinese",600,Dine-out,Bannerghatta Road
Drunken Monkey,Yes,No,4.4/5,288,Bannerghatta Road,"Beverage Shop, Quick Bites","Chicken Tikka Sandwich, Hot Chocolate Brownie, Red Velvet Shake, Chicken Sandwiches, French Fries, Cheese Sandwich, Irish Cream Coffee","Beverages, Fast Food",400,Dine-out,Bannerghatta Road
Marwa Restaurant,Yes,Yes,3.5/5,551,Bannerghatta Road,Casual Dining,"Kalmi Kabab, Gulab Jamun, Chicken Grill, Shawarma Roll, Vegetarian, Barbeque Chicken, Dal Fry","North Indian, Chinese, Fast Food, BBQ",600,Dine-out,Bannerghatta Road
Chow San,Yes,No,3.0/5,122,Bannerghatta Road,Casual Dining,Noodles,"Chinese, Thai, Momos",500,,
 'RATED\n  Ordered a veg noodles from here. Was happy with the seamless delivery. But, the food was horrible. The noodles were extremely thin, shorter in length, oily and bland. It was more like a south Indian vermicelli upma instead.'), ('Rated 5.0', sometimes these small, pocket friendly restaurants serve you the best food. I have been to chow san more than 15 times now.\nThe quantity, quality and the taste is commendable, just as how we Indians like the Chinese food to be. I've tried almost all the chicken starters. The best of what I like here is the lifu chicken, namprik chicken and for the spicy bit, I love this one the best.\nTriple Szechuan rice with sauce can't be ignored too.\nAlthough, their service can be improved.\nOverall
Thalassery Food Court,No,No,3.1/5,4,Bannerghatta Road,Casual Dining,,"Kerala, North Indian, Chinese",500,Dine-out,Bannerghatta Road
Chicken County Restaurant,Yes,No,3.5/5,10,Bannerghatta Road,Casual Dining,,"North Indian, Chinese, Fast Food",400,Dine-out,Bannerghatta Road
Thalassery Restaurant,Yes,No,NEW,0,Bannerghatta Road,Casual Dining,,"Seafood, Biryani, South Indian, North Indian, Chinese, Arabian, Kebab, Kerala",600,Dine-out,Bannerghatta Road
Guru Garden,No,No,2.9/5,106,Bannerghatta Road,Casual Dining,Biryani,"North Indian, Chinese",450,Dine-out,Bannerghatta Road
Guru Paradise,No,Yes,2.9/5,200,Bannerghatta Road,Casual Dining,"Manchow Soup, Wine, Biryani, Cocktails, Noodles, Stuffed Mushroom, Fish","Chinese, South Indian, North Indian",1000,Dine-out,Bannerghatta Road
Status,Yes,No,3.2/5,66,Bannerghatta Road,Casual Dining,Prompt Service,"North Indian, Chinese",600,Dine-out,Bannerghatta Road
Athithi,No,No,2.8/5,80,Bannerghatta Road,Casual Dining,Dum Biryani,"Andhra, Biryani, Chinese, North Indian",650,,
 gongura chicken," dal fry ( inconsistent preparation for this dish)"""")", ('Rated 4.0'," """"RATED\n  Just returned from lunch at Athithi.\n\nVery good food", had the mutton pepper fry & mutton rogan josh, dal makhani & egg biryani for my veggie friends. Everything was either well above average, or just plain outstanding! Especially the mutton - great quality meat & straightforward tasty preparations. The biryani had a raw spice edge to it, that was actually interesting. The sheekh was as nice as veg sheekh can be," and the garlic naan was well....garlicky! The dal makhani & roti were good too.\n\nThe place is an absolutely no frills joint - so don't go there expecting anything fancy. Just a quiet place to have a beer (reasonably priced @ 85 for a KF pint + there's Foster's draught) with some good food. The service was fair and non-intrusive. Definitely look forward to my next visit there...hopefully soon :-)"""")", ('Rated 1.0', rude and they dont stick to the promises made. it was a awful, frustrating experience.')
Shee-Sha Cafe,No,Yes,3.6/5,39,Bannerghatta Road,"Cafe, Casual Dining",,"Cafe, North Indian, Chinese, Continental",800,Dine-out,Bannerghatta Road
Diletto,No,No,3.5/5,16,Bannerghatta Road,Casual Dining,,"North Indian, Chinese",800,Dine-out,Bannerghatta Road
Terrace Lounge,No,No,3.6/5,25,Bannerghatta Road,Lounge,,"North Indian, Chinese, Seafood",1600,Dine-out,Bannerghatta Road
Utsav Restaurant,No,No,3.6/5,23,Bannerghatta Road,Casual Dining,,"North Indian, Chinese, Italian, South Indian",1000,Dine-out,Bannerghatta Road
Halli Sogasu,No,No,3.0/5,15,Bannerghatta Road,Casual Dining,,"South Indian, Andhra",600,Dine-out,Bannerghatta Road
D2V Cafe,No,No,3.6/5,13,Bannerghatta Road,Cafe,,Cafe,700,Dine-out,Bannerghatta Road
Northern Bites,Yes,No,3.3/5,50,Bannerghatta Road,Casual Dining,,"North Indian, Chinese",400,Dine-out,Bannerghatta Road
Bhaijaan Barbeques,Yes,No,3.4/5,8,South Bangalore,Food Truck,,"Mughlai, Arabian, BBQ",200,Dine-out,Bannerghatta Road
Pepper Crown Restaurant,Yes,No,3.2/5,7,Bannerghatta Road,Casual Dining,,"Continental, North Indian, Chinese",700,Dine-out,Bannerghatta Road
Zhangs Classic,Yes,No,2.6/5,170,Bannerghatta Road,Casual Dining,"Chowmein, Chicken Manchow Soup, Momos, Dragon Rolls, Chicken Momo, Hot Pot, Sweet Corn Chicken Soup","Italian, Chinese, Japanese",600,Dine-out,Bannerghatta Road
Kanika Biryani Paradise,No,No,3.4/5,15,Bannerghatta Road,Casual Dining,,"North Indian, Andhra, Biryani",700,Dine-out,Bannerghatta Road
Fresh Lemon Soda,No,No,3.1/5,5,Bannerghatta Road,Beverage Shop,,"Beverages, Street Food",150,Dine-out,Bannerghatta Road
Maruthi Bar & Restaurant,No,No,,0,Bannerghatta Road,Casual Dining,,"Chinese, Seafood",800,Dine-out,Bannerghatta Road
Coastal Inn,No,No,3.4/5,66,Bannerghatta Road,Casual Dining,"Biryani, Sea Food, Fish Thali","Chinese, North Indian, Seafood",800,Dine-out,Bannerghatta Road
Aishwarya Parkland,No,No,2.9/5,59,Bannerghatta Road,Casual Dining,,"Chinese, North Indian",500,Dine-out,Bannerghatta Road
Andhra Bhojanam,No,No,3.6/5,21,Bannerghatta Road,Casual Dining,,"North Indian, South Indian, Andhra",600,Dine-out,Bannerghatta Road
Donne Biriyani Mane,No,No,3.2/5,7,Bannerghatta Road,Quick Bites,,Biryani,300,Dine-out,Bannerghatta Road
Bella?s Kitchen,No,No,2.9/5,31,Bannerghatta Road,Casual Dining,,"Chinese, Seafood, North Indian",600,Dine-out,Bannerghatta Road
Lalchee's Rasoi,No,No,3.6/5,162,Bannerghatta Road,Casual Dining,"Rolls, Chicken Curry, Hara Bhara Kebab, Egg Masala, Egg Curry, Naan, Roti","North Indian, Chinese",500,,
 ('Rated 1.0'," """"RATED\n  I have a wrost experience of ordering food here. The quality of food is very bad but they have high price for all the itens. I have ordered a chicken roll cost rs.120 which is available in good restaurants between rs. 70-100. They sent me uncooked maida roti wrap which I throwed. When i called them they don't even said sorry for what they delivered. Its not at all worth for money. I would not recommend this place."""")", ('Rated 5.0', 'RATED\n  Awesome food. These folks are doing a great job. Pure taste of North India. My favourite is Hara bhara kabab. It is delicious . They never let you down in term of food quality. And they are polite too. Thanks to you. Keep up the good work...'), ('Rated 3.0', ('Rated 1.0', 'RATED\n  very bad experience ...this place is near by my house(hardly 2 kms) ..I ordered food and it has taken more than hr to deliver...when called she said they have no clue when the delivery boy will be available. Never order anything from here..'), ('Rated 2.0'," """"RATED\n  Aah this place is so pathetic that you can't even imagine. Very small food joint near to my house. Ordered chicken roll for me and my wife"," it was so bad we both have to leave this after 1/2 bites it was full of oil and too thick layer of maida. Trust me it was one lifetime experience. And that lady who sit at the counter is very arrogant."""")", ('Rated 1.0', 'RATED\n  My rating is little off target as I don\'t see a zero or negative rating. Ordering chicken is like pamepring youself with all the misfortunes possible - late delivery
Goli Vada Pav No 1,No,No,,0,Bannerghatta Road,,,"Street Food, Burger",150,Dine-out,Bannerghatta Road
Wellness Cafe,No,No,,0,Bannerghatta Road,Cafe,,"Cafe, Healthy Food",400,Dine-out,Bannerghatta Road
Aramane Restaurant,Yes,Yes,2.9/5,90,Bannerghatta Road,Casual Dining,Afghan Chicken,"North Indian, South Indian, Seafood, Biryani, Chinese",800,Dine-out,Bannerghatta Road
Dream's Kitchen,No,No,3.1/5,7,Bannerghatta Road,Casual Dining,,"North Indian, Andhra, Chinese",700,Dine-out,Bannerghatta Road
MOYASS,No,No,,0,Bannerghatta Road,Casual Dining,,"South Indian, Kerala",600,Dine-out,Bannerghatta Road
Tandoor Hut,No,No,2.2/5,90,Bannerghatta Road,Casual Dining,"Noodles, Tandoori Chicken","North Indian, Chinese",750,Dine-out,Bannerghatta Road
Cafe Talk,No,No,3.3/5,14,Bannerghatta Road,"Cafe, Casual Dining",,"Cafe, Continental, North Indian, Bakery, Desserts",700,Dine-out,Bannerghatta Road
Zaika Take Away,No,No,2.4/5,96,Bannerghatta Road,Casual Dining,"Butter Naan, Kadhai Mushroom","North Indian, Chinese, Thai",500,,
 ('Rated 1.0', 'RATED\n  No hygiene, no taste and no ambiance. Go at your own risk like we went. Cost-wise its ok, but taste wise and hygiene wise avoid it if you can.'), ('Rated 1.0'," awful quality of mushrooms and intolerable taste. I am never wasting my money on this place again."""")", ('Rated 1.5', 'RATED\n  Just ordered using the zomato order app. The bill was around 360 but the food was not worth it. The delivery arrived 15 mins late(1 hr). The food I ordered were naan,mushroom kadai,veg paneer roll, ('Rated 4.0', 'RATED\n  The food was good\nTried the meal box and\nChinese items all were good\nBiryani was good\nMomo was too good\nService is good but the place is small\nSometime u will have to wait for other to finsh to get table')
Cafe Choco Craze,No,No,3.7/5,9,Bannerghatta Road,Cafe,,"Cafe, Fast Food, Desserts",400,Dine-out,Bannerghatta Road
Thalassery Food Court,No,No,,0,Bannerghatta Road,Casual Dining,,"Chinese, Kerala",500,Dine-out,Bannerghatta Road
Hotel Green Way,No,No,,0,Bannerghatta Road,Casual Dining,,"North Indian, South Indian, Chinese",500,Dine-out,Bannerghatta Road
Hunger Restaurant,No,No,,0,Bannerghatta Road,Casual Dining,,South Indian,500,Dine-out,Bannerghatta Road
Sri Annapurneswari Hotel,Yes,No,,0,Bannerghatta Road,Quick Bites,,"South Indian, Chinese",300,Dine-out,Bannerghatta Road
Swad Family Restaurant,No,No,,0,Bannerghatta Road,Casual Dining,,"North Indian, Chinese",650,Dine-out,Bannerghatta Road
Tandoor Plaza,No,No,,0,Bannerghatta Road,Casual Dining,,North Indian,500,Dine-out,Bannerghatta Road
Sai Abhiruchi,No,No,NEW,0,Bannerghatta Road,Casual Dining,,"Andhra, North Indian, Biryani",800,Dine-out,Bannerghatta Road
A M Biryani Hotel,Yes,No,3.3/5,6,Bannerghatta Road,Quick Bites,,"North Indian, Chinese, Biryani, Fast Food",300,Dine-out,Bannerghatta Road
Combo Studio,Yes,No,3.1/5,16,Bannerghatta Road,Casual Dining,,"North Indian, Biryani, Chinese",500,Dine-out,Bannerghatta Road
The Curry Hut Plus,Yes,No,3.4/5,116,Bannerghatta Road,Casual Dining,"Thai Chicken, Paratha, Mutton Fry","North Indian, South Indian, Chinese",400,,
 I had to cancel my order at 10:15PM and get my cash refunded because of the delay," the cashier and the staff din't even bother to help me or at least acknowledge me. You guys need to take care of your customers to run your business or else the end result is going to be no business.\nI hope no other customer encounters a similar scenario."""")", ('Rated 4.0', 'RATED\n  Heard A lot about this place by word of mouth.Ordered dinner\n1) Afghani chicken:- I will rate 4.5 this dish is perfect tandoor ..And nice combination of all spice. Not giving 5 just because bird size was small..?\n\n2) Singapore rice:- I will rate it 5 ate a different taste for first time... Quantity was good.. nd it was yumm.\n\n3) kadhai chicken:- this gravy was good the chicken piece was bit hard.. quantity was good. Nd I will rate it 4.\n\nSo over all great food nd value of money.\nKeep up good job curry hut team.??'), ('Rated 1.0', chicken tikka and Rava fry fish.\n\nChicken biriyani was just plain basmati rice in white with no flavour expect for the places where the chicken was.\n\nBoth the dishes (chicken tikka and biryani had chicken pieces that were very chewy. The tikka did not have any flavour.\n\nRava fry was burnt fish fry!!\n\nNever will I ever order from this place again. Waste of money!'), ('Rated 2.5', 'RATED\n  Decided to order in one day, heard alot about the butter chicken of this place from various friends.\n\nWe ordered\n\nButter chicken\nApart from the high expectations, it was an average butter chicken, delivery was rather quick as the food arrived in 25 minutes and was still warm.'), ('Rated 1.0'
Chai Point,Yes,No,3.6/5,132,Bannerghatta Road,"Beverage Shop, Quick Bites","Ginger Tea, Ginger Chai, Banana Cake, Masala Chai, Egg Sandwich, Vada Pav","Tea, Beverages, Fast Food",250,Dine-out,Bannerghatta Road
Velvet Kitchen,Yes,No,3.5/5,15,Bannerghatta Road,Casual Dining,,"North Indian, Chinese",600,Dine-out,Bannerghatta Road
Ammi's Biryani,No,No,2.4/5,392,Bannerghatta Road,,"Chicken Biryani, Hyderabadi Biryani, Rolls, Mutton Biryani, Raita, Kheer, Vegetable Biryani","Biryani, North Indian",500,,
 'RATED\n  Ordered executive biryani from Ammis after a long time. The portion was good; however the quality has been degraded. They served stale dish. I will never order again from this restaurant.'), ('Rated 1.0'," """"RATED\n  Today's on occasion of bakrid I ordered two combo pack and invited my friends ", what a disgrace when only 5 pieces were found in two combo packs.\nI just called Ammis and they asked me to keep the biryani aside . Sir do you have any table manners how to keep things aside when you have guests.\nYou spoiled my day never ever believe the frauds like you . I know it's bakrid and you might be overloaded with orders but don't make shit orders when someone relying on you.\n\nNow when I called the branch one irritating man named Umesh spoke and claimed that he only packed and he put 9 PC's in one pack means , according to him I ate and now lieing. What a shame you got people like him.\n\nSurya from somewhere told within 15 minute they will replace it and then they wanted to come and investigate , ('Rated 1.0', 'RATED\n  Instead of jeera sambha rice they use normal rice and charge for jeera sambha, No mutton meat only bones, did not give one portion of desert and bill amount shows different in zomato and collected different on delivery.'), ('Rated 4.0', 'RATED\n  The Taste was okay but the delivery is horrible had a bitter experience donÃƒÂƒ\x83ÃƒÂ‚\x83ÃƒÂƒ\x82ÃƒÂ‚\x82ÃƒÂƒ\x83ÃƒÂ‚\x82ÃƒÂƒ\x82ÃƒÂ‚\x92t know whatÃƒÂƒ\x83ÃƒÂ‚\x83ÃƒÂƒ\x82ÃƒÂ‚\x82ÃƒÂƒ\x83ÃƒÂ‚\x82ÃƒÂƒ\x82ÃƒÂ‚\x92s the problem with it need to work on ur delivery service'), ('Rated 1.5'
Dine One One Restaurant,Yes,No,3.6/5,15,Bannerghatta Road,Casual Dining,,"South Indian, Continental, North Indian",500,Dine-out,Bannerghatta Road
Upahara Bhavan,Yes,No,3.8/5,55,Bannerghatta Road,Quick Bites,"Masala Dosa, Idli, Coffee, Vada, Set Dosa","South Indian, North Indian, Chinese",300,Dine-out,Bannerghatta Road
Wangs Kitchen,Yes,No,3.0/5,114,Bannerghatta Road,Casual Dining,"Noodles, Momos",Chinese,1000,Dine-out,Bannerghatta Road
Vasudev Adiga's,No,No,2.3/5,291,Bannerghatta Road,Casual Dining,"Coffee, Masala Dosa, Curd Rice, Idli Vada","South Indian, North Indian, Chinese, Street Food, Juices",250,Dine-out,Bannerghatta Road
Fresh Kitchen,Yes,No,3.4/5,13,Bannerghatta Road,Casual Dining,,"North Indian, Chinese",600,Dine-out,Bannerghatta Road
Ambara Gardenia,Yes,Yes,3.8/5,257,Bannerghatta Road,Casual Dining,"Fish Fry, Crab Sukha, Chicken Biryani, Fish Curry, Murgh Ghee Roast, Roti, Naan","Andhra, North Indian, Chinese, Seafood",800,Dine-out,Bannerghatta Road
Bangalore Pantry,Yes,No,NEW,0,Bannerghatta Road,Quick Bites,,"Chinese, North Indian, Biryani, Arabian",400,Dine-out,Bannerghatta Road
Krishna Kuteera,Yes,No,4.0/5,398,Bannerghatta Road,Quick Bites,"Pav Bhaji, Coffee, Set Dosa, Vada, Masala Poori","South Indian, North Indian, Chinese",400,Dine-out,Bannerghatta Road
Madeena Hotel,Yes,No,3.9/5,50,Bannerghatta Road,Quick Bites,,"North Indian, Mughlai, Biryani",400,Dine-out,Bannerghatta Road
California Burrito,No,No,4.0/5,177,Bannerghatta Road,Quick Bites,"Rice Bowl, Nachos, Rice Bowls, Salad, California Burrito, Tacos, Salads","Mexican, Fast Food",400,Dine-out,Bannerghatta Road
Biryani Nights,Yes,No,3.6/5,19,Bannerghatta Road,Quick Bites,,"South Indian, North Indian, Chinese",400,Dine-out,Bannerghatta Road
McDonald's,Yes,No,4.0/5,256,Bannerghatta Road,Quick Bites,"Burgers, Mocha Frappe, French Fries, Maharaja Mac, Oreo Shake, Egg Wrap","Burger, Fast Food",500,Dine-out,Bannerghatta Road
Kanteen The Eatery,Yes,No,3.9/5,78,Bannerghatta Road,Quick Bites,"Chole Bhature, Pav Bhaji, Misal Pav",North Indian,400,Dine-out,Bannerghatta Road
Punjabi Nawabi,Yes,No,3.8/5,312,Bannerghatta Road,Quick Bites,"Dal Makhani, Lassi, Butter Chicken, Panneer Butter Masala, Mix Veg, Saag, Butter Naan",North Indian,400,Dine-out,Bannerghatta Road
New Kabab Zone,Yes,No,3.5/5,54,Bannerghatta Road,Quick Bites,,"North Indian, Chinese, Biryani, Rolls",500,Dine-out,Bannerghatta Road
Taco Bell,Yes,No,3.7/5,168,Bannerghatta Road,Quick Bites,"Tacos, Fries, Nachos, Burrito","Mexican, American, Fast Food",600,Dine-out,Bannerghatta Road
Purani Dilli By Anand Sweets,No,No,4.1/5,315,Bannerghatta Road,Quick Bites,"Chaat, Thali, Jalebi, Rajma, Paneer Tikka, Paratha, Kulfi","North Indian, Continental, Street Food",500,Dine-out,Bannerghatta Road
SGS Non Veg - Gundu Pulav,Yes,No,3.9/5,120,Bannerghatta Road,Quick Bites,,"Biryani, South Indian",300,Dine-out,Bannerghatta Road
Shetty's Kitchen,Yes,No,3.7/5,108,Bannerghatta Road,Quick Bites,"Sea Food, Neer Dosa",Mangalorean,600,Dine-out,Bannerghatta Road
Domino's Pizza,Yes,No,3.7/5,314,Bannerghatta Road,Quick Bites,"Pizza, Peppy Paneer","Pizza, Fast Food",800,Dine-out,Bannerghatta Road
Polar Bear,Yes,No,3.9/5,188,Bannerghatta Road,Dessert Parlor,"Sandwiches, Hot Chocolate Fudge, Brownie, Sandwich","Ice Cream, Desserts, Beverages, Sandwich",400,Dine-out,Bannerghatta Road
Cravings,Yes,No,3.7/5,139,Bannerghatta Road,Quick Bites,"Malai Kofta, Sandwiches, Aloo Paratha, Chole Bhature, Panneer Butter Masala, Kulcha, Poori Chole","North Indian, Chinese, Rolls",400,Dine-out,Bannerghatta Road
Manjushree Upahara,Yes,No,3.8/5,31,Bannerghatta Road,Quick Bites,,South Indian,150,Dine-out,Bannerghatta Road
Box Magic,Yes,No,3.6/5,21,Bannerghatta Road,Quick Bites,,"North Indian, South Indian, Seafood, Rolls",400,Dine-out,Bannerghatta Road
Burger King,Yes,No,3.8/5,472,Bannerghatta Road,Quick Bites,"Burgers, Whopper Meal, Crispy Chicken, French Fries, Grilled Wings","Burger, Fast Food, Beverages",600,Dine-out,Bannerghatta Road
Babu Moshai,Yes,No,3.0/5,43,Bannerghatta Road,Quick Bites,,"Fast Food, Bengali",500,Dine-out,Bannerghatta Road
KFC,Yes,No,3.8/5,369,Bannerghatta Road,Quick Bites,"Rice Bowl, Paneer Zinger Burger, Burgers, Crispy Chicken, Chicken Boneless Strips","Burger, Fast Food",400,Dine-out,Bannerghatta Road
Ingu Tengu,No,No,3.9/5,197,Bannerghatta Road,Quick Bites,"Vada, Masala Dosa, Coffee, Akki Rottis, Idli Chutney, Curd Rice, Ghee Roast Dosa",South Indian,150,Dine-out,Bannerghatta Road
World on a Swirl,No,No,3.8/5,46,Bannerghatta Road,"Dessert Parlor, Quick Bites",Courteous Staff,"Ice Cream, Desserts, Rolls",300,Dine-out,Bannerghatta Road
Soup Station,Yes,No,3.6/5,10,Bannerghatta Road,Quick Bites,,Continental,250,Dine-out,Bannerghatta Road
Green Onion,No,No,3.3/5,50,Bannerghatta Road,Food Court,"Noodles, Momos, Chicken Noodle",Chinese,400,Dine-out,Bannerghatta Road
Malabar Cafe,Yes,No,3.3/5,4,Bannerghatta Road,Quick Bites,,"South Indian, Kerala, Biryani",400,Dine-out,Bannerghatta Road
Punjabi Corner,Yes,No,3.9/5,201,Bannerghatta Road,Quick Bites,"Paratha, Chicken Curry","North Indian, Chinese",250,Dine-out,Bannerghatta Road
Chaitanya Grand,No,No,3.6/5,11,Bannerghatta Road,Quick Bites,,"South Indian, North Indian, Chinese",300,Dine-out,Bannerghatta Road
Sagar Grand,Yes,No,3.8/5,30,Bannerghatta Road,Quick Bites,,"South Indian, North Indian, Chinese",300,Dine-out,Bannerghatta Road
Burj Hotel,Yes,No,3.4/5,54,Bannerghatta Road,Quick Bites,,"North Indian, Chinese",350,Dine-out,Bannerghatta Road
Five Star Chicken,Yes,No,3.5/5,9,Bannerghatta Road,Quick Bites,,"Fast Food, Beverages",250,Dine-out,Bannerghatta Road
Thejas Bhavan,Yes,No,3.5/5,27,Bannerghatta Road,Quick Bites,,"North Indian, South Indian, Chinese",400,Dine-out,Bannerghatta Road
Cravy Wings,Yes,No,4.2/5,289,Bannerghatta Road,Quick Bites,"Burgers, Chicken Popcorn, Peri Peri Chicken, Wings, Peri Peri Burger, Fries, Crunchy Veg Burger","American, Burger, Fast Food",400,Dine-out,Bannerghatta Road
Kailash Parbat,No,No,3.1/5,28,Bannerghatta Road,Food Court,,"North Indian, Street Food",600,Dine-out,Bannerghatta Road
Garma Garam,Yes,No,3.2/5,144,Bannerghatta Road,Quick Bites,"Chicken Biryani, Butter Chicken","North Indian, Chinese, Biryani, Rolls",350,,
" """"RATED\n  First things first.... Great pricing... Love the taste... I order food almost thrice a week... Good taste... suits everybody's pocket.. Don't judge by the ambience", to be fair," judge the taste..."""")", ('Rated 5.0', 'RATED\n  Nice place to have quick bites and easy for home delivery. Real tasty food , ('Rated 5.0', 'RATED\n  Couple of my friends ordered food from this place today. Chicken biryani was awesome and very very reasonable price. I can bet you will not get hyderabadi biryani at this price and quality anywhere in Bangalore, must try. Chicken kabab and tandoor kalmi was also good. Best option for late night food.'), ('Rated 5.0'," """"RATED\n  Wanted to order food after returning late night from work. Was looking for some warm home type food", in budget. Would recommend others to try once," you'd love it."""")"
Oottupura Family Restaurant,Yes,No,3.4/5,224,Bannerghatta Road,Quick Bites,"Appam, Tea, Chicken Curry, Kadala Curry, Fish, Egg Curry, Idiyappam","Kerala, South Indian, Biryani",400,Dine-out,Bannerghatta Road
M-Aura Kitchen Cafe & More,Yes,No,,0,Bannerghatta Road,Quick Bites,,North Indian,400,Dine-out,Bannerghatta Road
Darjeeling Momos & Fast Food Center,Yes,No,3.8/5,37,Bannerghatta Road,Quick Bites,,"Fast Food, Momos",250,Dine-out,Bannerghatta Road
The Park Inn Restaurant,No,No,3.0/5,18,Bannerghatta Road,Quick Bites,,"North Indian, Chinese",450,Dine-out,Bannerghatta Road
Five Star Chicken,Yes,No,3.2/5,100,Bannerghatta Road,Quick Bites,,"Fast Food, Burger",250,Dine-out,Bannerghatta Road
Pot Biryani,Yes,No,3.1/5,166,Bannerghatta Road,Quick Bites,Chicken Biryani,"North Indian, Chinese, Biryani, Seafood",600,,
 which is something these guys should look into. And the place needs a makeover, congested and not suitable at all.'), ('Rated 3.5'," """"RATED\n  Taste is real good. No doubt. But quantity is real bad. I really hope they pay attention on that. Apart from that it's really good. Ordered chicken biriyani Good for snacks not heavy lunch or dinner."""")", ('Rated 4.5', ('Rated 3.5'," """"RATED\n  I don't have a pic to add. Simply because I ordered food at home. Well", my neighbours and my family decided a get together. Non of the women of the houses wanted to cook. That's when my neighbours suggested this place. I must admit. I have never heard about this place until today, but when the food came," I was amazed. The tandoori chicken was awsum. Not to mention the chicken briyani too. It's definitely a good place to eat out from. Not too heavy on the pocket also. Grab a bite guys. I recommend this place if you have a decent budget and a appetite for good food."""")", atleast 3-4 times a week for almost 2 months I am happy with their service and food. But the taste and consistency in the biryani varies, from not spicy at all to very spicy
Subway,Yes,No,3.2/5,167,Bannerghatta Road,Quick Bites,Salad,"Salad, Fast Food",600,Dine-out,Bannerghatta Road
Charlee's Chicken,Yes,No,3.2/5,35,Bannerghatta Road,Quick Bites,,"Rolls, Chinese, Fast Food",300,Dine-out,Bannerghatta Road
FRYBIES,Yes,No,3.3/5,15,Bannerghatta Road,Quick Bites,,Fast Food,350,Dine-out,Bannerghatta Road
Kuttanad,Yes,No,3.6/5,140,Bannerghatta Road,Quick Bites,,"Kerala, South Indian",200,Dine-out,Bannerghatta Road
Shuddh Desi Khana,Yes,No,4.0/5,597,Bannerghatta Road,Quick Bites,"Paratha, Chicken Kebab, Biryani, Lassi, Butter Chicken, Veg Kolhapuri, Pahari Chicken",North Indian,400,Dine-out,Bannerghatta Road
More Pizza,Yes,No,3.5/5,19,Bannerghatta Road,Food Court,,Italian,500,Dine-out,Bannerghatta Road
Namana Garden,Yes,No,,0,Bannerghatta Road,Quick Bites,,"South Indian, Beverages",250,Dine-out,Bannerghatta Road
Hunger Bee,Yes,No,3.8/5,56,Bannerghatta Road,Quick Bites,"Chicken Curry, Chicken Biryani, Jeera Rice, Paneer Biryani, Ghee Rice, Roti, Aloo Matar","Biryani, North Indian, South Indian",500,Dine-out,Bannerghatta Road
Spar Refresh,No,No,3.4/5,5,Bannerghatta Road,Food Court,,"North Indian, South Indian, Pizza",300,Dine-out,Bannerghatta Road
Northern Bites,No,No,NEW,0,Bannerghatta Road,Quick Bites,,"Chinese, North Indian, Biryani",350,Dine-out,Bannerghatta Road
Vishal Foods,Yes,No,3.3/5,57,Bannerghatta Road,Quick Bites,,"Chinese, North Indian, Street Food",250,Dine-out,Bannerghatta Road
Bangalore Pizza & Pulse Juice Bar,No,No,,0,Bannerghatta Road,Food Court,,"Juices, Pizza",500,Dine-out,Bannerghatta Road
Marhaba,No,No,3.5/5,25,Bannerghatta Road,Food Court,,"Arabian, Mediterranean, North Indian",500,Dine-out,Bannerghatta Road
Pizza On The Way,No,No,NEW,0,Bannerghatta Road,Quick Bites,,Pizza,300,Dine-out,Bannerghatta Road
Smoor,Yes,No,3.6/5,18,Bannerghatta Road,Dessert Parlor,,"Desserts, Cafe, Beverages",900,Dine-out,Bannerghatta Road
Kumbha Bhojanam,No,No,3.6/5,11,Bannerghatta Road,Food Court,,Andhra,300,Dine-out,Bannerghatta Road
Aman Chaat's And Fast Food Corner,Yes,No,,0,Bannerghatta Road,Quick Bites,,"North Indian, Chinese",150,Dine-out,Bannerghatta Road
Manjushree Veg,No,No,3.5/5,10,Bannerghatta Road,Quick Bites,,"South Indian, Chinese",150,Dine-out,Bannerghatta Road
Kalpavruksha,Yes,No,3.9/5,99,Bannerghatta Road,Quick Bites,,"South Indian, North Indian",300,Dine-out,Bannerghatta Road
Mom's Momos,No,No,3.7/5,25,Bannerghatta Road,Quick Bites,,Chinese,100,Dine-out,Bannerghatta Road
Rolls On Wheels,No,No,3.4/5,25,Bannerghatta Road,Quick Bites,,"Fast Food, Rolls, Momos",300,Dine-out,Bannerghatta Road
Just Shawarma,Yes,No,3.6/5,137,Bannerghatta Road,Quick Bites,"Fries, Whole Meat Shawarma",Arabian,300,Dine-out,Bannerghatta Road
Faasos,Yes,No,3.9/5,114,Bannerghatta Road,Quick Bites,"Chicken Wrap, Veggie Wrap, Rolls, Paneer Wrap","North Indian, Biryani, Fast Food",500,Dine-out,Bannerghatta Road
Sai Shiv Sagar,No,No,2.8/5,14,Bannerghatta Road,Food Court,,"South Indian, North Indian",300,Dine-out,Bannerghatta Road
Tiwari's,Yes,No,3.9/5,75,Bannerghatta Road,Quick Bites,"Chaat, Panipuri, Lassi, Aloo Paratha, Chai, Gulab Jamun","North Indian, Street Food",200,,
 there is no particular sitting arrangement,"s bt its ok to sit on the boundary walls n eat.\nrecommended and must visit."""")", ('Rated 4.0', 'RATED\n  Nice yummy parathas and tasty chai. Must visit place. For a road side shop, it is quite hygienic too, ('Rated 3.5', 'RATED\n  Unlike the pakka punjabi paratha, these are quite thin. Even the aloo paratha!\n\nThey make some decent chat too. Their gulab jamuns can give you diabetes in a second but honestly, pretty good.\n\nTry out this place if you are in or around KFC, brand factory etc. Not many places serving paratha around anyway.\n\ntravellingfatty.com'),[],Dine-out
Namma Halli Jonne Biryani,Yes,No,3.3/5,4,Bannerghatta Road,Quick Bites,,Biryani,300,Dine-out,Bannerghatta Road
Shree Guru Raghavendra Chats Chintamani Special,Yes,No,3.6/5,26,Bannerghatta Road,Quick Bites,,"Street Food, Fast Food",200,Dine-out,Bannerghatta Road
Hot Burg,Yes,No,3.5/5,51,Bannerghatta Road,Quick Bites,,"Fast Food, Juices",200,Dine-out,Bannerghatta Road
Idly Pidly,Yes,No,3.2/5,148,Bannerghatta Road,Quick Bites,Tea,South Indian,250,Dine-out,Bannerghatta Road
Pizza Hut,Yes,No,2.4/5,204,Bannerghatta Road,Quick Bites,"Pizza, Garlic Bread, Veg Supreme",Pizza,750,Dine-out,Bannerghatta Road
Burrito Boys,Yes,No,3.0/5,6,Bannerghatta Road,"Food Court, Quick Bites",,"Mexican, Tex-Mex",400,Dine-out,Bannerghatta Road
Bangaliana,Yes,No,2.9/5,153,Bannerghatta Road,Quick Bites,"Masala Prawn, Mutton Kosha, Thali, Mutton Curry, Luchi, Fish Cutlet, Bengali Pulao",Bengali,600,Dine-out,Bannerghatta Road
Ishta Cafe,Yes,No,3.9/5,63,Bannerghatta Road,Quick Bites,"Burgers, Masala Dosa, Millet Pizza, Falafel Wrap","Pizza, South Indian, Healthy Food",200,Dine-out,Bannerghatta Road
Brews N Bites,Yes,No,2.7/5,48,Bannerghatta Road,"Quick Bites, Cafe",Thin Crust Pizza,"Chinese, Fast Food, Cafe, Street Food, Finger Food",650,Dine-out,Bannerghatta Road
Arabian Mexico,Yes,No,3.4/5,43,Bannerghatta Road,Quick Bites,,"Fast Food, Arabian",400,Dine-out,Bannerghatta Road
Mother's Rasoi,Yes,No,3.8/5,170,Bannerghatta Road,Quick Bites,"Buttermilk, Dal Makhani, Boondi Raita, Baingan Bharta, Aloo Paratha, Roti, Thali","North Indian, Chinese, Momos",250,Dine-out,Bannerghatta Road
Bhavya Military Hotel,No,No,3.5/5,18,Bannerghatta Road,Quick Bites,,South Indian,300,Dine-out,Bannerghatta Road
Neals Cafe,No,No,3.1/5,14,Bannerghatta Road,Quick Bites,,"North Indian, Chinese",550,Dine-out,Bannerghatta Road
Smoke - The Sizzler House,Yes,No,3.8/5,92,Bannerghatta Road,Food Court,"Chicken Sizzler, Garlic Bread, Potato Wedges, Vanilla Ice Cream, Pasta, French Fries","Continental, Chinese, Thai, Italian, BBQ, Steak",1100,Dine-out,Bannerghatta Road
Shree Krishna Sannidhi,Yes,No,3.4/5,76,Bannerghatta Road,Quick Bites,,"North Indian, Chinese",450,Dine-out,Bannerghatta Road
New Royal Treat,Yes,No,2.8/5,102,Bannerghatta Road,Quick Bites,"Roti, Chicken Biryani","North Indian, Chinese",350,,
 'RATED\n  We ordered food from here over a weekend. Ordered both veg and non veg and it was good. Food was better then expected and reasonably priced. Would definitely order again.'), ('Rated 3.5', 'RATED\n  Decent hotel with spicy food items. People who look for clean hygiene environment stay away. Good for take away not dine in. Hotel cat roam around when you dine. If u r lucky you will get a chance to sit next to a cat and eat ;)\nWhen comes to food items decent for this rate. We tried roti and chicken gravy it was good.\n\nQuality : 3.5/5\nAmbience : 2/5\nQuantity : 4/5\nService: 3.5/5\n\nOver all its OK'), ('Rated 2.5', 'RATED\n  This is an ordinary eating outlet. Nothing to talk about ambience here. Food is just average but at affordable price. Hygiene conscious people should avoid this place.')," """"RATED\n  Its a good restaurant. You can have good food at an affordable rate. Though they are famous for their biriyani I like their rotti n curries better. They have good choice of starters. The ambiance is not so great but you would not mind all that once they serve the yummy food. They have door delivery also which I didn't use it till now. I would like to use it soon. :)"""")", ('Rated 3.0', 'RATED\n  This place pays no heed to the basics of sanitation that a restaurant must heed to. However, their menu is quite varied and every dish is so cheap that it is a delightful pocket friendly joint.'), ('Rated 3.5', 'RATED\n  Decent hotel with spicy food items. People who look for clean hygiene environment stay away. Good for take away not dine in. Hotel cat roam around when you dine. If u r lucky you will get a chance to sit next to a cat and eat ;)\nWhen comes to food items decent for this rate. We tried roti and chicken gravy it was good.\n\nQuality : 3.5/5\nAmbience : 2/5\nQuantity : 4/5\nService: 3.5/5\n\nOver all its OK'), ('Rated 2.5'
Pathaan Sir,Yes,No,3.2/5,33,Bannerghatta Road,Quick Bites,,"Fast Food, Rolls, Momos",250,Dine-out,Bannerghatta Road
The Yummy Tummy,No,No,3.5/5,13,Bannerghatta Road,Quick Bites,,"North Indian, Street Food",200,Dine-out,Bannerghatta Road
Thrupthi Restaurant,No,No,3.4/5,15,Bannerghatta Road,Quick Bites,,Kerala,150,Dine-out,Bannerghatta Road
Panchami Garden,No,No,3.5/5,56,Bannerghatta Road,Quick Bites,"Masala Dosa, Idli","South Indian, North Indian",400,Dine-out,Bannerghatta Road
Santrupti Sagar,No,No,2.9/5,34,Bannerghatta Road,Quick Bites,,"South Indian, Fast Food, North Indian",300,Dine-out,Bannerghatta Road
4671 Indian Coastal Cuisine,No,No,,0,Bannerghatta Road,Food Court,,"Seafood, Mangalorean, Kerala",600,Dine-out,Bannerghatta Road
Bake Feast,No,No,,0,Bannerghatta Road,Bakery,,Bakery,300,Dine-out,Bannerghatta Road
Bhojon Tripti,Yes,No,2.9/5,24,Bannerghatta Road,Quick Bites,,"Bengali, North Indian",300,Dine-out,Bannerghatta Road
Darjeeling Momo Adda,Yes,No,3.1/5,81,Bannerghatta Road,Quick Bites,,"Chinese, Tibetan, North Indian, Momos",200,Dine-out,Bannerghatta Road
Muddhe Bytes,Yes,No,3.4/5,9,Bannerghatta Road,Quick Bites,,"South Indian, Biryani",300,Dine-out,Bannerghatta Road
Pizza Da Dhaba,No,No,3.2/5,8,Bannerghatta Road,Quick Bites,,"Fast Food, Pizza",400,Dine-out,Bannerghatta Road
Resto,No,No,3.7/5,40,Bannerghatta Road,Quick Bites,,"Chinese, North Indian, Fast Food, Momos",350,Dine-out,Bannerghatta Road
SLV Kabab Centre,No,No,3.2/5,4,Bannerghatta Road,Quick Bites,,"Biryani, Fast Food",100,Dine-out,Bannerghatta Road
New Tandoori Point,No,No,3.3/5,9,Bannerghatta Road,Quick Bites,,"North Indian, Chinese",600,Dine-out,Bannerghatta Road
Shiv Sagar,No,No,2.9/5,85,Bannerghatta Road,Quick Bites,"Masala Dosa, Chole Bhature, Coffee","South Indian, Street Food",250,,
 when ordering self-service.\n\nI have had a variety of South Indian dishes here, masala dosas, idlies, vadas, etc... and they have always been consistently good. No complaints here. The service is a little cold," which is not acceptable considering the cost. I would only go here if I want to have something light as there are better options for a proper meal.\n\nblog.husainad.com"""")", ('Rated 3.5', 'RATED\n  I would say this is the only decent option in the Royal Meenakshi Mall food court.\n\nThey menu has a large variety of dosas, parathas and south Indian items. All the items are priced in line with Mall pricing which is around 50-100% more than outside.\n\nI am great fan of Chana batura and the spring roll dosa. The staff at the counter are very organized and efficient more like a fast food outlet.\n\nAmbiance - 3/5 (food court)\nFood - 3.5/5\nService - 4/5\nVFM - 3/5'), ('Rated 3.0', 'RATED\n  The other place which we frequent when we go to meenakshi mall was way too crowded and thatsy had to force ourselves to eat here. The onion paratha was pretty light inspite of the size! The gravies were okay - not the quality we get in other shiv sagar joints.\nOverpriced for the quality of food! :/'), ('Rated 2.0'
Little Shangai,No,No,3.3/5,4,Bannerghatta Road,Food Court,,"Chinese, North Indian, Fast Food",400,Dine-out,Bannerghatta Road
Nadella's Kitchen,No,No,3.2/5,4,Bannerghatta Road,Quick Bites,,"North Indian, Biryani",300,Dine-out,Bannerghatta Road
Uncle's Kitchen,No,No,2.8/5,12,Bannerghatta Road,Quick Bites,,"North Indian, Chinese, Fast Food",450,Dine-out,Bannerghatta Road
Wow Vada Pav,No,No,3.3/5,11,Bannerghatta Road,Quick Bites,,"Fast Food, Street Food",150,Dine-out,Bannerghatta Road
Juicy Hut,No,No,3.2/5,9,Bannerghatta Road,Quick Bites,,"Juices, Fast Food",200,Dine-out,Bannerghatta Road
Mom's Momos,No,No,3.3/5,6,Bannerghatta Road,Quick Bites,,Chinese,300,Dine-out,Bannerghatta Road
Slice of Spice,No,No,3.1/5,4,Bannerghatta Road,Quick Bites,,"North Indian, Chinese",400,Dine-out,Bannerghatta Road
Bao and Rolls,No,No,3.6/5,19,Bannerghatta Road,Quick Bites,,"Rolls, Kebab, Fast Food",250,Dine-out,Bannerghatta Road
Kedia's Fun Food,No,No,,0,Bannerghatta Road,Quick Bites,,"North Indian, Street Food, Juices",200,Dine-out,Bannerghatta Road
Loca Moca - The Indian Grub,No,No,3.4/5,4,Bannerghatta Road,"Food Court, Casual Dining",,"North Indian, Biryani",600,Dine-out,Bannerghatta Road
Mr Shawarma,No,No,,0,Bannerghatta Road,Quick Bites,,Fast Food,200,Dine-out,Bannerghatta Road
Shanghai Times,No,No,3.2/5,23,Bannerghatta Road,Food Court,,"Chinese, Asian",450,Dine-out,Bannerghatta Road
Kanchan Dhaba,No,No,3.2/5,4,Bannerghatta Road,Quick Bites,,"North Indian, Chinese",350,Dine-out,Bannerghatta Road
Encyclofoodia,No,No,3.9/5,26,Bannerghatta Road,Quick Bites,,"Kerala, North Indian",350,Dine-out,Bannerghatta Road
Food Feast Multicusine Restaurant,No,No,3.3/5,16,Bannerghatta Road,Quick Bites,,"North Indian, Chinese, Hyderabadi",600,Dine-out,Bannerghatta Road
Bangalir Rannaghar,No,No,2.9/5,58,Bannerghatta Road,Quick Bites,Noodles,"Bengali, North Indian, Chinese",250,Dine-out,Bannerghatta Road
Cane Recipes,No,No,3.5/5,14,Bannerghatta Road,Quick Bites,,Juices,100,Dine-out,Bannerghatta Road
Food Memories,No,No,3.3/5,5,Bannerghatta Road,Quick Bites,,Fast Food,200,Dine-out,Bannerghatta Road
Hotel Amarjothi,No,No,,0,Bannerghatta Road,Quick Bites,,"South Indian, North Indian, Chinese",400,Dine-out,Bannerghatta Road
Kitchen King,No,No,,0,Bannerghatta Road,Quick Bites,,"South Indian, North Indian, Chinese",250,Dine-out,Bannerghatta Road
Desi Adda,No,No,,0,Bannerghatta Road,Quick Bites,,"North Indian, South Indian",300,Dine-out,Bannerghatta Road
Gowdru Hatti Nati Style,No,No,,0,Bannerghatta Road,Quick Bites,,"South Indian, Chinese, Biryani",350,Dine-out,Bannerghatta Road
Kanhaiyas,Yes,No,3.6/5,10,Bannerghatta Road,Quick Bites,,South Indian,150,Dine-out,Bannerghatta Road
Hotel Annapoorna,Yes,No,3.2/5,9,Bannerghatta Road,Quick Bites,,"South Indian, Chinese, North Indian, Seafood",400,Dine-out,Bannerghatta Road
Hotel Aradhana,Yes,No,3.7/5,51,Bannerghatta Road,Quick Bites,"Akki Rottis, Neer Dosa",North Indian,300,Dine-out,Bannerghatta Road
Ruchi Foods,Yes,No,,0,Bannerghatta Road,Quick Bites,,"South Indian, Biryani",400,Dine-out,Bannerghatta Road
Le Centre Jeunesse,Yes,No,,0,Bannerghatta Road,Quick Bites,,Continental,400,Dine-out,Bannerghatta Road
Nammura Donne Biriyani,Yes,No,3.2/5,5,Bannerghatta Road,Quick Bites,,Biryani,300,Dine-out,Bannerghatta Road
Chaat Central,Yes,No,3.3/5,4,Bannerghatta Road,Food Court,,"Street Food, North Indian",300,Dine-out,Bannerghatta Road
Chaat Chatore,No,No,3.1/5,5,Bannerghatta Road,Quick Bites,,Fast Food,300,Dine-out,Bannerghatta Road
Cafe Indiana,No,No,3.5/5,17,Bannerghatta Road,"Quick Bites, Dessert Parlor",,"Fast Food, Desserts",600,Dine-out,Bannerghatta Road
Hotel Muthu,No,No,,0,Bannerghatta Road,Quick Bites,,South Indian,200,Dine-out,Bannerghatta Road
Snackiey,No,No,3.5/5,11,Bannerghatta Road,Quick Bites,,North Indian,250,Dine-out,Bannerghatta Road
Hotel Shyam Mangalam & Catering Service,No,No,,0,Bannerghatta Road,Quick Bites,,"South Indian, North Indian, Oriya",400,Dine-out,Bannerghatta Road
New Ambur Hot Dum Biryani,No,No,,0,Bannerghatta Road,Quick Bites,,Biryani,200,Dine-out,Bannerghatta Road
Sri Devi Darshan,No,No,NEW,0,Bannerghatta Road,Quick Bites,,South Indian,200,Dine-out,Bannerghatta Road
Dosa Deep,No,No,,0,Bannerghatta Road,Quick Bites,,South Indian,150,Dine-out,Bannerghatta Road
Priyadharshini Hotel,No,No,NEW,0,Bannerghatta Road,Quick Bites,,"North Indian, South Indian, Chinese",200,Dine-out,Bannerghatta Road
Doddamma Devi Juice & Chats Centre,No,No,,0,Bannerghatta Road,Quick Bites,,"Chinese, Street Food, Juices",200,Dine-out,Bannerghatta Road
Naga's,No,No,2.7/5,16,Bannerghatta Road,Food Court,,"Hyderabadi, Andhra, North Indian",500,Dine-out,Bannerghatta Road
Kabab Corner,No,No,,0,Bannerghatta Road,Quick Bites,,"Arabian, Chinese, Kerala",400,Dine-out,Bannerghatta Road
Suchi Ruchi Veg & Non Veg Resturant,No,No,3.2/5,4,Bannerghatta Road,Quick Bites,,"South Indian, North Indian",400,Dine-out,Bannerghatta Road
Sai Food Court,No,No,,0,Bannerghatta Road,Quick Bites,,"South Indian, North Indian",250,Dine-out,Bannerghatta Road
Foodiction,No,No,2.9/5,54,Bannerghatta Road,Quick Bites,,"North Indian, Fast Food, Chinese, Burger",500,Dine-out,Bannerghatta Road
Hotel Lakshmi Paradise,No,No,3.3/5,7,Bannerghatta Road,Quick Bites,,"North Indian, Mughlai",400,Dine-out,Bannerghatta Road
Hyder Ali Kitchen,No,No,,0,Bannerghatta Road,Quick Bites,,Biryani,300,Dine-out,Bannerghatta Road
Thalassery Hotel,No,No,NEW,0,Bannerghatta Road,Quick Bites,,"Kerala, South Indian",300,Dine-out,Bannerghatta Road
Shiv Sagar,No,No,3.6/5,10,Bannerghatta Road,Food Court,,"South Indian, Beverages",400,Dine-out,Bannerghatta Road
Desi Bites,No,No,3.3/5,4,Bannerghatta Road,Food Court,,Street Food,200,Dine-out,Bannerghatta Road
Shiv Sai,No,No,3.2/5,4,Bannerghatta Road,Quick Bites,,North Indian,400,Dine-out,Bannerghatta Road
Ammachide Addukala,No,No,3.5/5,6,Bannerghatta Road,Quick Bites,,Kerala,300,Dine-out,Bannerghatta Road
Sri Banashankari Biryani Kabab Centre,No,No,,0,Bannerghatta Road,Quick Bites,,"Biryani, Fast Food",100,Dine-out,Bannerghatta Road
D Fusion,No,No,,0,Bannerghatta Road,Quick Bites,,"Fast Food, Chinese",400,Dine-out,Bannerghatta Road
Annam Ilaiyil,No,No,,0,Bannerghatta Road,Quick Bites,,South Indian,450,Dine-out,Bannerghatta Road
Jiffy Fast Food,No,No,,0,Bannerghatta Road,Quick Bites,,"Arabian, Juices",200,Dine-out,Bannerghatta Road
Chillax Point,No,No,,0,Bannerghatta Road,Quick Bites,,"North Indian, Chinese",300,Dine-out,Bannerghatta Road
Pumpkin Food Workshop,No,No,,0,Bannerghatta Road,Quick Bites,,"Chinese, North Indian, South Indian",350,Dine-out,Bannerghatta Road
Northway Cuisine,No,No,NEW,0,Bannerghatta Road,Quick Bites,,"North Indian, Chinese",350,Dine-out,Bannerghatta Road
Sree Durga Darshini Veg,No,No,,0,Bannerghatta Road,Quick Bites,,South Indian,200,Dine-out,Bannerghatta Road
Sri SLV Bhavan,No,No,NEW,0,Bannerghatta Road,Quick Bites,,South Indian,250,Dine-out,Bannerghatta Road
A-1 Chicken Biriyani & Kababs,No,No,,0,Bannerghatta Road,Quick Bites,,Mughlai,200,Dine-out,Bannerghatta Road
The Ocean Kitchen,No,No,NEW,0,Bannerghatta Road,Quick Bites,,"North Indian, Chinese, Seafood, South Indian",200,Dine-out,Bannerghatta Road
Kalakki Biryani,No,No,,0,Bannerghatta Road,Quick Bites,,"Andhra, Biryani",300,Dine-out,Bannerghatta Road
Chefeana,Yes,No,4.0/5,212,Bannerghatta Road,Quick Bites,"Paratha, Chole Bhature, Lassi, Thali, Paneer Parantha",North Indian,400,Dine-out,Bannerghatta Road
Ande Ka Funda,Yes,No,3.2/5,56,Bannerghatta Road,Quick Bites,,"North Indian, Fast Food, Rolls",250,Dine-out,Bannerghatta Road
Yumme,Yes,No,,0,Bannerghatta Road,Quick Bites,,"Fast Food, Burger, Sandwich, Street Food",250,Dine-out,Bannerghatta Road
South Mouth,Yes,No,,0,Bannerghatta Road,Quick Bites,,"North Indian, Fast Food",300,Dine-out,Bannerghatta Road
North Chinese Centre,Yes,No,,0,Bannerghatta Road,Quick Bites,,"Chinese, North Indian",250,Dine-out,Bannerghatta Road
Punjabi Unplugged,Yes,No,NEW,0,Bannerghatta Road,Quick Bites,,North Indian,500,Dine-out,Bannerghatta Road
Biryani Rooh-e-Khaas,Yes,No,NEW,0,Bannerghatta Road,Quick Bites,,"Biryani, Mughlai",400,Dine-out,Bannerghatta Road
Yummy Momos,Yes,No,NEW,0,Bannerghatta Road,Quick Bites,,"Momos, Tibetan, Chinese",200,Dine-out,Bannerghatta Road
Bhojan@99,Yes,No,NEW,0,Bannerghatta Road,Quick Bites,,Fast Food,200,Dine-out,Bannerghatta Road
Hind Ka Chulah,Yes,No,3.8/5,182,Bannerghatta Road,Food Court,"Butter Chicken, Chole, Chicken Tikka, Biryani Combo, Roti, Tandoori Chicken, Naan","North Indian, Biryani",600,Dine-out,Bannerghatta Road
Street Foods by Punjab Grill,Yes,No,3.6/5,19,Bannerghatta Road,Food Court,,"Street Food, North Indian, Beverages",800,Dine-out,Bannerghatta Road
Paratha Junction,Yes,No,2.4/5,158,Bannerghatta Road,Quick Bites,Aloo Paratha,"North Indian, Chinese",300,Dine-out,Bannerghatta Road
Angel Restaurant,Yes,No,2.8/5,165,Bannerghatta Road,Quick Bites,,"Kerala, South Indian, North Indian",450,Dine-out,Bannerghatta Road
Bhukkad,No,No,3.1/5,7,Bannerghatta Road,Quick Bites,,"Healthy Food, Fast Food",250,Dine-out,Bannerghatta Road
Laa Raiba Restaurant,Yes,No,3.3/5,7,Bannerghatta Road,Quick Bites,,"Kerala, Chinese, South Indian",300,Dine-out,Bannerghatta Road
Ambur Hotel,No,No,,0,Bannerghatta Road,Quick Bites,,South Indian,250,Dine-out,Bannerghatta Road
Shiv Sai Hotel,Yes,No,3.5/5,74,Bannerghatta Road,Quick Bites,,North Indian,400,Dine-out,Bannerghatta Road
Red Chilli Restaurant,Yes,No,3.2/5,93,Bannerghatta Road,Quick Bites,,"North Indian, Chinese",350,Dine-out,Bannerghatta Road
Chaatimes,Yes,No,3.4/5,8,Bannerghatta Road,Quick Bites,,"Street Food, Fast Food",200,Dine-out,Bannerghatta Road
Parisar Veg Restaurant,Yes,No,3.6/5,8,Bannerghatta Road,Quick Bites,,"Chinese, North Indian, South Indian",400,Dine-out,Bannerghatta Road
Hotel Khaaja,Yes,No,3.1/5,68,Bannerghatta Road,Quick Bites,,"Biryani, Fast Food",250,Dine-out,Bannerghatta Road
Intalia,Yes,No,3.6/5,323,Bannerghatta Road,Food Court,"Pasta, Garlic Bread, Salads, Chicken Lasagne, Blueberry Cheesecake, Salad, Thin Crust Pizza","Pizza, Italian",800,Dine-out,Bannerghatta Road
Juicy Momos,Yes,No,3.1/5,21,Bannerghatta Road,Food Court,,"Tibetan, Momos",250,Dine-out,Bannerghatta Road
Nellore Bhojanam,Yes,No,3.1/5,175,Bannerghatta Road,Quick Bites,Biryani,Andhra,250,Dine-out,Bannerghatta Road
Shiv Sagar,No,No,3.6/5,10,Bannerghatta Road,Food Court,,"South Indian, Beverages",400,Dine-out,Bannerghatta Road
Me N U,No,No,NEW,0,Bannerghatta Road,Quick Bites,,"Finger Food, Wraps, Cafe, Continental, Healthy Food",500,Dine-out,Bannerghatta Road
Bao & Grills,No,No,NEW,0,Bannerghatta Road,Food Court,,"Chinese, Asian",300,Dine-out,Bannerghatta Road
Basveshwara Khaanavali,No,No,NEW,0,Bannerghatta Road,Quick Bites,,South Indian,250,Dine-out,Bannerghatta Road
Brahma Brews,No,Yes,NEW,0,JP Nagar,"Microbrewery, Casual Dining","Beer, Cocktails, Pizza, Peri Chicken, Belgian Wit, Neer Dosa, Cheese Balls","Continental, South Indian, Finger Food, Pizza, Seafood",1400,Dine-out,Bannerghatta Road
Levitate Brewery and Kitchen,No,Yes,NEW,0,JP Nagar,"Microbrewery, Casual Dining","Wheat Beer, Lager, Paneer Lollipop, Rustica Pizza, Dark Beer, Mocktails, Cocktails","Finger Food, North Indian, Continental",1500,Dine-out,Bannerghatta Road
Hakuna Matata,No,No,4.5/5,2781,JP Nagar,"Casual Dining, Bar","Mocktails, Cocktails, Appam, Paneer Satay, Sea Food, Paneer Tikka, Jeera Rice","North Indian, Asian, Seafood, Chinese",1200,,
 'RATED\n  I loved the ambience of this place.. They have an open air area which is just awesome.. They had candle lights on every table.. Food was good and Staff were very friendly too..'), ('Rated 5.0', 'RATED\n  I had heard a lot about this place. So it has a lot of seating space but a comparatively lesser parking space.There is a separate smoking area. The staff is courteous and quick. Talking about the food I loved everything what we ordered.Chicken lollipop and for starters definitely aroused our taste buds.For the maincourse Burnt Chicken Garlic Noodles, Chicken in Chilly Mustard Sauce And Chicken Biryani did justice to our expectations and the positive reviews that we had recieved about this amazing, one of a kind place .Both the quality and quantity of the food served were excellent. Definitely coming back here for another superb meal.'), 'RATED\n  Super place to have a night out\nLoved the atmosphere\nPretty crowded and it took us 1 hour to get inside\nLove the food and the ambience here\nThe Murg Kalimirch was good and spicy ?\nThe Prawn Ghee Roast ? and Chicken Jungli ? were a class apart.\n\nFor Drinks I had Screwdriver Cocktail\nAnd Metallica Shooters\nThere were good'), ('Rated 5.0', 'RATED\n  This restaurant is just love for all those who want to chill with their friends.. Their ambience is really great. I went there on Saturday night and it was just an awesome experience visiting there. I had a tandoori chicken, noodles, butter chicken and tandoori roti.. All was really great. Their staff was also too friendly and the price is also reasonable.. One must visit and chill with their friends..'), decent food with good seating arrangements makes this place great.\nWe were there for a dinner and seated indoor, ordered multiple items. Food was just ok.\nI did not like noodles at all and had to return it. Server was reluctant to admit that it was bad and had to call the manager to get the things straight.\nThis is not acceptable.\nRest of the food was ok
Barbeque Nation,No,Yes,4.7/5,3844,JP Nagar,Casual Dining,"Lunch Buffet, Goan Fish Curry, Mocktails, Chicken Biryani, Cocktails, Paan Kulfi, Pasta","North Indian, European, Mediterranean, BBQ, Kebab",1600,Dine-out,Bannerghatta Road
Sattvam,No,No,4.3/5,353,JP Nagar,Casual Dining,"Noodles, Veg Buffet, Mango Juice, White Pasta, Panipuri, Thin Crust Pizza, Dal Makhani","North Indian, South Indian",1200,Dine-out,Bannerghatta Road
Brewsky,Yes,Yes,4.4/5,4312,JP Nagar,Microbrewery,"Pork Chops, Craft Beer, Chicken Biryani, Chowmein, Drunken Chicken Wings, Cocktails, Mocktails","Continental, American",1600,,
 'RATED\n  Brewsky had a different kind of vibe in itself. It offered kind of a low key environment, pretty less crowd considering I went on a Friday night. We were surely happy with the service as the staff was very polite and the food was good enough as well. But I would rate this place low when it comes to ambience.'), ('Rated 4.0', 'RATED\n  It was a rooftop restaurant, though we couldnÃƒÂƒ\x83ÃƒÂ‚\x83ÃƒÂƒ\x82ÃƒÂ‚\x82ÃƒÂƒ\x83ÃƒÂ‚\x82ÃƒÂƒ\x82ÃƒÂ‚\x92t enjoy the whole essence of it due to rain. The food was nice, ('Rated 3.0', 'RATED\n  Nice place . Good ambience. However service can be better and also the food. But somehow managed well. Please work on the taste of the food. It was really basic.'), ('Rated 4.0', 'RATED\n  Heard a lot about restaurant, on a weekend been there with a friend. It is a rooftop restaurant with nice ambience. The music is not very loud. Their food was good. We ordered Cheese Garlic Bread and Paneer Papadi as a starter.\nPaneer Papadi is their unique dish. It was crispy outside and soft inside. Recommend to the people who like Papad.\nWe ordered mix veg curry and some naan. Curry was good.\nIn d end we ordered Apple Scramble which was really good. They serve it with Vanilla ice cream.\nOverall the experience was good.\nCan suggest to people who like draught beer.'), this place (upstaris) is jam packed on weekends so book before you go whereas on the other hand you can get a table easily in the family reataurant downstairs even on weekends.'), ('Rated 3.0'
Three Dots & A Dash,No,Yes,4.3/5,1196,JP Nagar,"Bar, Casual Dining","Cocktails, Pizza, Burgers, Pasta, Coconut Chicken, Mocktails, Nachos","European, Continental",1500,,
 ('Rated 5.0', 'RATED\n  Awesome place with yummy food... Everything we ordered was yum...\nBubble head... Creamy mushroom... Chilly mushroom mint N ginger... Chicken A...la zingara... Herb crushed fish fingers... Fried rice in Pineapple... Everything is tasty.. great value for money'), ('Rated 4.0'," """"RATED\n  Have been here twice and the both the times the food was delicious. The place though is big"," it's always crowded so better reach early to avoid waiting. Music is very loud so ppl who are looking for a quite place.. avoid this place.\n\nFood - 4\nAmbience - 3.5\nService - 4\nCost - Medium"""")"," """"RATED\n  Amazing place. I worship corn and I found the best one out here! Truly amazing! The music was extremely loud at night so couldn't really talk to my friend who I had met after a year. Best place to go for a talkative date?"""")", ('Rated 4.0', 'RATED\n  A good nice Tiki themed place to hangout and have good food ..\nTry out Their Quesadillas and garlic pork !! Also the tiki Cocktails are mindblowing in presentation..\n\ninstagram.com'), ('Rated 4.0'," """"RATED\n  Decided to try this place for lunch. It's more of a dinner/night life venue but I quite liked it nonetheless. We started with cocktails: Caribbean Cooler and Pineapple Paradise. The presentation is very impressive and I would give a 4/5 for the taste. We had fito mito babycorn and nuggets with cheese and I am of the opinion that it's a must try along with their cocktails. The quesadillas were okay", 'RATED\n  Awesome place with yummy food... Everything we ordered was yum...\nBubble head... Creamy mushroom... Chilly mushroom mint N ginger... Chicken A...la zingara... Herb crushed fish fingers... Fried rice in Pineapple... Everything is tasty.. great value for money'), ('Rated 4.0'
Hunger Camp,No,Yes,4.6/5,311,JP Nagar,Casual Dining,"Tandoori Chicken, Chicken Sukha, Chicken Biryani, Neer Dosa, Dal Makhani, Mutton Biryani, Paneer Tikka Masala","North Indian, South Indian, Chinese, Seafood",1300,Dine-out,Bannerghatta Road
Kesariya,No,Yes,4.2/5,1212,JP Nagar,Casual Dining,"Kheer, Fruit Cream, Panipuri, Rajasthani Thali, Kulfi, Shrikhand, Dal Bati",Rajasthani,1200,Dine-out,Bannerghatta Road
24th Main,No,Yes,4.1/5,1235,JP Nagar,Casual Dining,"Carrot Halwa, Paneer Satay, Manchow Soup, Gajar Ka Halwa, Butter Naan, Mocktails, Tandoori Mushrooms","North Indian, South Indian, Chinese",800,Dine-out,Bannerghatta Road
55 Wall Street,No,Yes,3.9/5,1763,JP Nagar,Bar,"Cocktails, Beer, Bloody Mary, Pasta, Pizza, Burgers, Nachos","Finger Food, North Indian, Chinese",1300,Dine-out,Bannerghatta Road
Le Arabia,Yes,No,NEW,0,JP Nagar,Casual Dining,Chicken Biryani,"North Indian, Mughlai",600,Dine-out,Bannerghatta Road
Zaitoon,Yes,Yes,4.1/5,1538,JP Nagar,Casual Dining,"Hummus Falafel, Gulab Jamun, Shawarma, Bbq Chicken, Mojito, Chicken Biryani, Manchow Soup","BBQ, Arabian, Chinese, North Indian, Desserts",1000,Dine-out,Bannerghatta Road
Checkpost,Yes,No,4.1/5,954,JP Nagar,Casual Dining,"Filter Kaapi, Coffee, Egg Curry, Neer Dosa, Kadala Curry, Ghee Idli, Noodles","South Indian, Seafood, Rolls, Beverages",400,Dine-out,Bannerghatta Road
Crumb Together,Yes,Yes,4.1/5,585,JP Nagar,"Casual Dining, Bar","Stuffed Chicken, Malai Broccoli, Cocktails, Salad, Mocktails, Tomato Soup, Biryani","Continental, Finger Food, North Indian, Chinese",1200,,
" no complaint whatsoever."""")", ('Rated 4.0', 'RATED\n  The food is decent.\nFav: any dish with mushrooms.\n\nVery friendly service. We forgot our wallet at the tablet and the mr. X from their servicr team was very kind enough to find us and return back.'), ('Rated 4.0', 'RATED\n  Pretty place to hang out with friends. They also serve hookah. The service was a bit slow, ('Rated 2.0', 'RATED\n  The ambience is more like a cafe .Went to this place on a Friday night it was empty ,we ordered three different starters one being tandoori chicken they gave exactly 4 small tiny pieces for 325 bucks which was totally not worth it for that kind of an ambience and the other chicken starter tasted like it was dipped in ketchup and again exactly 4 pieces pieces (every other restaurant serves 6-8 pieces )n the nachos were the worst wouldnÃƒÂƒ\x83ÃƒÂ‚\x83ÃƒÂƒ\x82ÃƒÂ‚\x82ÃƒÂƒ\x83ÃƒÂ‚\x82ÃƒÂƒ\x82ÃƒÂ‚\x92t want to go back to this place'), ('Rated 2.0'," """"RATED\n  Any restaurant that servers Doritos with cold salsa made out of ketchup in the name of nachos is certainly a big NO from me! If I wanted to have Doritos and ice cold salsa I could have that at home! Why would I spend 290 Rupees to have that unappetizing dish? Also the portion size was so small"," """"RATED\n  What a lovely place is it! Huge place with perfect seating", lovely ambiance and courteous staff. We didn't order much - just a fries platter
Mani's Dum Biryani,Yes,No,4.2/5,374,JP Nagar,Casual Dining,"Paneer Biryani, Raita, Gulab Jamun, Vegetable Biryani, Dum Biryani, Chicken Boneless Biryani, Chicken Kebab Biryani","Biryani, Kebab",750,Dine-out,Bannerghatta Road
The Coastal Crew by Fujian on 24th,Yes,Yes,4.2/5,1028,JP Nagar,"Casual Dining, Bar","Sea Food, Mocktails, Noodles, Murgh Ghee Roast, Cocktails, Tom Yum Soup, Spring Roll","Chinese, Thai, Seafood, North Indian, Momos",1100,Dine-out,Bannerghatta Road
Two Friends Cauldron,Yes,Yes,4.1/5,448,JP Nagar,Casual Dining,"Butter Beer, Pasta, Fries, Burgers, Exotic Veg Pizza, Potato Wedges, Veggie Pizza","Continental, Italian, American",700,Dine-out,Bannerghatta Road
Bottle Breacher,No,Yes,4.1/5,1187,JP Nagar,"Casual Dining, Pub","Chicken Biryani, Mocktails, Pizza, Cocktails, Beer, Pork Ribs, Nachos","Italian, Continental",1200,Dine-out,Bannerghatta Road
Nourich,No,Yes,NEW,0,JP Nagar,Casual Dining,"Soba Noodles, Pad Thai Noodle, Chicken Sandwich","Continental, Chinese, North Indian, Asian, Healthy Food, Fast Food",800,Dine-out,Bannerghatta Road
Tandoor And Spice,Yes,No,4.0/5,180,JP Nagar,Casual Dining,"Egg Biryani, Tandoori Chicken, Chicken Biryani, Paneer Tikka, Mutton Biryani, Noodles, Dal Tadka","North Indian, Chinese, Biryani, Hyderabadi",550,Dine-out,Bannerghatta Road
Watson's,Yes,Yes,4.0/5,1010,JP Nagar,"Pub, Bar","Beer, Pizza, Veg Starter, Martini, Mojito, Cocktails, Crispy Corn","Finger Food, Chinese, Continental",1300,Dine-out,Bannerghatta Road
Karavali Grand,Yes,Yes,NEW,0,JP Nagar,Casual Dining,,"North Indian, Seafood",600,Dine-out,Bannerghatta Road
The Chervil,Yes,No,4.2/5,230,JP Nagar,Casual Dining,"Peri Peri Chicken Wings, Mix Grill Sizzler, Fish, Murgh Ghee Roast, Biryani, Caramel Custard, Paneer Tikka Masala","North Indian, Continental",1000,Dine-out,Bannerghatta Road
Mango Greens,No,Yes,3.9/5,48,JP Nagar,Casual Dining,,"North Indian, Continental, Chinese",900,Dine-out,Bannerghatta Road
Casa Piccosa,Yes,Yes,4.1/5,842,JP Nagar,"Casual Dining, Bar","Cocktails, Cajun Chicken, Beer, Salads, Chilli Babycorn, Chicken Tacos, Murgh Platter","South American, Continental, Italian",1100,Dine-out,Bannerghatta Road
Mango Tree- The Beer Garden,Yes,Yes,4.1/5,1320,JP Nagar,Casual Dining,"Dragon Chicken, Mutton Biryani, Mocktails, Dal Makhani, Rumali Roti, Butter Naan, Paneer Tikka","North Indian, Chinese, Continental",1200,Dine-out,Bannerghatta Road
Caffe Pascucci,Yes,Yes,4.0/5,790,JP Nagar,Casual Dining,"Coffee, Cappuccino, Sandwiches, Salads, Asparagus Soup, Woodfire Pizza, Bruschettas","Continental, Italian, Beverages",1300,Dine-out,Bannerghatta Road
Nandhini Paradise,No,No,3.8/5,915,JP Nagar,Casual Dining,"Ghee Rice, Hyderabadi Biryani, Butter Naan, Chicken Guntur, Thali",North Indian,600,Dine-out,Bannerghatta Road
Oye Amritsar,Yes,Yes,3.8/5,756,JP Nagar,Casual Dining,"Lassi, Raita, Dal Makhani, Panneer Butter Masala, Jalebi, Biryani, Paneer Tikka",North Indian,1000,Dine-out,Bannerghatta Road
Machali Port,Yes,No,3.9/5,34,JP Nagar,Casual Dining,"Sea Food, Anjal Masala Fry, Fish Curry, Thali, Neer Dosa","Mangalorean, Seafood, North Indian",750,Dine-out,Bannerghatta Road
Melt - Eden Park,Yes,Yes,4.0/5,347,JP Nagar,Casual Dining,"Tandoori Chicken, Biryani, Paneer Tikka, Chicken Curry, Plain Rice, Cheese Naan, Malaysian Noodles","North Indian, Chinese, Thai, Mughlai, Seafood",1000,Dine-out,Bannerghatta Road
Vaathsalya Millet Cafe,Yes,Yes,4.1/5,293,JP Nagar,Casual Dining,"Khichda, Thali, Jowar Roti, Cucumber Juice, Brownie, Palak Soup, Buttermilk","Healthy Food, South Indian",500,Dine-out,Bannerghatta Road
Oogway Express,Yes,No,3.9/5,347,JP Nagar,Casual Dining,"Noodles, Mocktails, Honey Chilli Potatoes, Veg Ball Manchurian, Kung Pao Chicken, Momos, Pepper Chicken","Chinese, Thai, Momos",600,Dine-out,Bannerghatta Road
Zhang's - Chinese Restaurant,Yes,No,4.1/5,587,JP Nagar,Casual Dining,"Momos, Chilli Mushroom, Chop Suey, Sweet Corn Soup, Clear Soup, Hakka Noodles, Honey Chilli Potatoes","Chinese, Momos",700,Dine-out,Bannerghatta Road
The Egg Factory,Yes,No,4.0/5,1306,JP Nagar,Casual Dining,"French Toast, Masala Omelette, Pasta, Egg Paratha, Caramel Custard, Biryani, Penne Alfredo","Continental, American",750,Dine-out,Bannerghatta Road
Coastal Mama,No,Yes,4.1/5,466,JP Nagar,Casual Dining,"Murgh Ghee Roast, Neer Dosa, Sea Food, Fish, Prawn Ghee Roast, Prawn Curry, Buttermilk","Konkan, Mangalorean, North Indian, Seafood",700,Dine-out,Bannerghatta Road
Parkview,No,No,4.0/5,129,JP Nagar,Quick Bites,"Paneer Hyderabadi, Panneer Butter Masala, Roti, Coffee, Masala Dosa, Mughlai Biryani, Idli Vada","South Indian, North Indian, Chinese",300,Dine-out,Bannerghatta Road
Kakal-Kai Ruchi,Yes,No,3.7/5,217,JP Nagar,Casual Dining,"Masala Dosa, Babycorn Manchurian, Filter Coffee, Chaat, Dahipuri, Masala Papad, Raagi Dosa","North Indian, South Indian, Chinese",500,Dine-out,Bannerghatta Road
Waah Biryani,No,No,3.8/5,115,JP Nagar,Quick Bites,"Biryani, Butter Chicken, Chicken Wings, Tandoori Chicken, Chicken Grill, Arabian Grape Juice","North Indian, Chinese, Biryani",350,,
 ('Rated 3.5', 'RATED\n  A good place to have economy food... Am kind of a regular customer.. Non veg is quite nice according to the price and the quantity is good..'), ('Rated 5.0', 'RATED\n  Awesome. I am a daily customer'), ('Rated 4.0', Dal Tadka, Grilled Chicken," Malai Kebabs and Chicken Wings fried with Bell Peppers & Devil Sauce!\nLandmark: Opposite Grills 'N' Rolls Restaurant.@"""")", ('Rated 3.0', 'RATED\n  awesome place with good place ........ the service is good and best place to eat during lunch and months as their combo is budget friendly and .............. just love this place .....'), but Jamal has the best tandoori recipes. He does things to your satisfaction and he even does it with a smile. The restaurant is filled with people from Orrisa," but hey I'm not complaining. They've done well to learn the local language and treat you pleasantly.\nThe special tandoori variant of the day is to die for. All are moderately priced and he has maintained the same taste throughout. Only downside is they don't offer tandoori chicken in the afternoon except on Sunday's. Looking forward to many more nights in waah biryani!"""")"
Danapani,No,No,3.8/5,59,JP Nagar,Casual Dining,Roti,"North Indian, South Indian, Chinese",400,Dine-out,Bannerghatta Road
Inchara,No,No,3.7/5,535,JP Nagar,Casual Dining,"Paneer Tikka, Chicken Biryani, Cocktails, Prawn, Barbeque Chicken, Malai Kofta, Roti","North Indian, Continental, Chinese",950,Dine-out,Bannerghatta Road
Kabab Mehal,No,No,3.8/5,228,JP Nagar,Quick Bites,"Chicken Grill, Shawarma, Tandoori Chicken, Rolls, Chicken Kebab, Chicken Tikka, Butter Chicken","North Indian, Chinese, Kebab, Juices",400,Dine-out,Bannerghatta Road
Adithya,Yes,No,3.9/5,178,JP Nagar,Casual Dining,"Coffee, Tea, Masala Poori, Masala Dosa, Akki Rottis","South Indian, North Indian, Chinese",450,Dine-out,Bannerghatta Road
Mudpipe Cafe,Yes,Yes,3.9/5,727,JP Nagar,Cafe,"Coffee, Pizza, Nachos, Kit Kat Shake, Garlic Bread, Mexican Rice, Burgers","Cafe, Continental, North Indian",800,Dine-out,Bannerghatta Road
Pallavi North Indian Veg Restaurant,Yes,No,3.7/5,243,JP Nagar,Casual Dining,"Butter Paneer, Butter Naan, Panneer Butter Masala, Tandoori Roti","Biryani, North Indian, Chinese",450,Dine-out,Bannerghatta Road
Sri Lakshmi Curries & Pickles,No,No,2.9/5,60,JP Nagar,Casual Dining,,"Andhra, Biryani",400,Dine-out,Bannerghatta Road
Crave Bit Cafe,No,No,NEW,0,JP Nagar,Cafe,,Cafe,600,Dine-out,Bannerghatta Road
TAB - Take A Break,No,No,4.1/5,521,JP Nagar,Cafe,"Pizza, Salads, Pasta, Sandwiches, Veg Quiche, Coffee, Tea","Cafe, Continental, Italian",550,Dine-out,Bannerghatta Road
Chatori Gali,No,No,2.9/5,51,JP Nagar,Casual Dining,"Paratha, Panipuri, Tea, Pav Bhaji, Chaat","North Indian, Street Food",600,Dine-out,Bannerghatta Road
Swathi Restaurant,Yes,No,3.8/5,48,JP Nagar,Casual Dining,,Mangalorean,400,Dine-out,Bannerghatta Road
Brundhavana Pure Veg,Yes,No,3.7/5,98,JP Nagar,Casual Dining,,"South Indian, North Indian, Chinese, Beverages",500,Dine-out,Bannerghatta Road
The Punjabi Rasoi,No,No,NEW,0,JP Nagar,Casual Dining,,North Indian,800,Dine-out,Bannerghatta Road
Onesta,Yes,Yes,4.4/5,4381,JP Nagar,"Casual Dining, Cafe","Chicken Alfredo Pizza, Coffee Mousse, Chicken Calzone, Banana Smoothie, Butter Chicken Pizza, Chocolate Pizza, Chicken Tikka Pizza","Pizza, Cafe, Italian",600,Dine-out,Bannerghatta Road
Royal Chef Naati Oota,No,No,4.0/5,193,JP Nagar,Casual Dining,"Chicken Biryani, Donne Biryani, Chilli Chicken, Mutton Chops, Paratha, Mutton Biryani, Nati Biryani","South Indian, Biryani, North Indian",500,Dine-out,Bannerghatta Road
White Horse,No,No,3.8/5,177,JP Nagar,Quick Bites,"Pot Biryani, Sea Food, Fish Thali","North Indian, Mangalorean, Chinese",400,Dine-out,Bannerghatta Road
Spice Code,No,Yes,3.9/5,165,JP Nagar,Casual Dining,"Fries, Lunch Buffet, Appam, Manchow Soup, Paneer Tikka, Vegetable Stew, Biryani","South Indian, North Indian, Chinese, Biryani",1000,Dine-out,Bannerghatta Road
Coconut Grove,No,No,3.4/5,97,JP Nagar,"Casual Dining, Bar","Lime Soda, Appam, Biryani, Pepper Chicken, Vegetable Stew, Chicken Curry","South Indian, Chettinad, Kerala, Seafood",1100,Dine-out,Bannerghatta Road
Cafe Potpourri,Yes,No,3.7/5,132,JP Nagar,Cafe,"Poha, Coffee, Pav Bhaji, Masala Chai, Sattu Paratha, Sandwich","Cafe, Sandwich, North Indian, Beverages, Desserts",400,Dine-out,Bannerghatta Road
Flow - Terrace Bar & Grill,No,No,3.8/5,82,JP Nagar,"Lounge, Bar","Cocktails, Pizza, Chicken Tikka, Fish, Burgers, Nachos, Almond Flakes","Pizza, Continental, North Indian, Chinese",1000,Dine-out,Bannerghatta Road
De Oxford Cafe,No,No,3.7/5,34,JP Nagar,Cafe,,"Cafe, Beverages, Fast Food",500,Dine-out,Bannerghatta Road
Funky Punjab,Yes,No,3.9/5,407,JP Nagar,Casual Dining,"Lassi, Chole, Palak Paneer, Chaap, Paneer Tikka, Panneer Butter Masala, Paratha","North Indian, Chinese",500,Dine-out,Bannerghatta Road
Vinaya Coffee Moments,Yes,No,3.8/5,46,JP Nagar,Cafe,"Filter Coffee, Pizza, Pasta","Burger, Cafe, Desserts, Sandwich, Italian",450,Dine-out,Bannerghatta Road
Dakshin Food Palace,Yes,No,3.7/5,42,JP Nagar,Casual Dining,,"South Indian, North Indian, Chinese",450,Dine-out,Bannerghatta Road
Brew Point,Yes,No,3.6/5,10,JP Nagar,Cafe,,"Cafe, American, Burger, Sandwich, Fast Food",500,Dine-out,Bannerghatta Road
The Onyx - The HHI Select Bengaluru,No,No,3.3/5,177,JP Nagar,Casual Dining,"Chaat, Custard, Fish, Pepper Chicken, Lunch Buffet, Chicken Tikka, Salads","North Indian, Chinese, Continental",950,,
 your food still reaches you very late and you literally have to get the attention of staff if you need something\nThey served us drinks way before they brought the starters which  is a big let down when you are in a mood to drink away the evening\nThey should improve their bar selection," too limited options\n\nFood is good I would say that so this rating is mainly because of poor service. I loved their paneer lababdar and tandoori chicken. Reason I used to frequent this place because of the proximity to my place."""")", ('Rated 3.5', 'RATED\n  Onyx has a very nice and decent ambience. It is a nice place to vist with family and friends to relish the food.The staff were polite.\nThe buffet is very reasonable and the food was good too. I feel they need to have more non-veg starters though.\nOverall a nice experience:-)'), ('Rated 3.0', omelettes all of them were worthy of mention.\nIdlis, rava idlis, uttappam, semiya payasam, sandwiches, cornflakes, salami
The Kitchen,Yes,No,NEW,0,JP Nagar,Casual Dining,,"North Indian, Andhra, Chinese",800,Dine-out,Bannerghatta Road
Sampoorna,Yes,No,3.6/5,70,JP Nagar,Casual Dining,,"Chinese, North Indian",600,Dine-out,Bannerghatta Road
Spice Up,Yes,No,3.8/5,146,JP Nagar,Casual Dining,"Chicken Lollipop, Vegetable Biryani, Noodles, Chicken Noodle, Clear Soup, Hot Pot, Coriander Chicken",Chinese,600,,
" """"RATED\n  I've ordered quite e few times from this restaurant. Food is very good. I specially liked the Chinese items. Mixed fried rice is very good. Go give it a try"""")", ('Rated 2.5', 'RATED\n  I have visited 2 days before, and took parcel from this place. Their quantity was good but taste was not that great. Just another restaurant. In veg pulav the rice was a bit smelly. Initially I could not make out as it was hot but as soon as it cooled down, the smell started coming out.')," """"RATED\n  The prices are well within the range of affordability", taste is good enough but cleanliness highly debatable. Just while we were at the restaurant, we saw a huge garden rat meandering in between the people's legs. That's very creepy for any restaurant ," how ever good the food is!!"""")", ('Rated 3.5', not bad for a 5 table place . Service is moderate as there will be orders for home delivery most of the times tat I have seen.\nFood : 4.5/5 Food tastes much better than any typical Chinese restaurant . Veg Manchow soup and Triple schezuan fried rice are mist try.\nHygiene : 2/5 Not a very hygienic place , it can be much much better and needs a lot of improvement.\nPrice :4/5 decently priced 
Jaganath Restaurant And Hotel,No,No,3.2/5,8,JP Nagar,Quick Bites,,North Indian,300,Dine-out,Bannerghatta Road
Kaizen Wellness Kitchen,Yes,No,3.7/5,37,JP Nagar,Casual Dining,,"Asian, Continental, European",800,Dine-out,Bannerghatta Road
Venkateshwara Sweets and Restaurant,No,No,3.6/5,40,JP Nagar,"Casual Dining, Sweet Shop",,"South Indian, Mithai, Chinese, North Indian",400,Dine-out,Bannerghatta Road
Zeeshan,Yes,No,3.1/5,320,JP Nagar,Casual Dining,"Firni, Rolls, Egg Roll, Chicken Biryani, Mutton Biryani, Calcutta Biryani, Haleem","North Indian, Mughlai, Biryani, Rolls",600,Dine-out,Bannerghatta Road
The Cravery,Yes,No,2.6/5,18,JP Nagar,Cafe,,"Continental, Burger, Beverages, Cafe, Italian, Rolls",500,Dine-out,Bannerghatta Road
Sambram Biriyani Paradise,Yes,No,3.5/5,97,JP Nagar,Casual Dining,,"Biryani, North Indian, Chinese",600,Dine-out,Bannerghatta Road
Thayee Touch,No,No,3.6/5,30,JP Nagar,Casual Dining,,"North Indian, Chinese, South Indian",450,Dine-out,Bannerghatta Road
Cuppa,No,No,3.4/5,48,JP Nagar,Cafe,"Coffee, Potato Wedges, Tea","Cafe, Fast Food",550,Dine-out,Bannerghatta Road
The Pavillion,No,No,2.7/5,43,JP Nagar,Casual Dining,,"North Indian, Continental, South Indian, Chinese",1000,Dine-out,Bannerghatta Road
Mast Kalandar,No,No,2.3/5,175,JP Nagar,Casual Dining,"Raita, Thali, Paratha, Chole, Buttermilk, Paneer Bhurji, Rice",North Indian,450,,
 ('Rated 4.0', 'RATED\n  Been here with a friend for dinner. Ordered a thali. The food was great. Especially loved the Paneer Corn Masala. Would love to visit again.'), ('Rated 3.0', 'RATED\n  okok restaurant,quantity is good,however i will say,in the meals there was something dat caused stomach upset in the next day,i will over 5/5 for gulab jamun 3/5 for quantity and price ,"management and staff behaviour 1/5 ....')]""",[],,
Kakal Kai Ruchi,No,No,3.9/5,30,JP Nagar,Casual Dining,,"South Indian, North Indian, Chinese",450,Dine-out,Bannerghatta Road
New Prashanth Hotel,Yes,No,3.1/5,64,JP Nagar,Casual Dining,"Mutton Biryani, Chicken Biryani","South Indian, Biryani, Chinese, North Indian",750,Dine-out,Bannerghatta Road
Deccan Spice,No,No,3.5/5,65,JP Nagar,Casual Dining,"Hyderabadi Biryani, Dum Ka Chicken, Rice","North Indian, South Indian, Biryani",750,Dine-out,Bannerghatta Road
Turquoise,No,No,2.8/5,56,JP Nagar,Lounge,,North Indian,1200,Dine-out,Bannerghatta Road
Anju's Cafe,No,No,3.4/5,6,JP Nagar,Cafe,,"Cafe, North Indian",600,Dine-out,Bannerghatta Road
Andhra Grills,No,No,3.0/5,55,JP Nagar,Casual Dining,"Andhra Meal, Thali","Andhra, North Indian, Biryani",800,Dine-out,Bannerghatta Road
Eagle Bar & Restaurant,No,No,3.2/5,14,JP Nagar,"Casual Dining, Bar",,"North Indian, Chinese",700,Dine-out,Bannerghatta Road
Sea Horse,No,No,3.4/5,9,JP Nagar,Casual Dining,,"South Indian, Chinese",400,Dine-out,Bannerghatta Road
New Nandan Family Restaurant,No,No,,0,JP Nagar,Casual Dining,,"Andhra, Chinese, North Indian, South Indian",450,Dine-out,Bannerghatta Road
New Nandan Family Restaurant,No,No,,0,JP Nagar,Quick Bites,,"Biryani, Chinese, Hyderabadi, Kebab",300,Dine-out,Bannerghatta Road
Petoo,No,No,3.7/5,48,JP Nagar,Casual Dining,"Jal-jeera, Paratha, Chaat","North Indian, Fast Food, Street Food",800,Dine-out,Bannerghatta Road
Chung Wah Opus,Yes,No,3.0/5,57,JP Nagar,Casual Dining,"Rice, Noodles, Chop Suey","Chinese, Thai",650,Dine-out,Bannerghatta Road
Bottle Genie,Yes,No,,0,JP Nagar,,,Beverages,250,Dine-out,Bannerghatta Road
Zyksha,No,No,3.4/5,9,South Bangalore,Food Truck,,Fast Food,200,Dine-out,Bannerghatta Road
Hotel Ambara,No,No,,0,JP Nagar,Casual Dining,,South Indian,500,Dine-out,Bannerghatta Road
Best Biryani,No,No,,0,JP Nagar,Casual Dining,,"North Indian, Biryani, Desserts",400,Dine-out,Bannerghatta Road
Sambram,No,No,,0,JP Nagar,Casual Dining,,"Biryani, North Indian",800,Dine-out,Bannerghatta Road
Birthday Buddy,No,No,,0,JP Nagar,Fine Dining,,"North Indian, South Indian, Chinese",1200,Dine-out,Bannerghatta Road
Eat & Joy Restaurant,Yes,No,3.0/5,7,JP Nagar,,,"Fast Food, Finger Food",300,Dine-out,Bannerghatta Road
Skytouch Le Cafe,Yes,No,3.7/5,127,JP Nagar,Cafe,"Pizza, Pasta, Bubble Tea, Brownie, Pancakes, Cheesy Garlic Bread, Chocolate Waffles","Cafe, Italian, Desserts",700,Dine-out,Bannerghatta Road
Sandwichwallas,Yes,No,3.6/5,32,JP Nagar,Quick Bites,,Fast Food,200,Dine-out,Bannerghatta Road
Grills & Rolls,Yes,No,2.5/5,321,JP Nagar,Quick Bites,"Shawarma, Chicken Grill, Tandoori Chicken, Butter Chicken, Rolls, Chicken Tikka, Grape Juice","North Indian, Chinese, Fast Food, Rolls, Juices",400,Dine-out,Bannerghatta Road
Juice Fresco & Pizza,Yes,No,3.4/5,12,JP Nagar,"Quick Bites, Beverage Shop",,"Beverages, Pizza",300,Dine-out,Bannerghatta Road
Atithi Biryani Corner,Yes,No,3.3/5,4,JP Nagar,Quick Bites,,"Biryani, South Indian",200,Dine-out,Bannerghatta Road
Chaitanya Cafe,Yes,No,3.9/5,92,JP Nagar,Quick Bites,"Coffee, Pav Bhaji, Masala Dosa, Vada Sambar","South Indian, North Indian, Fast Food",300,Dine-out,Bannerghatta Road
Hot Rolls & House Of Kebabs,Yes,No,3.1/5,55,JP Nagar,Quick Bites,,"Rolls, Kebab, Biryani",200,Dine-out,Bannerghatta Road
Udupi Upachar,Yes,No,3.3/5,12,JP Nagar,Quick Bites,,"South Indian, North Indian, Chinese, Street Food",300,Dine-out,Bannerghatta Road
Sree Krishna Kafe,No,No,3.9/5,115,JP Nagar,Quick Bites,"Vada, Pongal, Podi Idli, Masala Dosa, Podi Dosa, Idiyappam, Rice",South Indian,200,,
 'RATED\n  Sree Krishna Kafe, J.P.Nagar,  a subsidiary of the one at Koramangala has a better ambiance but the space is lesser. I have gone here only twice compared to countless times i must have visited their koramagala counterparts. I felt that the taste is not the same. Here tough they serve almost all of the items that they serve at koramangala, taste is somewhat lacking in comparison, That dosnt mean they serve bad food. The food here is still better than most of the other south indian restaurants around. Food is till good in terms of taste, ('Rated 3.0'," """"RATED\n  Good for breakfast"," all the items are good but very expensive. 55 rs for masala dosa??\nNow that's too much for a breakfast at an ordinary place where fans also doesn't work ."""")", ('Rated 3.0'," """"RATED\n  This is your just another Darshini where you get all your south indian fair dosas"," ildis etc etc. \n\nFood is pretty average but I liked their sambhar. I ordered Tomato uthappam once which came burnt and wasn't edible at all.\n\nThey have a scope to improvise the quality for sure and they should work towards it pretty soon."""")", ('Rated 4.0'
Pizza Stop,Yes,No,3.9/5,386,JP Nagar,Quick Bites,"Tortilla Chips, Tabasco Pizza, Salsa, Mixed Sauce Pasta, White Sauce Pasta, Manali Pizza, Nawabi Pizza","Pizza, Italian",600,Dine-out,Bannerghatta Road
Donne Biriyani House,Yes,No,3.3/5,212,JP Nagar,Quick Bites,"Biryani, Kshatriya Kebab","Biryani, Andhra",350,Dine-out,Bannerghatta Road
Bengalooru Tiffany's,Yes,No,3.0/5,38,JP Nagar,Quick Bites,,"South Indian, North Indian, Chinese, Street Food",400,Dine-out,Bannerghatta Road
Gowdru Mane Oota,Yes,No,3.7/5,80,JP Nagar,Quick Bites,,"South Indian, Andhra",400,Dine-out,Bannerghatta Road
Calvin's,No,No,2.9/5,231,JP Nagar,Dessert Parlor,"Pasta, Sandwiches, Club Sandwich, Cottage Cheese Steak, Waffles, Chicken Lasagne, Chicken Burger","Desserts, Italian, Pizza",800,Dine-out,Bannerghatta Road
Melting Pot at Woodrose,Yes,No,3.7/5,19,JP Nagar,Quick Bites,,North Indian,800,Dine-out,Bannerghatta Road
Kesar Restaurant,Yes,No,3.6/5,48,JP Nagar,Quick Bites,,"North Indian, Chinese, South Indian",200,Dine-out,Bannerghatta Road
Mini Forest,No,No,3.3/5,6,JP Nagar,Quick Bites,,"Fast Food, Desserts",500,Dine-out,Bannerghatta Road
Gopal Kabab Centre,No,No,3.3/5,4,JP Nagar,Quick Bites,,North Indian,350,Dine-out,Bannerghatta Road
Donne Biriyani Mane,No,No,,0,JP Nagar,Quick Bites,,"Biryani, Kebab",250,Dine-out,Bannerghatta Road
Sri Brahmi Kuteera,No,No,,0,JP Nagar,Quick Bites,,South Indian,150,Dine-out,Bannerghatta Road
Hotel Tanish Jolada Rotti Oota,No,No,,0,JP Nagar,Quick Bites,,South Indian,180,Dine-out,Bannerghatta Road
The Cake Ville,Yes,No,3.2/5,18,JP Nagar,"Bakery, Quick Bites",,"Bakery, Desserts, Fast Food",300,Dine-out,Bannerghatta Road
Nandi Bidadi Thatte Idli,No,No,2.9/5,33,JP Nagar,Quick Bites,,South Indian,100,Dine-out,Bannerghatta Road
Gowdru Military Hotel,No,No,3.2/5,5,JP Nagar,Quick Bites,,"Biryani, South Indian",300,Dine-out,Bannerghatta Road
Appam Centre,No,No,3.2/5,4,JP Nagar,Quick Bites,,Kerala,200,Dine-out,Bannerghatta Road
Coffee Cafe,No,No,,0,JP Nagar,Quick Bites,,South Indian,100,Dine-out,Bannerghatta Road
Suji's Kitchen,No,No,,0,JP Nagar,Quick Bites,,"South Indian, North Indian",300,Dine-out,Bannerghatta Road
Sang Grail,No,No,3.6/5,34,JP Nagar,Quick Bites,,Healthy Food,300,Dine-out,Bannerghatta Road
Akshaya Donne Biriyani,Yes,No,3.1/5,38,JP Nagar,Quick Bites,,"Biryani, South Indian, Kebab",300,Dine-out,Bannerghatta Road
Once In Nature,Yes,No,3.7/5,37,JP Nagar,Quick Bites,,Healthy Food,300,Dine-out,Bannerghatta Road
Biriyani Expess,No,No,,0,JP Nagar,Quick Bites,,Biryani,250,Dine-out,Bannerghatta Road
Biryani Times,No,No,3.5/5,16,JP Nagar,Quick Bites,,Biryani,300,Dine-out,Bannerghatta Road
Hotel Namadhari,No,No,,0,JP Nagar,Quick Bites,,"South Indian, Chinese",150,Dine-out,Bannerghatta Road
Nammuru Nati Hotel,No,No,,0,JP Nagar,Quick Bites,,South Indian,300,Dine-out,Bannerghatta Road
Tasty Restaurant,No,No,NEW,0,JP Nagar,Quick Bites,,"Kerala, South Indian, Chinese",300,Dine-out,Bannerghatta Road
Tandoori Spot,No,No,3.5/5,13,JP Nagar,Quick Bites,,"North Indian, Chinese",500,Dine-out,Bannerghatta Road
Udupi Cafe,No,No,,0,JP Nagar,Quick Bites,,"South Indian, North Indian, Chinese",200,Dine-out,Bannerghatta Road
Padosi Apke Apne,No,No,NEW,0,JP Nagar,Quick Bites,,"South Indian, Chinese, North Indian",300,Dine-out,Bannerghatta Road
Grill On Wheels,No,No,NEW,0,JP Nagar,Quick Bites,,"North Indian, Chinese, BBQ, Arabian, Fast Food",400,Dine-out,Bannerghatta Road
Sri Nanjundeshwara Canteen,No,No,NEW,0,JP Nagar,Quick Bites,,South Indian,150,Dine-out,Bannerghatta Road
Chicken Dera,No,No,3.0/5,25,JP Nagar,Quick Bites,,"Mughlai, Kebab, Biryani",400,Dine-out,Bannerghatta Road
Chinese Kitchen,No,No,,0,JP Nagar,Quick Bites,,Chinese,400,Dine-out,Bannerghatta Road
Dallas Hot & Cold,No,No,,0,JP Nagar,Quick Bites,,Fast Food,300,Dine-out,Bannerghatta Road
Desi Jalpaan,No,No,,0,JP Nagar,Quick Bites,,"Street Food, North Indian",150,Dine-out,Bannerghatta Road
Maland Restaurant Veg & Non-Veg,No,No,,0,JP Nagar,Quick Bites,,North Indian,250,Dine-out,Bannerghatta Road
Soul Curries,No,No,,0,JP Nagar,Quick Bites,,South Indian,150,Dine-out,Bannerghatta Road
Junkealth,No,No,,0,JP Nagar,Quick Bites,,"Healthy Food, Beverages, Cafe",300,Dine-out,Bannerghatta Road
Udupi Park Inn,No,No,,0,JP Nagar,Quick Bites,,"South Indian, North Indian, Chinese",150,Dine-out,Bannerghatta Road
The Biryani House,Yes,No,,0,JP Nagar,Quick Bites,,Andhra,400,Dine-out,Bannerghatta Road
Samosa Singh,Yes,No,NEW,0,JP Nagar,Quick Bites,,"North Indian, Mithai",250,Dine-out,Bannerghatta Road
Chaat Cafee,Yes,No,,0,JP Nagar,Quick Bites,,"Street Food, Juices",150,Dine-out,Bannerghatta Road
Nati Palace,Yes,No,3.5/5,11,JP Nagar,Quick Bites,,"South Indian, North Indian",200,Dine-out,Bannerghatta Road
Fujian Express,Yes,No,3.5/5,35,JP Nagar,Quick Bites,,"Chinese, Thai",200,Dine-out,Bannerghatta Road
Banashankari Nati Style,Yes,No,3.6/5,8,JP Nagar,Quick Bites,,South Indian,300,Dine-out,Bannerghatta Road
Five Star Chicken,Yes,No,3.9/5,62,JP Nagar,Quick Bites,Fries,"Burger, Fast Food, Roast Chicken, Finger Food",300,Dine-out,Bannerghatta Road
Halli Mane MUDDE OOTA,Yes,No,3.5/5,14,JP Nagar,Quick Bites,,South Indian,300,Dine-out,Bannerghatta Road
BANGALORE BOX,Yes,Yes,4.1/5,612,BTM,"Casual Dining, Bar","Biryani, Chicken Bbq Wings, Mocktails, Sangria, Cocktails, Burgers, Pasta","Asian, Continental, Finger Food",1500,Dine-out,Bannerghatta Road
Gud Dhani,Yes,No,4.0/5,827,BTM,Casual Dining,"Buttermilk, Jal-jeera, Churma, Palak Kofta, Lassi, Gulab Jamun, Dahi Bhindi",Rajasthani,500,Dine-out,Bannerghatta Road
Zatar House,Yes,No,4.0/5,25,Electronic City,Casual Dining,,"South Indian, North Indian, Chinese",400,Dine-out,Bannerghatta Road
Bathinda Junction,Yes,No,3.9/5,362,BTM,Casual Dining,"Lassi, Shikanji, Dal Makhani, Makke Ki Roti, Butter Chicken, Paneer Punjabi, Chicken Curry",North Indian,600,Dine-out,Bannerghatta Road
New Kabab Plaza,Yes,No,3.7/5,135,BTM,Casual Dining,"Shawarma Roll, Chicken Grill, Tandoori Chicken, Chicken Wings, Ghee Rice, Pulpy Grape Juice","North Indian, Chinese",500,Dine-out,Bannerghatta Road
Hiyar Majhe Kolkata,Yes,No,4.0/5,244,BTM,Quick Bites,"Radhaballavi, Biryani, Egg Noodles, Egg Roll, Fish Curry, Egg Devils, Thali","Bengali, North Indian",400,Dine-out,Bannerghatta Road
Sankranthi Veg Restaurant,Yes,No,3.0/5,102,BTM,Casual Dining,"Tea, Vada Sambar, Masala Dosa","South Indian, North Indian, Chinese",600,Dine-out,Bannerghatta Road
Bathinda Tandoor,Yes,No,NEW,0,BTM,Quick Bites,,North Indian,300,Dine-out,Bannerghatta Road
Swad Restaurant,Yes,No,3.7/5,115,BTM,Casual Dining,"Thali, Paratha, Dal Kichadi","Chinese, North Indian",550,,
 'RATED\n  Once up on a time this was our regular adda of dining, hangout and home delivery point. As our office was located next to Gopalan mall, this restaurant was in our walk-able distance. If you want to reach here by car, probably that could be challenge, it is suggested that you either reach here by two wheeler or commute as a pedestrian. You get awesome Thalis, it rocks. Also lime cooler. Taste that tangy thing after lunch. Staffs here are very friendly but do serve bit late. It will be crowded during Friday noon.'), ('Rated 3.5', 'RATED\n  A really good place for veg food esp parathas. I would not rate non veg on the higher side though\n\n----- 11 Feb, 2014 -----\nA really good place for veg food esp parathas. I would not rate non veg on the higher side though.'), ('Rated 3.0', 'RATED\n  Amazing food. The quality of the delivered food is hygienic and good. Quantity is reasonable. A good place to order from. Yet to visit for dine in.'), ('Rated 4.5'
Litti Twist,Yes,No,4.2/5,465,BTM,Quick Bites,"Litti, Liti Chokha, Lassi, Tea, Paratha, Thali, Chai","North Indian, Bihari",300,Dine-out,Bannerghatta Road
RBP Greens Garden,Yes,No,2.7/5,48,BTM,Casual Dining,,"North Indian, Chinese",700,Dine-out,Bannerghatta Road
Kalingas,Yes,No,3.9/5,173,BTM,Quick Bites,"Rasgulla, Mutton Kosha, Chicken Kasha, Samosa Chaat, Kheer, Veg Thali","Oriya, Fast Food",250,Dine-out,Bannerghatta Road
YummRajj,Yes,No,3.3/5,42,BTM,Quick Bites,,Fast Food,500,Dine-out,Bannerghatta Road
Appana Restaurant,Yes,No,NEW,0,BTM,Quick Bites,,North Indian,300,Dine-out,Bannerghatta Road
Gorbandh,Yes,No,4.1/5,83,BTM,Quick Bites,"Aloo Paratha, Samosa, Kachori, Poha, Chaat","Fast Food, North Indian",400,Dine-out,Bannerghatta Road
JP Fish Land,Yes,No,3.6/5,24,BTM,Quick Bites,,Seafood,300,Dine-out,Bannerghatta Road
Tarbouche,Yes,No,NEW,0,BTM,Quick Bites,,"Turkish, Rolls",300,Dine-out,Bannerghatta Road
Kababish Restaurant,Yes,No,3.6/5,15,BTM,,,"North Indian, Chinese, Arabian",700,Dine-out,Bannerghatta Road
Nanna Munna Paratha House,Yes,No,4.0/5,107,BTM,Quick Bites,"Paratha, Palak Paneer",North Indian,300,Dine-out,Bannerghatta Road
Totus,Yes,No,NEW,0,BTM,Quick Bites,,Chinese,300,Dine-out,Bannerghatta Road
Daniyal's,Yes,No,3.1/5,41,BTM,Quick Bites,,"North Indian, Biryani, Mughlai, Kebab",800,Dine-out,Bannerghatta Road
Swad Punjab Da,Yes,No,3.7/5,41,BTM,Quick Bites,,North Indian,150,Dine-out,Bannerghatta Road
New South Corner,Yes,No,3.7/5,20,BTM,Quick Bites,,"South Indian, North Indian, Chinese",300,Dine-out,Bannerghatta Road
Taste Of Kolkata,Yes,No,3.1/5,59,BTM,Quick Bites,,"Bengali, Chinese, Rolls",400,Dine-out,Bannerghatta Road
Dilish Kitchens,No,No,3.7/5,28,BTM,Casual Dining,Biryani,"North Indian, Chinese",500,Dine-out,Bannerghatta Road
The Hungers Zone,Yes,No,3.8/5,57,BTM,Quick Bites,,"Fast Food, Italian, Pizza",300,Dine-out,Bannerghatta Road
Baba Ka Dhaba,Yes,No,3.7/5,194,BTM,Quick Bites,"Paratha, Butter Naan, Thali, Tandoori Roti, Lassi",North Indian,400,Dine-out,Bannerghatta Road
GFC Biryani,Yes,No,,0,BTM,Quick Bites,,Biryani,300,Dine-out,Bannerghatta Road
Sai Jagannath Food and Chats Point,No,No,3.8/5,23,Bommanahalli,Quick Bites,,"South Indian, Chinese",300,Dine-out,Bannerghatta Road
Joey's,No,No,3.7/5,43,BTM,Quick Bites,,"Chinese, Fast Food",300,Dine-out,Bannerghatta Road
Limra Hotel,Yes,No,3.3/5,26,BTM,Quick Bites,,"Chinese, North Indian",300,Dine-out,Bannerghatta Road
Hungry Buddies,No,No,3.3/5,33,BTM,Quick Bites,,North Indian,150,Dine-out,Bannerghatta Road
Hearts Unlock Cafe,No,No,3.2/5,11,BTM,Cafe,,"Cafe, Healthy Food",500,Dine-out,Bannerghatta Road
Blue Berry Restaurant,No,No,2.9/5,17,BTM,Casual Dining,,"North Indian, Kerala, Chinese",600,Dine-out,Bannerghatta Road
Bangali Babu Restaurant,No,No,,0,BTM,Sweet Shop,,"Mithai, Desserts, Fast Food",250,Dine-out,Bannerghatta Road
Kafe Nook,Yes,No,3.6/5,35,BTM,Quick Bites,,Fast Food,300,Dine-out,Bannerghatta Road
RSS Donne Biryani,Yes,No,3.3/5,58,BTM,Quick Bites,,Biryani,300,Dine-out,Bannerghatta Road
Owl's Kitchen,No,No,2.6/5,53,Sarjapur Road,,"Manchurian, Noodles","North Indian, Chinese",500,Dine-out,Bannerghatta Road
The Chef Restaurant,No,No,,0,BTM,Casual Dining,,"North Indian, Chinese, South Indian",600,Dine-out,Bannerghatta Road
Aha Juice Bar,No,No,3.6/5,13,BTM,Beverage Shop,,"Beverages, Fast Food",200,Dine-out,Bannerghatta Road
Cafe Club Kerala Restaurant,No,No,,0,BTM,Quick Bites,,Kerala,300,Dine-out,Bannerghatta Road
Spicyzone Restaurant,No,No,,0,Bommanahalli,Casual Dining,,"North Indian, Chinese, Mughlai, Biryani",400,Dine-out,Bannerghatta Road
RK Fresh Food,Yes,No,3.5/5,12,BTM,Quick Bites,,Fast Food,300,Dine-out,Bannerghatta Road
RCS Kitchen,Yes,No,3.3/5,34,BTM,Quick Bites,,Continental,500,Dine-out,Bannerghatta Road
Desi Wok,No,No,2.7/5,76,BTM,Quick Bites,"Biryani, Manchow Soup, Naan","North Indian, Chinese",500,,
Dine-out,Bannerghatta Road,,,,,,,,,,
Namana Garden,No,No,2.6/5,75,BTM,Quick Bites,Vada,"North Indian, South Indian, Chinese, Street Food",400,Dine-out,Bannerghatta Road
Thani Nadan Food,No,No,,0,BTM,Quick Bites,,North Indian,300,Dine-out,Bannerghatta Road
Biriyani Angadi,No,No,3.2/5,7,BTM,Quick Bites,,Biryani,200,Dine-out,Bannerghatta Road
Spice Taj,No,No,,0,BTM,Quick Bites,,"North Indian, Chinese",300,Dine-out,Bannerghatta Road
Udupi Thadka,No,No,,0,BTM,Quick Bites,,"South Indian, Chinese, North Indian",250,Dine-out,Bannerghatta Road
Biryani Magic,Yes,No,3.5/5,31,BTM,Quick Bites,,"North Indian, Biryani",300,Dine-out,Bannerghatta Road
Sri Sankara Cafe,Yes,No,3.6/5,26,BTM,Quick Bites,,South Indian,100,Dine-out,Bannerghatta Road
Mahesh Friends Food Center,Yes,No,2.9/5,126,BTM,Quick Bites,Lassi,"Chinese, North Indian",300,Dine-out,Bannerghatta Road
Cee Yem,No,No,,0,BTM,Quick Bites,,"South Indian, Kerala, North Indian",300,Dine-out,Bannerghatta Road
Santhrupthi Halli Mane,No,No,,0,BTM,Quick Bites,,"North Indian, Chinese, South Indian",500,Dine-out,Bannerghatta Road
Momo King,No,No,NEW,0,Bommanahalli,Quick Bites,,Chinese,250,Dine-out,Bannerghatta Road
Hotel Adhvi,No,No,,0,BTM,Quick Bites,,South Indian,150,Dine-out,Bannerghatta Road
Dhe Chef Cafe,No,No,,0,BTM,Quick Bites,,"North Indian, Rolls",200,Dine-out,Bannerghatta Road
Swad Plaza,Yes,No,3.4/5,6,BTM,Quick Bites,,"North Indian, Chinese",400,Dine-out,Bannerghatta Road
Sri Krishna Delight,Yes,No,,0,BTM,Quick Bites,,"North Indian, South Indian",250,Dine-out,Bannerghatta Road
Diya's Findish,Yes,No,3.3/5,6,Bommanahalli,Quick Bites,,"North Indian, Chinese, Bengali",500,Dine-out,Bannerghatta Road
Heaven 2 Oven,Yes,No,NEW,0,BTM,Quick Bites,,Chinese,300,Dine-out,Bannerghatta Road
Chicken Magic,Yes,No,3.7/5,207,BTM,Quick Bites,,"Chinese, North Indian",300,Dine-out,Bannerghatta Road
New Mahesh Friends Food Corner,Yes,No,3.2/5,45,BTM,Quick Bites,,"North Indian, Chinese",300,Dine-out,Bannerghatta Road
Bay Root,No,No,3.7/5,24,BTM,Quick Bites,,"North Indian, Arabian",400,Dine-out,Bannerghatta Road
Mughlai Kitchen,Yes,No,3.5/5,269,BTM,,"Momos, Oreo Shake","Mughlai, North Indian, Chinese, Momos",600,Dine-out,Bannerghatta Road
Amontron,Yes,No,3.9/5,435,BTM,Casual Dining,"Katla Kalia, Basanti Pulao, Biryani, Aloo Posto, Mutton Kosha, Ilish, Mutton Dak Bunglow",Bengali,650,Dine-out,Bannerghatta Road
Sri Lakshmi Dhaba,Yes,No,2.9/5,255,BTM,Quick Bites,"Paratha, Shahi Paneer",North Indian,250,Dine-out,Bannerghatta Road
Rana Vada Pav,No,No,NEW,0,BTM,Quick Bites,,Street Food,100,Dine-out,Bannerghatta Road
Levitate Brewery and Kitchen,No,Yes,NEW,0,JP Nagar,"Microbrewery, Casual Dining","Wheat Beer, Lager, Paneer Lollipop, Rustica Pizza, Dark Beer, Mocktails, Cocktails","Finger Food, North Indian, Continental",1500,,
" you can't- for it tasted like absolute heaven! Nachos were a 10/10 as well."""")", ('Rated 4.0', 'RATED\n  A very nice place admist mini forest JP Nagar with lovely ambience. The place has multilevel seating and the best is the root top. The food was quite good, however portions are small. We loved the tandoori chicken and broccoli 65 was unique a South Indian favored with mustard seeds and curry leaves. They have a great variety of beers, I did not try on this particular visit so no comments. Overall a great place to spend the evening.'), 'RATED\n  Ambience and Presentation- great 10 on 10.\nService needs improvement n be quick. Even food tasted average.. need some improvement.\nIt is very specious.. Rooftop.. can spend quality time with friends n loved ones'), ('Rated 3.0'," """"RATED\n  Went on Saturday afternoon and the roof top place was pleasant with a woody furnished ambience"," good enough for a laid back noon hangout. Service was on point considering not much of a crowd was around.\n\nFood: 3/5\nService: 4/5\n\nOrdered bacon wrapped mini sausages. Bacon was not fried crisp and was just average. The sauce was done right though. JalapeÃƒÂƒ\x83ÃƒÂ‚\x83ÃƒÂƒ\x82ÃƒÂ‚\x83ÃƒÂƒ\x83ÃƒÂ‚\x82ÃƒÂƒ\x82ÃƒÂ‚Ã‚Â±o cheese balls were done perfectly.\n\nOnly 3 beers were available out of the 6-7 mentioned on their menu. And the stout was specifically not available on the day I went (bummer). Tried the Lager strong (red tint) and the pilsner wheat strong(amber). Beer was good enough but wasn't mind blown from what I had.\n\nPrices are on a higher side and not value for money for cost."""")", ('Rated 5.0'," """"RATED\n  This place delighted my senses right at the moment I that stepped in. Its huge", has a classy feel
Brahma Brews,No,Yes,NEW,0,JP Nagar,"Microbrewery, Casual Dining","Beer, Cocktails, Pizza, Peri Chicken, Belgian Wit, Neer Dosa, Cheese Balls","Continental, South Indian, Finger Food, Pizza, Seafood",1400,Drinks & nightlife,Bannerghatta Road
Deja Vu Resto Bar,Yes,Yes,4.4/5,2488,Bannerghatta Road,Pub,"Gajar Ka Halwa, Chilli Chicken, Hara Bhara Kebab, Custard, Brownie, Sev Puri, Pasta","North Indian, Italian",900,,
 'RATED\n  Jus had a lunch , taste is good and service maintenance is average not much as expected.. should improve that.. ambience is ok.. it is top of the Gopalan mall'), ('Rated 3.0', 'RATED\n  Ambience :3/5\nFood: 3/5\nService: 3.5/5\nThis place is located at the top of the floor of Gopalan mall.I went to have lunch buffet with my fiance. Buffet price was reasonable and around 42 items were ready to be served. 4r starters they had 4 items both in veg/Non veg. Starter tasted good, soup was little watery , tasted really delicious. Had good number of options in deserts. Staffs were polite and ready to serve. It was good that they came to ask taste and quality of food. Overall had a nice experience from the last time i visited this place with my friends. Thanks'), ('Rated 4.0'," """"RATED\n  Had been here for a lunch buffet.\nThe place is good.\nAmbience would be a 3.5.\nService is great 4/5\nFood could be rated as 3.5.\n\nI feel it's a much affordable lunch buffet.\nThey most certainly had a good variety of starters.\nBut I felt the opposite for mains.\n\nI wish I had more for mains.\n\nThe chats were good.\nDesserts were not so good.\n\nOverall a good to go place if you are planning for buffet."""")", ('Rated 3.0', 'RATED\n  DÃƒÂƒ\x83ÃƒÂ‚\x83ÃƒÂƒ\x82ÃƒÂ‚\x83ÃƒÂƒ\x83ÃƒÂ‚\x82ÃƒÂƒ\x82ÃƒÂ‚Ã‚Â©jÃƒÂƒ\x83ÃƒÂ‚\x83ÃƒÂƒ\x82ÃƒÂ‚\x83ÃƒÂƒ\x83ÃƒÂ‚\x82ÃƒÂƒ\x82ÃƒÂ‚\xa0 vu, which needed some work on it. Coming to the main course and deserts were decent not much of a choice. I would personally jump on to the starters than to prefer main course.\n\nHowever, overall experience was good. Hope my next time goes well.\n\nKeep feeding!\nCheers! ?')
Chavadi,Yes,Yes,4.4/5,2237,Bannerghatta Road,"Casual Dining, Bar","Pizza, Cocktails, Saffron Rice, Pie, Sulemani Chai, Prawn Crackers, Waffles","Continental, North Indian, Pizza, Italian",1200,Drinks & nightlife,Bannerghatta Road
TGI Fridays,Yes,Yes,3.9/5,1337,Bannerghatta Road,Lounge,"Cocktails, Salads, Burgers, Long Island Iced Tea, Tacos, Nachos, Steak","American, Burger, Italian, Steak",1700,Drinks & nightlife,Bannerghatta Road
Simply Indian,Yes,Yes,3.9/5,681,Bannerghatta Road,Casual Dining,"Cocktails, Ghee Roast Mutton, Mocktails, Chicken Biryani, Malai Kofta, Chicken Chatpata, Fish","North Indian, Chinese, Seafood, Biryani, Mangalorean",800,Drinks & nightlife,Bannerghatta Road
Terrace Lounge,No,No,3.6/5,25,Bannerghatta Road,Lounge,,"North Indian, Chinese, Seafood",1600,Drinks & nightlife,Bannerghatta Road
Hakuna Matata,No,No,4.5/5,2781,JP Nagar,"Casual Dining, Bar","Mocktails, Cocktails, Appam, Paneer Satay, Sea Food, Paneer Tikka, Jeera Rice","North Indian, Asian, Seafood, Chinese",1200,,
" """"RATED\n  A perfect place to dine.... I loved this place... Be it's ambience or food ?.... Everything is good... Waiters are experienced... I specially liked the ambience... ? ? ?"""")", ('Rated 5.0', 'RATED\n  An excellent place for a romantic dinner and also a good place to hangout with friends and enjoy the live music played are the live match .\nThey service is very good and pretty fast even if it is crowded.\nThe ambiance is really amazing and we enjoyed the candela night dinner ,food was really yummy and even the presentation of the food also, overall a very good place.'), 'RATED\n  The place is good for both family outings and a fun night with friends. The food was exquisite. The biryani was extremely good but a little spicy. The lemon chicken is one of the best IÃƒÂƒ\x83ÃƒÂ‚\x83ÃƒÂƒ\x82ÃƒÂ‚\x82ÃƒÂƒ\x83ÃƒÂ‚\x82ÃƒÂƒ\x82ÃƒÂ‚\x92ve tasted and the Long Island Ice tea was very well made. The roti sabzi was just about ok. The fried ice cream dessert was just beautiful'), ('Rated 4.0', 'RATED\n  Awesome ambience, very good service, yummy food. We ordered: pepper chicken, butter garlic nan and veg Hakka noodles with mixed vegetables in Hong Kong sauce. The chicken was so so rest of the items were lip smacking great! We sat in the roof top, semi open area the chair and cushion scene was not comfortable where you pull the chair and only cushion comes forward. This seating arrangement could be improved. But thatÃƒÂƒ\x83ÃƒÂ‚\x83ÃƒÂƒ\x82ÃƒÂ‚\x82ÃƒÂƒ\x83ÃƒÂ‚\x82ÃƒÂƒ\x82ÃƒÂ‚\x92s not the case in the ground floor open area seating.')
Brewsky,Yes,Yes,4.4/5,4312,JP Nagar,Microbrewery,"Pork Chops, Craft Beer, Chicken Biryani, Chowmein, Drunken Chicken Wings, Cocktails, Mocktails","Continental, American",1600,,
 'RATED\n  Nice place . Good ambience. However service can be better and also the food. But somehow managed well. Please work on the taste of the food. It was really basic.'), ('Rated 4.0', 'RATED\n  Heard a lot about restaurant, on a weekend been there with a friend. It is a rooftop restaurant with nice ambience. The music is not very loud. Their food was good. We ordered Cheese Garlic Bread and Paneer Papadi as a starter.\nPaneer Papadi is their unique dish. It was crispy outside and soft inside. Recommend to the people who like Papad.\nWe ordered mix veg curry and some naan. Curry was good.\nIn d end we ordered Apple Scramble which was really good. They serve it with Vanilla ice cream.\nOverall the experience was good.\nCan suggest to people who like draught beer.'), ('Rated 4.0', this place (upstaris) is jam packed on weekends so book before you go whereas on the other hand you can get a table easily in the family reataurant downstairs even on weekends.'), ('Rated 3.0', 'RATED\n  Brewsky had a different kind of vibe in itself. It offered kind of a low key environment, pretty less crowd considering I went on a Friday night. We were surely happy with the service as the staff was very polite and the food was good enough as well. But I would rate this place low when it comes to ambience.'), ('Rated 4.5', pitzza, non veg platter
55 Wall Street,No,Yes,3.9/5,1763,JP Nagar,Bar,"Cocktails, Beer, Bloody Mary, Pasta, Pizza, Burgers, Nachos","Finger Food, North Indian, Chinese",1300,Drinks & nightlife,Bannerghatta Road
Crumb Together,Yes,Yes,4.1/5,585,JP Nagar,"Casual Dining, Bar","Stuffed Chicken, Malai Broccoli, Cocktails, Salad, Mocktails, Tomato Soup, Biryani","Continental, Finger Food, North Indian, Chinese",1200,,
 ('Rated 4.0', 'RATED\n  WOW....THIS RESTAURENT ...ITS JUST OPPOSITE TO VEGA CITY MALL. THE PLACE IS OF MULTICUISINE WITH GOOD FOOD. AND THE AMBIENCE IS NICE WITH GOOD SERVICE.'), ('Rated 3.0', 'RATED\n  Nice place to hangout with cousins ? food is nice but service is a bit slow . Over all ambience outlook everything is good. Wish to visit again?'), ('Rated 4.0', surprisingly crunchy enough ( after all the cooking it went through  ) . The Stuffed Chicken lived up to its name . Really wish the quantity was a bit more though .'), ('Rated 4.0', 'RATED\n  WOW....THIS RESTAURENT ...ITS JUST OPPOSITE TO VEGA CITY MALL. THE PLACE IS OF MULTICUISINE WITH GOOD FOOD. AND THE AMBIENCE IS NICE WITH GOOD SERVICE.'), ('Rated 3.0', 'RATED\n  Nice place to hangout with cousins ? food is nice but service is a bit slow . Over all ambience outlook everything is good. Wish to visit again?'), ('Rated 4.0', 'RATED\n  The place has a friendly ambiance. Recently started serving alcohol as well. Food is good here. Tried the murg Tikka
Bottle Breacher,No,Yes,4.1/5,1187,JP Nagar,"Casual Dining, Pub","Chicken Biryani, Mocktails, Pizza, Cocktails, Beer, Pork Ribs, Nachos","Italian, Continental",1200,Drinks & nightlife,Bannerghatta Road
Watson's,Yes,Yes,4.0/5,1010,JP Nagar,"Pub, Bar","Beer, Pizza, Veg Starter, Martini, Mojito, Cocktails, Crispy Corn","Finger Food, Chinese, Continental",1300,Drinks & nightlife,Bannerghatta Road
Casa Piccosa,Yes,Yes,4.1/5,842,JP Nagar,"Casual Dining, Bar","Cocktails, Cajun Chicken, Beer, Salads, Chilli Babycorn, Chicken Tacos, Murgh Platter","South American, Continental, Italian",1100,Drinks & nightlife,Bannerghatta Road
Coconut Grove,No,No,3.4/5,97,JP Nagar,"Casual Dining, Bar","Lime Soda, Appam, Biryani, Pepper Chicken, Vegetable Stew, Chicken Curry","South Indian, Chettinad, Kerala, Seafood",1100,Drinks & nightlife,Bannerghatta Road
Turquoise,No,No,2.8/5,56,JP Nagar,Lounge,,North Indian,1200,Drinks & nightlife,Bannerghatta Road
Let's Bounce,Yes,No,NEW,0,JP Nagar,Quick Bites,,Fast Food,150,Drinks & nightlife,Bannerghatta Road
BANGALORE BOX,Yes,Yes,4.1/5,612,BTM,"Casual Dining, Bar","Biryani, Chicken Bbq Wings, Mocktails, Sangria, Cocktails, Burgers, Pasta","Asian, Continental, Finger Food",1500,Drinks & nightlife,Bannerghatta Road
Subz,Yes,Yes,4.2/5,2022,Jayanagar,Casual Dining,"Veg Buffet, Pasta, Salads, Rasmalai, Chaat, Biryani, Fries","North Indian, South Indian",1000,Buffet,Basavanagudi
Fusion Theory,No,Yes,NEW,0,Jayanagar,Casual Dining,"Aam Panna, Pasta, Paneer Tikka, Biryani, Pav Bhaji, Veg Pulao, Nachos","Chinese, Continental, North Indian, South Indian, Beverages",700,Buffet,Basavanagudi
Grand Village,No,No,3.8/5,166,Basavanagudi,Casual Dining,"Panipuri, Gol Gappe","North Indian, Rajasthani",600,Buffet,Basavanagudi
Timepass Dinner,Yes,No,3.8/5,286,Basavanagudi,Casual Dining,"Onion Rings, Pasta, Kadhai Paneer, Salads, Salad, Roti, Jeera Rice",North Indian,600,Buffet,Basavanagudi
MG's Fine Dining & Bar - Springs Hotel & Spa,No,Yes,3.8/5,21,Basavanagudi,Casual Dining,,"North Indian, Asian, Continental",800,Buffet,Basavanagudi
1947,No,Yes,4.1/5,2303,Jayanagar,Casual Dining,"Palak Paneer, Aam Panna, Crispy Corn, Gajar Ka Halwa, Panipuri, Kulfi, Salads","North Indian, Chinese",950,Buffet,Basavanagudi
Chutney Chang,Yes,Yes,4.1/5,2339,Jayanagar,Casual Dining,"Veg Momos, Brownie Chocolate, Palak Chaat, Mutton Biryani, Dahipuri, Fish, Sea Food","North Indian, Chinese, BBQ",1500,Buffet,Basavanagudi
Empire Restaurant,Yes,No,4.4/5,4884,Jayanagar,Casual Dining,"Chicken Tikka Masala, Mutton Keema Dosa, Mutton Biryani, Raan Biryani, Brain Fry, Chicken Grill, Ghee Rice","North Indian, Mughlai, South Indian, Chinese",750,,
" """"RATED\n  The food was good and the ambience was quite impressive too. The service also was up to the mark"," although I wanted to have the buffet but wasn't able to because I was 10 minutes late."""")", ('Rated 4.0'," """"RATED\n  Okay this review is mainly about the shaadi ka biryani (mutton). Lived the taste. We had taken a home delivery of this through zomatogold. No complaints on the service and delivery.\n\nOther than that"," been to empire a couple of times. Food depends on the day and the time I guess. Sometimes it's really good and at other times I have found hair in the food. And they do tend to make all the curries spicy."""")"," """"RATED\n  Empire is quite popular name in Bangalore and u can easily locate this one in Indiranagar", Jayanagar, Bannerghatta Road, Koramangla, Shivajinagar and other places too.\n\nBeen here for a lunch yesterday at this Jayanagar Outlet. Quite a pocket friendly place, and the staff hesitated to even answer when we asked them to serve a chilled one. So 1 start less for that. Ambience was good enough for a buffet. The sweet was not tasty.\n\nAnd along with buffet," we tried tawa fry pomfret which was too bad. We didn't dare to order anything more after we were disappointed with that. So 2 stars less for this.\n\nAnyways this huge chain is visitable once in a while. Can give it a try."""")"
Jalsa,Yes,Yes,4.1/5,775,Banashankari,Casual Dining,"Pasta, Lunch Buffet, Masala Papad, Paneer Lajawab, Tomato Shorba, Dum Biryani, Sweet Corn Soup","North Indian, Mughlai, Chinese",800,Buffet,Basavanagudi
Udupi Sri Krishna Cafe,Yes,No,3.9/5,14,Jayanagar,Casual Dining,,"North Indian, South Indian",600,Buffet,Basavanagudi
San Churro Cafe,Yes,No,3.8/5,918,Banashankari,"Cafe, Casual Dining","Churros, Cannelloni, Minestrone Soup, Hot Chocolate, Pink Sauce Pasta, Salsa, Veg Supreme Pizza","Cafe, Mexican, Italian",800,Buffet,Basavanagudi
Tree Top,Yes,No,3.8/5,74,Wilson Garden,Casual Dining,Friendly Staff,"Continental, Chinese, North Indian, South Indian",1000,Buffet,Basavanagudi
Samskruti - Sanman Gardenia,Yes,No,4.1/5,139,Jayanagar,Casual Dining,"Roti, Butter Kulcha, Fried Rice, Tomato Soup, Curd Rice, Lunch Buffet, Paneer Tikka","North Indian, Chinese, South Indian",550,Buffet,Basavanagudi
The Sofraah Kebabs & Kurries - Eden Park Restaurants,No,Yes,3.8/5,176,Jayanagar,Casual Dining,"Mutton Biryani, Cocktails, Dal Makhani, Naan, Fish, Roti, Lamb","North Indian, Afghani",1350,Buffet,Basavanagudi
The Yellow Chilli,Yes,Yes,3.8/5,584,Jayanagar,Casual Dining,"Spring Roll, Tomato Soup, Mocktails, Sweet Corn Soup, Gulab Jamun, Roti, Paneer Tikka","North Indian, Mughlai, Biryani",1200,Buffet,Basavanagudi
Tea Villa Cafe,No,Yes,4.3/5,633,Jayanagar,"Cafe, Casual Dining","Tea, Waffles, Coffee, Nutella Waffle, Pizza, Wedges, Pasta","Cafe, Continental, Mediterranean, Italian, Desserts",800,,
" """"RATED\n \nThis place is Located in the corner of the Road where Mayyas Restaurant is present. We decided to go here for the New Year and we had to wait for 15-20 mins to get a table because of the New Year Crowd. This place is so cozy and ambience is amazing?. The place looks more like French Styled", if you've been to Pondicherry you would know this. They have seperate Menu Book for Food and a separate Menu book for teas and they've about 300 flavours of Teas available. We ordered a Chilly Cheese Toast and Mixed Fruit Waffle," chilly cheese toast. Chilly Cheese Toast was absolutely lip smacking\U0001f929 and we ate all of them in the next 5 mins. Wasn't really impressed with the presentation of the Waffles as I'm used to having high quality Belgium Waffles and have tried many flavours. But wanna come down again to try some more stuff on an ordinary day to avoid the waiting time. You need to find a place to park your vehicle here and table booking is recommended.  """")", ('Rated 5.0', 'RATED\n  Found this place at the corner of jayanagar. There are such places which gives me a cozy and positivw vibe when i see it. This is one of those places. Loved the ambience. I loved how they focus on spreading the essence of tea with their several attractive flavours and most of all good for health and your body. I mostly loved the place for its calm and energising aroma and lighting. I sat on the balcony with my best friend Nikita Shukla and spending the first day of the year of 2019 made it even more special. A great place to have conversations with your loved ones over a tea, our amazing host for the day advised us to take the best food and so grateful for his help. ?'), ('Rated 4.0', 'RATED\n  Good place for hanging out? I loved the waffles there and I would eat them day and night \U0001f973 wish I could taste all the different kinds of dishes and capture all of them in my camera roll \U0001f92a they have approximately 300 or more tea to taste as am not a tea lover i never ordered for it. I would rather drink hot chocolate ?? ambience is pretty good as I love purple ??'), ('Rated 4.0'," """"RATED\n  A great hang out option right in the heart of Jaynagar ...it's a delightful tea lovers..I had the kashmiri kahwa after I first tried it in Leh. The restaurant is very aesthetically designed. They have different seating options including a julha. Suggest you book in advance and go. The food options are also plenty but pure vegetarian. Service is prompt . Visit tea villa for a good meal. Pricing is on the higher side."""")", if you've been to Pondicherry you would know this. They have seperate Menu Book for Food and a separate Menu book for teas and they've about 300 flavours of Teas available. We ordered a Chilly Cheese Toast and Mixed Fruit Waffle," chilly cheese toast. Chilly Cheese Toast was absolutely lip smacking\U0001f929 and we ate all of them in the next 5 mins. Wasn't really impressed with the presentation of the Waffles as I'm used to having high quality Belgium Waffles and have tried many flavours. But wanna come down again to try some more stuff on an ordinary day to avoid the waiting time. You need to find a place to park your vehicle here and table booking is recommended.  """")"
Cafe Cosy,No,Yes,4.1/5,102,Jayanagar,Cafe,"Pasta, Pizza, Mocktails","Cafe, Chinese, Continental, Fast Food",800,Cafes,Basavanagudi
Onesta,Yes,Yes,4.6/5,1755,Basavanagudi,"Casual Dining, Cafe","Barbeque Chicken Pizza, Mushroom Ravioli, Pasta, Lasagne, Berryblast, Mocktails, Potato Wedges","Pizza, Cafe, Italian",600,Cafes,Basavanagudi
Steaming Mugs,Yes,No,3.9/5,240,Basavanagudi,Cafe,"Fries, Oreo Shake, Pasta Arrabiata",Cafe,700,Cafes,Basavanagudi
Srinathji's Cafe,No,No,3.8/5,148,Basavanagudi,"Casual Dining, Cafe","Paratha, Sandwich, Chilli Idli, Noodles, Sandwiches, Lime Soda","North Indian, Cafe, Chinese, Fast Food",550,Cafes,Basavanagudi
Redberrys,Yes,No,4.0/5,219,Basavanagudi,Cafe,"Pizza, Fries, Anjeer Ice Cream, Sandwiches, Gelato, Burgers, Kesar Badam","Cafe, Italian",600,Cafes,Basavanagudi
Cafe Aira,Yes,No,4.1/5,216,Basavanagudi,Cafe,"Pasta, Nachos, Jalapeno Poppers, Burrito Bowl, Ferrero Rocher Shake, Falafal Sandwich, Banana Waffles","Cafe, Continental, Beverages, Desserts",500,Cafes,Basavanagudi
Cafe Mondo,Yes,No,3.7/5,514,Basavanagudi,Cafe,"Pizza, Pasta Alfredo, Brownie, Garlic Bread, Sandwiches, Lemon Mojito, Mocha Fudge","Cafe, Italian, Beverages",600,Cafes,Basavanagudi
1980s Games Cafe,Yes,No,3.4/5,58,Basavanagudi,Cafe,"Maggi, Pasta, Burgers, Sandwiches, Fries","Cafe, Fast Food",400,Cafes,Basavanagudi
Cafe Coffee Day,Yes,No,2.8/5,30,Basavanagudi,Cafe,,"Cafe, Fast Food",900,Cafes,Basavanagudi
Go Native,Yes,Yes,4.3/5,1252,Jayanagar,"Casual Dining, Cafe","Mushroom Soup, Salads, Halwa, Thali, Salad, Millet Pizza, Misal Pav","Healthy Food, Cafe, Beverages",800,Cafes,Basavanagudi
Alchemy Coffee Roasters,No,No,4.2/5,704,Jayanagar,Cafe,"Coffee, Fries, Sandwich, Pizza, Pancakes, Pasta, Hot Chocolate",Cafe,500,,
 'RATED\n  Wanted to come here from quiet sometime n ya, here I was trying some no cheese bread basket, mushroom soup and South Indian filter coffee. Ambience is point on. Perfect for coffee catch ups. Service is good too.'), ('Rated 3.0', 'RATED\n  Slow service but overall a nice place to chill and catch up over a coffee. Very decently priced , ('Rated 4.0', 'RATED\n  Wonderful ambience. It appears as though they have used the horizontal portions of wood from the stems of a big tree as their table tops.\n\nWaitstaff are ok but a bit slow. So speak clearly to them. Food is really good. Tomato plum soup or the coriander corn soup were tasty and lovely. The honey roasted paneer was delicious as well with a mild coating of the paneer followed by deep frying it. Garden pizza was simple and flavourful but they can go a little easy on the mustard. Overall, it was a lovely experience ending with aromatic coffee in the end.'), ('Rated 4.0'," """"RATED\n  Ambience is good.. ordered pizza which wasn't great.it was only with capsicum and lots of cheese.. ordered mushroom sandwich which is too good..."""")", here I was trying some no cheese bread basket, mushroom soup and South Indian filter coffee. Ambience is point on. Perfect for coffee catch ups. Service is good too.')
Rooftop Cafe,Yes,No,4.1/5,796,Jayanagar,Cafe,"Pizza, Nachos, Rolls, Veggie Roll, Sandwiches, Burgers, Mango Shake","Cafe, Fast Food, Beverages",400,Cafes,Basavanagudi
Enerjuvate Studio & Cafe,No,Yes,4.2/5,731,Jayanagar,Cafe,"Pizza, Vegetarian, Momo Platter, Momos, Nachos, Salsa, Salad","Cafe, Continental, Beverages, Healthy Food, Desserts, Sandwich, Pizza, Salad",800,,
 ('Rated 4.0'," """"RATED\n  A cozy",small bungalow turned cafe which takes pride in serving healthy food. Also a place which organises various events like comedy shows,Garba etc. It's a simple, beautifully done cafe. For dinner, ('Rated 2.0'," """"RATED\n  The only thing I liked about the place was ambience.. They've turned a house into a amazing cafe. I just remember that the food was very ordinary. We had ordered sandwich and rolls. The food took a lot of time to come to us. The waiter wasn't very happy when we said we were going to use zomato gold.."""")", ('Rated 5.0'," """"RATED\n  I visited this place with my friend for lunch today. It's a renovated home", located at a nice neighborhood. The interiors are amazing and we totally loved the ambience and service.\nWe ordered pesto pizza, onions, tomatoes
Fabcafe,No,Yes,NEW,0,Jayanagar,Cafe,,"Cafe, Healthy Food",800,Cafes,Basavanagudi
The Caramelts Cafe,No,No,4.2/5,223,Jayanagar,Cafe,"Burgers, Coffee, Pasta, Peri Peri Fries, Kit Kat Shake, Nachos, Paneer Tikka Pizza","Cafe, Salad, Wraps, Beverages",800,Cafes,Basavanagudi
SlimSins Cafe,No,No,4.1/5,707,Jayanagar,Cafe,"Hummus Platter, Juicy Lamb Burger, Salmon Steak, Mousse, Pasta, Pizza, Sweet Potato Fries","Cafe, Healthy Food",850,Cafes,Basavanagudi
Cafe Ajfan,Yes,No,4.2/5,261,Jayanagar,Cafe,"Sandwiches, Pasta, Cobb Salad, Pizza, Burgers, Calzone, Fries","Cafe, Continental, Beverages",700,Cafes,Basavanagudi
Cafe Shuffle,Yes,Yes,4.2/5,150,Banashankari,Cafe,"Mocktails, Peri Fries, Lasagne, Pizza, Chicken Bbq Wings, Virgin Mojito, Nachos","Cafe, Italian, Continental",600,Cafes,Basavanagudi
Krazzy Folds,Yes,Yes,4.2/5,1901,Jayanagar,Cafe,"Pasta, Tacos, Macaroni, Panna Cotta, Salads, Spaghetti, Churros","Cafe, Continental, Sandwich, Beverages",800,,
" """"RATED\n  Amazing food and a very cozy and warm ambience.\nWe've tried the pasta", rice, sandwich stackers," coffee and mojito. It's all really good and the presentation is amazing.\nFood is prepared with a lot of love and passion."""")", ('Rated 3.0', but the veg enchiladas were drenched in cheese. Although some might have liked it, it overpowered the dish entirely, made it too greasy and heavy. The desserts were underwhelming. The vanilla panna cotta had split and the blueberry cheesecake was downright disgusting. However," the ambience was nice and the place had a cozy feel to it. They would do so much better if only they improved upon the food."""")", ('Rated 5.0', the food. We ordered a ton of stuff, ranging from mocktails to appetizers to maincourse to desserts
Penthouse Cafe,Yes,No,4.0/5,324,Banashankari,Cafe,"Pizza, Mocktails, Coffee, Nachos, Salad, Pasta, Sandwiches","Cafe, Italian, Continental",700,Cafes,Basavanagudi
The Blue Wagon - Kitchen,Yes,No,4.6/5,228,Jayanagar,Cafe,"Pizza, Nachos, Garlic Maggi, Burgers, Cheese Maggi, Bruschetta Bites, Sandwich","Cafe, Beverages",400,Cafes,Basavanagudi
Smacznego,Yes,No,4.2/5,504,Banashankari,Cafe,"Waffles, Pasta, Coleslaw Sandwich, Choco Waffle, Tacos, Momos, Cheese Nachos","Cafe, Mexican, Italian, Momos, Beverages",550,Cafes,Basavanagudi
The Airos,Yes,No,4.1/5,130,Jayanagar,Cafe,"Pizza, Pasta, Nachos, Burgers, Sandwich, Tea, Cheese Balls","Cafe, Italian, Pizza",650,Cafes,Basavanagudi
Starbucks,No,No,4.1/5,108,Jayanagar,Cafe,Coffee,"Cafe, Desserts",700,Cafes,Basavanagudi
San Churro Cafe,Yes,No,3.8/5,918,Banashankari,"Cafe, Casual Dining","Churros, Cannelloni, Minestrone Soup, Hot Chocolate, Pink Sauce Pasta, Salsa, Veg Supreme Pizza","Cafe, Mexican, Italian",800,Cafes,Basavanagudi
Cafe Vivacity,Yes,No,3.8/5,90,Banashankari,Cafe,"Garlic Bread, Burgers, Sandwiches, Pizza, Hot Chocolate Fudge, Waffles, Potato Wedges",Cafe,650,Cafes,Basavanagudi
The Studio Cafe,No,No,3.8/5,20,Jayanagar,Cafe,,"Cafe, Beverages",400,Cafes,Basavanagudi
Cafe Terra,Yes,No,NEW,0,Jayanagar,Cafe,,"Cafe, Continental",700,Cafes,Basavanagudi
Kirthi's Biryani,Yes,No,3.8/5,144,Banashankari,Cafe,"Pasta, Gelato, Garlic Bread, Mojito, Nachos, Paneer Pizza, Mocktails","Chinese, Cafe, Italian",700,Cafes,Basavanagudi
La Grande Cafe,No,No,3.8/5,46,Jayanagar,Cafe,"Coffee, Hot Chocolate, Cappuccino, Ice Tea, Corn Balls",Cafe,400,Cafes,Basavanagudi
36th Cross Coffee Mane,No,No,3.6/5,16,Jayanagar,Quick Bites,,"South Indian, Chinese, Beverages, Cafe, Coffee, Fast Food, Momos, North Indian",200,Cafes,Basavanagudi
4th Tea Block,No,No,4.0/5,62,Jayanagar,Cafe,"Rose Tea, Hibiscus Tea, Masala Chai, Ginger Tea",Cafe,150,Cafes,Basavanagudi
Grazers,Yes,Yes,3.9/5,291,Jayanagar,Cafe,"Burgers, Panneer Butter Masala, Pasta, Hot Dog, Fries, Cheesy Pizza, Potato Wedges","Cafe, Burger, Continental, Italian, Desserts",650,Cafes,Basavanagudi
Cuppa,No,No,3.2/5,59,Jayanagar,"Cafe, Casual Dining","Coffee, Sandwich","Cafe, Fast Food",550,Cafes,Basavanagudi
Coffee Tindi,Yes,No,3.8/5,75,Banashankari,"Cafe, Quick Bites",,"Cafe, South Indian",200,Cafes,Basavanagudi
Brews N Bites,Yes,No,2.9/5,62,Jayanagar,"Quick Bites, Cafe","Coffee, Cappuccino","Chinese, Fast Food, Cafe",650,Cafes,Basavanagudi
Brew Bakes,No,No,3.4/5,13,Jayanagar,Cafe,,"Cafe, Continental, Italian",550,Cafes,Basavanagudi
Bread and Circus,Yes,No,3.7/5,50,Shanti Nagar,Cafe,,"Cafe, Fast Food, Pizza, Burger",550,Cafes,Basavanagudi
Java City,Yes,No,2.6/5,157,Jayanagar,Cafe,"Coffee, Sandwich, Hot Chocolate, Ice Tea, Sandwiches, Chicken Lasagne, Pizza","Cafe, American, Pizza",450,Cafes,Basavanagudi
Swati Cafe,No,No,2.9/5,8,Shanti Nagar,Cafe,,"Cafe, Fast Food",500,Cafes,Basavanagudi
Chaai Resto,No,No,,0,Jayanagar,Cafe,,"Cafe, Beverages, Fast Food, Rolls",300,Cafes,Basavanagudi
Sea Green Cafe,No,No,3.3/5,4,Banashankari,Cafe,,"Cafe, Fast Food, Beverages",500,Cafes,Basavanagudi
Rustic Treats,No,No,3.3/5,4,Jayanagar,"Quick Bites, Cafe",,"Street Food, Cafe",400,Cafes,Basavanagudi
360 Atoms Restaurant And Cafe,Yes,No,3.1/5,13,Banashankari,Cafe,,"Cafe, Chinese, Continental, Italian",400,Cafes,Basavanagudi
People Tree Cafe,No,No,3.7/5,168,Jayanagar,Cafe,"Chocolate Shake, Nachos, Babycorn Manchurian, Cheese Maggi, French Fries, Tea, Oreo Shake","Cafe, Fast Food, Beverages",400,Cafes,Basavanagudi
Al Diwan Biryanis And More,Yes,No,3.3/5,12,Basavanagudi,"Takeaway, Delivery",,Biryani,300,Delivery,Basavanagudi
eat.fit,Yes,No,4.6/5,143,Koramangala 5th Block,Delivery,"Brownie, Noodles","Healthy Food, North Indian, Biryani, Continental, Sandwich, Desserts",500,Delivery,Basavanagudi
FreshMenu,Yes,No,3.9/5,627,Banashankari,Delivery,"Salads, Sandwiches, Salad, Thai Rice, Pasta, Noodles, Pizza","Healthy Food, Chinese, Biryani, North Indian, Continental, Salad, American, Burger",450,Delivery,Basavanagudi
Five Star Chicken,Yes,No,3.4/5,129,Banashankari,Quick Bites,,"Fast Food, Burger",200,Delivery,Basavanagudi
Leon Grill,Yes,No,4.1/5,414,Jayanagar,Quick Bites,"Burgers, Fries, Chicken Filet Burger, Peri Peri Chicken Wings, Peri Peri Chicken Salad, Peri Peri Chicken Burger, Falafel","Burger, Turkish, Arabian, Fast Food, Salad, Healthy Food, Desserts",500,Delivery,Basavanagudi
Dr. Bubbles,Yes,No,4.2/5,95,Jayanagar,"Beverage Shop, Dessert Parlor","Waffles, Iced Coffee, Yoghurt Shake, Belgian Chocolate Waffle, Ice Tea, Faluda","Beverages, Desserts",400,Delivery,Basavanagudi
Empire Restaurant,Yes,No,4.4/5,4884,Jayanagar,Casual Dining,"Chicken Tikka Masala, Mutton Keema Dosa, Mutton Biryani, Raan Biryani, Brain Fry, Chicken Grill, Ghee Rice","North Indian, Mughlai, South Indian, Chinese",750,Delivery,Basavanagudi
Anna Kuteera,Yes,No,4.0/5,771,Banashankari,Casual Dining,"Panner Tikka, Kulfi, Coffee, Pav Bhaji, Carrot Halwa, Fried Rice, Set Dosa","South Indian, North Indian, Chinese",450,Delivery,Basavanagudi
Energy Addaa,Yes,No,4.2/5,64,Basavanagudi,Quick Bites,"Pizza, Nachos, Salads, Peri Peri Fries, Brownie, Pasta Alfredo, Spaghetti","Salad, Healthy Food, Sandwich, Juices, Burger, Desserts, Pizza",500,Delivery,Basavanagudi
Dev Sagar - Food Street,Yes,No,4.1/5,233,Basavanagudi,Quick Bites,"Chaat, Pav Bhaji, Dabeli, Vada Pav, Tawa Pulav, Panipuri, Malpua",Street Food,200,Delivery,Basavanagudi
KFC,Yes,No,3.8/5,505,Banashankari,Quick Bites,"Burgers, French Fries","Burger, Fast Food",450,Delivery,Basavanagudi
Bengaluru Coffee House,Yes,No,4.1/5,201,Banashankari,Quick Bites,"Masala Dosa, Tirupathi Pongal, Filter Coffee, Vada, Kharabath, Kali Dosa, Rava Idli","South Indian, North Indian, Chinese, Street Food",300,Delivery,Basavanagudi
Shanmukha,Yes,No,4.0/5,774,Koramangala 5th Block,Casual Dining,"Chicken Dum Biryani, Kerala Parotta, Chicken Boneless Biryani, Vegetable Biryani, Naan, Fish, Gulab Jamun","Biryani, Andhra, North Indian, Chinese",800,Delivery,Basavanagudi
Bhukkhad Baba,Yes,No,3.7/5,125,JP Nagar,Quick Bites,"Paratha, Thali","North Indian, Beverages",250,Delivery,Basavanagudi
Chinese Square,Yes,No,3.9/5,38,Basavanagudi,Quick Bites,,Chinese,200,Delivery,Basavanagudi
House Of Kebabs,Yes,No,3.8/5,540,Basavanagudi,Casual Dining,"Rolls, Shawarma, Butter Chicken, Mutton Biryani, Lahori Chicken, Chicken Roll, Grape Juice","North Indian, Kebab, Biryani, Chinese",650,Delivery,Basavanagudi
Subway,Yes,No,3.7/5,176,Basavanagudi,Quick Bites,"Chocolate Cookies, Mexican Patty","Salad, Fast Food",600,Delivery,Basavanagudi
Kolkata Kathi Rolls,Yes,No,3.8/5,23,JP Nagar,Quick Bites,,Rolls,150,Delivery,Basavanagudi
Mysuru Coffee Thindi,Yes,No,4.1/5,296,Jayanagar,Quick Bites,"Coffee, Masala Dosa, Tea, Badam Milk, Vada, Idli, Raagi Dosa","South Indian, Coffee",200,Delivery,Basavanagudi
Smoke-A-Pot,Yes,No,3.6/5,91,JP Nagar,"Takeaway, Delivery","Pot Biryani, Raita, Mutton Biryani","Biryani, North Indian, Rolls",500,Delivery,Basavanagudi
Chaatimes,Yes,No,3.8/5,133,Basavanagudi,Quick Bites,"Dabeli, Faluda, Masala Poori, Sandwiches, Tokri Chaat, Pav Bhaji, Dahipuri","Street Food, Fast Food",200,Delivery,Basavanagudi
Wamama,Yes,Yes,4.2/5,354,Banashankari,Casual Dining,"Sushi, Noodles, Wine, Khau Suey, Mocktails, Yakisoba, Spring Roll","Asian, Korean, Indonesian, Japanese, Chinese, Thai, Momos",800,Delivery,Basavanagudi
Shanthi Sagar,Yes,No,3.6/5,518,JP Nagar,Casual Dining,"Coffee, Mushroom Masala, Masala Dosa, Palak Paneer","South Indian, North Indian, Chinese",400,Delivery,Basavanagudi
Just Shawarma,Yes,No,4.3/5,792,Jayanagar,Quick Bites,"Whole Meat Shawarma, Malgoum Shawarma, Rolls, Pita Bread, Kerala Parotta",Arabian,300,Delivery,Basavanagudi
Chinese Kitchen,Yes,No,3.8/5,58,Basavanagudi,Quick Bites,,Chinese,150,Delivery,Basavanagudi
Vijayalakshmi,Yes,No,3.9/5,47,Basavanagudi,Quick Bites,,South Indian,200,Delivery,Basavanagudi
Burger King,Yes,No,3.2/5,71,Basavanagudi,Quick Bites,,"Burger, Fast Food, Beverages",600,Delivery,Basavanagudi
Smacznego,Yes,No,4.2/5,504,Banashankari,Cafe,"Waffles, Pasta, Coleslaw Sandwich, Choco Waffle, Tacos, Momos, Cheese Nachos","Cafe, Mexican, Italian, Momos, Beverages",550,Delivery,Basavanagudi
Kabab Magic,Yes,No,4.1/5,1720,Basavanagudi,Quick Bites,"Grape Juice, Chicken Grill, Chicken Tikka Roll, Shawarma Roll, Chicken Shawarama, Biryani Combo, Rolls","North Indian, Kebab, Chinese, Fast Food",400,Delivery,Basavanagudi
Lassi Corner,Yes,No,3.7/5,107,Basavanagudi,Beverage Shop,Lassi,"Beverages, Ice Cream",150,Delivery,Basavanagudi
The Biriyani Pedia,Yes,No,3.9/5,55,BTM,Quick Bites,"Chicken Stew, Ghee Rice, Biryani, Chai",Biryani,300,Delivery,Basavanagudi
Paratha Junction,Yes,No,3.2/5,395,Jayanagar,Quick Bites,Paratha,"North Indian, Chinese",300,Delivery,Basavanagudi
SL Vadapav,Yes,No,4.0/5,78,Jayanagar,Quick Bites,"Dabeli, Samosa, Tawa Pulav, Cheese Vada Pav",Maharashtrian,100,Delivery,Basavanagudi
Adithya,Yes,No,4.0/5,332,JP Nagar,Quick Bites,"Neer Dosa, Coffee, Pav Bhaji, Khali Dosa, Panipuri, Masala Dosa, Tea","South Indian, North Indian, Chinese",300,Delivery,Basavanagudi
Paradise,Yes,No,4.0/5,1975,JP Nagar,Casual Dining,"Kalmi Kabab, Hyderabadi Dum Biryani, Vegetable Biryani, Haleem, Supreme Mutton Biryani, Paneer Tikka, Hyderabadi Mutton Biryani","Biryani, North Indian, Kebab",800,Delivery,Basavanagudi
Biryanis And More,Yes,No,4.0/5,618,Jayanagar,Casual Dining,"Prawn Biryani, Dragon Chicken, Chicken Boneless Biryani, Afghani Biryani, Mughlai Biryani, Paneer Tikka Biryani, Gongura Biryani","Biryani, North Indian, Chinese, Andhra, South Indian",750,Delivery,Basavanagudi
Wazir's,Yes,No,3.3/5,261,Shanti Nagar,Casual Dining,"Biryani, Butter Chicken, Butter Naan, Kalmi Kebab, Roti, Rolls, Fried Rice","North Indian, Chinese",500,Delivery,Basavanagudi
Krispy Kreme,Yes,No,4.0/5,253,Jayanagar,Dessert Parlor,"Coffee, Chocolate Donut, Chocolate Dreamcake, Cookie Crunch, Double Chocolate Cake, Hot Chocolate","Desserts, Beverages",300,Delivery,Basavanagudi
Udupi Upahar,Yes,No,3.8/5,58,Banashankari,Quick Bites,,"South Indian, Chinese, North Indian, Juices",300,Delivery,Basavanagudi
Kababs N Biryani,Yes,No,3.4/5,22,Banashankari,Quick Bites,,South Indian,200,Delivery,Basavanagudi
Madeena Hotel,Yes,No,3.9/5,50,Bannerghatta Road,Quick Bites,,"North Indian, Mughlai, Biryani",400,Delivery,Basavanagudi
Roti Ghar,Yes,No,3.9/5,750,Basavanagudi,Casual Dining,"Coffee, Spring Roll, Roti, Panneer Butter Masala, Noodles, Butter Naan, Masala Dosa","North Indian, Chinese, South Indian",500,Delivery,Basavanagudi
Marenahalli Donne Biriyani,Yes,No,3.9/5,259,JP Nagar,Quick Bites,,"Biryani, Fast Food",300,Delivery,Basavanagudi
Onesta,Yes,Yes,4.6/5,2556,Banashankari,"Casual Dining, Cafe","Farmhouse Pizza, Chocolate Banana, Virgin Mojito, Pasta, Paneer Tikka, Lime Soda, Prawn Pizza","Pizza, Cafe, Italian",600,Delivery,Basavanagudi
Namma Brahmin's Idli,Yes,No,3.6/5,34,Jayanagar,Quick Bites,,South Indian,100,Delivery,Basavanagudi
Keventers,Yes,No,3.9/5,210,Jayanagar,"Beverage Shop, Dessert Parlor","Thick Shakes, Chocolate Hazelnut Shake, Mango Shake, Choco Hazelnut, Milk Shake, Chocolate Oreo, Strawberry Milkshake","Desserts, Beverages, Ice Cream",400,,
 which was much costlier. Overhyped for no reason, and no value for money, too costly for a 200ml bottle of milkshake. I would not recommend this place to anyone," there are much better options to go for."""")", ('Rated 3.0', liked coffee above.\nwont recommend as such .better places for shakes.\n\nhowevee its heavy enough to fill your stomach'), ('Rated 3.5', 'RATED\n  Ambience 6/10\nFood/taste 9/10\nService 9/10\nQuality 9/10\nQuantity 7/10\n\nIts not their fault that the place so noisy. But in jayanagar they could have chosen a better and cool place for an outlet.\nOther than sorrounding, everything is great.\nI have tried nearly 6 flavours of shakes and they really taste so good. They have original flavour of ingredients in every milkshake. Particularly the ALFONSO MANGO... Ssly too good guys you must try it atleast once.\nStaff,service and quality is really great. But cost is disappointing factor. Quite more than the limit. Just for a fancy bottle and good quality they are charging you 300 doesnot seems fair enough...\nBut overall a good shop to visit (not regularly but occasionally).'), The almond rose was one of the best tasting thick shakes, I have also heard a lot about the caramelo popcorn/ Kesar madam......this was too good
Polar Bear,Yes,No,3.8/5,71,Basavanagudi,Dessert Parlor,Hot Chocolate Fudge,"Ice Cream, Desserts, Beverages, Sandwich",400,Delivery,Basavanagudi
Behrouz Biryani,Yes,No,3.9/5,230,Banashankari,Delivery,"Raita, Gulab Jamun, Paneer Biryani, Vegetable Biryani, Gosht Dum Biryani, Chicken Biryani, Murgh Biryani",Biryani,650,Delivery,Basavanagudi
Namma Banashankari Donne Biryani,Yes,No,4.0/5,94,JP Nagar,Quick Bites,,"Biryani, Kebab",250,Delivery,Basavanagudi
Puliyogare Point,Yes,No,4.2/5,444,Basavanagudi,Quick Bites,"Sweet Pongal, Mini Idlis, Filter Coffee, Open Masala Dosa, Pakoda, Vada, Raagi Dosa",South Indian,100,Delivery,Basavanagudi
Kedia's Fun Food,Yes,No,4.3/5,630,Jayanagar,Quick Bites,"Paratha, Vada Pav, Chaat, Pav Bhaji, Panipuri, Masala Poori, Dhokla","North Indian, Street Food, Juices",200,Delivery,Basavanagudi
Sri Udupi Food Hub,Yes,Yes,4.1/5,175,Jayanagar,Casual Dining,"Filter Coffee, Masala Dosa, Idli, Vada","South Indian, North Indian, Chinese, Beverages",500,Delivery,Basavanagudi
Udupi Ruchi,Yes,No,3.9/5,57,Banashankari,Quick Bites,,"South Indian, North Indian, Chinese, Street Food",200,Delivery,Basavanagudi
Donne Biriyani House,Yes,No,3.9/5,441,Banashankari,Quick Bites,Biryani,"South Indian, North Indian, Chinese, Biryani",400,Delivery,Basavanagudi
Banashankari Donne Biriyani,Yes,No,3.8/5,104,Banashankari,Quick Bites,,"Biryani, Fast Food",300,Delivery,Basavanagudi
Dadi's Dum Biryani,Yes,Yes,4.1/5,2723,BTM,Casual Dining,"Butter Chicken, Panner Tikka, Chicken Biryani, Chicken Lollipop, Chicken Tikka Masala, Dum Biryani, Tangdi Kabab","Biryani, North Indian, Mughlai",800,Delivery,Basavanagudi
Pizza Hut,Yes,No,3.8/5,693,Banashankari,Casual Dining,"Supreme Pizza, Potato Wedges, Masala Lemonade, Tandoori Paneer, Exotic Garlic Bread","Pizza, Fast Food",750,Delivery,Basavanagudi
Bhattara Bhojana,Yes,No,3.6/5,66,Banashankari,Quick Bites,,South Indian,150,Delivery,Basavanagudi
Meghana Foods,Yes,No,4.4/5,4401,Jayanagar,Casual Dining,"Chicken Boneless Biryani, Hyderabadi Biryani, Paneer Biryani, Tandoori Chicken, Vegetable Biryani, Chicken Kebab, Raita","Biryani, North Indian, Chinese",600,Delivery,Basavanagudi
Kabab Mehal,Yes,No,3.7/5,65,JP Nagar,Quick Bites,,"Kebab, North Indian, Fast Food, Beverages",400,Delivery,Basavanagudi
Ovenstory Pizza,Yes,No,3.9/5,172,Banashankari,Delivery,"Paneer Tikka, Garlic Bread, Thin Crust Pizza, Falafel, Veggie Pizza",Pizza,750,Delivery,Basavanagudi
Chicken County Grand,Yes,No,3.9/5,319,Bannerghatta Road,Casual Dining,"Chicken Grill, Fish, Shawarma, Rolls, Tandoori Chicken, Hyderabadi Chicken, Chicken Roll","North Indian, Chinese",650,Delivery,Basavanagudi
Sweet Truth,Yes,No,3.9/5,35,Banashankari,Delivery,,"Bakery, Desserts",500,Delivery,Basavanagudi
Prasiddhi Food Corner,Yes,No,3.7/5,170,JP Nagar,Quick Bites,Coffee,"Fast Food, North Indian, South Indian",200,,
" """"RATED\n  The ideal quick bite place. All items are reasonably priced. The food doesn't stand out"," but service is quick and no nonsense.\nI usually order Roti Curry or Masala Dosa. Usually in and out in under 20mins"""")", ('Rated 5.0', 'RATED\n  awesome place .... and good sitting'), ('Rated 4.0', delicious south Indian dishes. The chats are priced conservatively and the quantity they give you is huge. Have tried almost everything on the menu and everything tastes good. The place has the self service concept, the management is efficient and the place is hygienic.'), ('Rated 4.5', 'RATED\n  one of the cheap and best food joint in this area. had been twice here and really liked the food. have tried chole bhature, south meals, ('Rated 3.5'," """"RATED\n  Food is good especially for the price... Don't get dosa in the afternoons which is a bit sad"
Fresh Kitchen,Yes,No,3.4/5,13,Bannerghatta Road,Casual Dining,,"North Indian, Chinese",600,Delivery,Basavanagudi
Chai Point,Yes,No,3.2/5,208,Jayanagar,"Beverage Shop, Quick Bites","Ginger Chai, Ginger Tea, Banana Cake, Samosa, Masala Chai, Banana Walnut","Tea, Beverages, Fast Food",250,Delivery,Basavanagudi
Twiststick House,Yes,No,4.1/5,163,Basavanagudi,Quick Bites,"White Pasta, Noodles, Babycorn Manchurian, Pizza, Veg Momos, Fry Momos, Tawa Pulav","Continental, Fast Food, Street Food, Momos",500,Delivery,Basavanagudi
Starlite Bakery & Fastfood,Yes,No,3.7/5,23,Jayanagar,Quick Bites,,"North Indian, Chinese, Rolls, Bakery, Arabian, Charcoal Chicken, Desserts",300,Delivery,Basavanagudi
Wahab,Yes,No,3.7/5,97,Jayanagar,Quick Bites,"Chicken Biryani, Rolls","North Indian, Mughlai, Chinese",350,Delivery,Basavanagudi
Faasos,Yes,No,4.2/5,415,Banashankari,Quick Bites,"Rolls, Veggie Wrap, Chocolate Fantasy, Rice Bowls, Chicken Rice, Paneer Makhanwala, Chicken Tikka Wrap","North Indian, Biryani, Fast Food",500,Delivery,Basavanagudi
Grazers,Yes,Yes,3.9/5,291,Jayanagar,Cafe,"Burgers, Panneer Butter Masala, Pasta, Hot Dog, Fries, Cheesy Pizza, Potato Wedges","Cafe, Burger, Continental, Italian, Desserts",650,Delivery,Basavanagudi
Szechuan Dragon,Yes,No,4.2/5,1647,Banashankari,Casual Dining,"Noodles, Momos, Veg Manchow Soup, Kung Pao Chicken, Chicken Lollipop, Chop Suey, Dragon Chicken","Chinese, Thai, Momos",600,Delivery,Basavanagudi
Patio 805,Yes,Yes,4.1/5,364,Jayanagar,Casual Dining,"Noodles, Laksa Soup, Coffee, Veg Fritters, Vegetarian, Babycorn Manchurian, Mango Salad","Thai, Vietnamese, Asian, Chinese",1200,Delivery,Basavanagudi
Janahaar,Yes,No,3.8/5,70,Banashankari,Quick Bites,"Masala Dosa, Idli, Filter Coffee, Medu Dosa",South Indian,100,Delivery,Basavanagudi
Juicy Momos,Yes,No,3.5/5,80,Banashankari,Quick Bites,"Rolls, Burgers, Juicy Momos, Chicken Momo, Chocolate Momos, Mushroom Momo, Paneer Momos","Tibetan, Momos",250,Delivery,Basavanagudi
Gama Gama,Yes,No,3.9/5,264,Banashankari,Quick Bites,"Jowar Roti, Buttermilk, Sabudana Vada, Thali, Mirchi Bajji, Brinjal Curry",South Indian,200,Delivery,Basavanagudi
Upahara Darshini,Yes,No,4.0/5,166,Jayanagar,Quick Bites,"Vada, Coffee, Masala Dosa, Gulab Jamun, Roti, Idli, Tomato Soup","South Indian, North Indian, Chinese",400,Delivery,Basavanagudi
Bangalore Agarwal Bhavan,Yes,No,3.9/5,134,Jayanagar,Quick Bites,"Paratha, Coffee, Halwa, Lassi","Street Food, North Indian, South Indian",400,Delivery,Basavanagudi
Just Thindi,Yes,No,3.6/5,16,Basavanagudi,Quick Bites,,South Indian,200,Delivery,Basavanagudi
SLV Corner Restaurant,Yes,No,4.1/5,364,Basavanagudi,Casual Dining,"Masala Dosa, Filter Coffee, Maddur Vada, Curd Vadai, Onion Dosa, Upma, Sunday Breakfast","South Indian, Chinese, North Indian, Street Food, Rolls, Juices",550,Delivery,Basavanagudi
Tummy Fuel,Yes,No,4.2/5,449,Jayanagar,Cafe,"Sandwiches, Salads, Panipuri, Gol Gappe, Pizza Sandwich, Cheesy Pizza, Pancakes","Cafe, Beverages, Fast Food",400,Delivery,Basavanagudi
XO Belgian Waffle,Yes,No,3.9/5,56,Basavanagudi,Dessert Parlor,"Waffles, Nutella Waffle, Thick Shakes","Desserts, Beverages",400,Delivery,Basavanagudi
Kanti Sweets,Yes,No,3.9/5,148,Jayanagar,Quick Bites,"Rasmalai, Kaju Katli, Paratha, Pav Bhaji, Badam Milk, Rasgulla, Dhokla","Mithai, Street Food",400,Delivery,Basavanagudi
Firangi Bake,Yes,No,4.0/5,53,Banashankari,Delivery,"Minced Chicken Lasagne, Chicken Steak","Mexican, Italian",600,Delivery,Basavanagudi
Vinny's,Yes,Yes,4.2/5,2115,Banashankari,Casual Dining,"Pizza, Pasta, Garlic Bread, Nachos, Penne Alfredo, Mozzarella Sticks, Salad","Pizza, Italian, Continental, Desserts",800,Delivery,Basavanagudi
Pani Kum Chai,Yes,No,3.9/5,67,Jayanagar,Quick Bites,"Chai, Lemon Tea, Chicken Roll",Fast Food,200,Delivery,Basavanagudi
Mini Punjabi Dhaba,Yes,No,4.2/5,287,Banashankari,Quick Bites,"Panneer Butter Masala, Lassi, Paratha, Jeera Rice, Paneer Parantha, Bhindi Fry, Veg Kolhapuri",North Indian,350,Delivery,Basavanagudi
Matru Sagar,Yes,No,3.6/5,84,Banashankari,Quick Bites,"Coffee, Masala Dosa","South Indian, North Indian, Chinese",250,Delivery,Basavanagudi
Stories,Yes,Yes,4.2/5,2171,JP Nagar,"Pub, Casual Dining","Cocktails, Pizza, Fries, Pasta, Chicken Sizzler, Mocktails, Long Island Iced Tea","American, Chinese, Continental, North Indian",1200,,
 i was really happy about it and im sure you will be happy with that service too.'), ('Rated 4.0'," """"RATED\n  Stories is one of the most happening pubs in Bangalore. I went there with a group of friends for a relaxed lunch after my tests. The food was great! We ordered quite a lot ? but the service was slow and half the things weren't available. We got our beverages as soon as we ordered", while we were placing our order for the food. That imbalance kinda ruined a bit of our fun. But overall, this place is beautiful ? Good ambience and I really suggest you to visit there at least once, ('Rated 5.0', 'RATED\n  A decent place which serves great food.\nTried out their? corn on the cub-corn is simmered with milk,butter and spices. A unique concept. Loved it?\n?Peri peri melted fries?too yum ?\n?Chatpata paneer tikka. Fell in love with this dish it was lipsmacking.\n?Drinks especially their cocktails are recommended.\n? Zomato gold avail one plus one on food here.\n? Friendly staff.'), ('Rated 5.0'," """"RATED\n  Stories the name of brand...visit first with my sister located jp nagar ..start with ambience .ambience is really peacefull according to the Monday it's really awsem ambience rating 5/4 .now go to drinks.ll have bira white ", ('Rated 4.0'," """"RATED\n  Had been here on a saturday evening. Easily got table in spite of being a weekend which hardly happens in Bangalore. Place looked neat"
Lassi Shop,Yes,No,3.7/5,21,Basavanagudi,Beverage Shop,,"Beverages, Juices",100,Delivery,Basavanagudi
Tanna's Kitchen,Yes,No,3.1/5,7,Kumaraswamy Layout,Quick Bites,,"Italian, Chinese, Street Food",250,Delivery,Basavanagudi
Andhra Ruchulu,Yes,Yes,4.2/5,1428,JP Nagar,Casual Dining,"Paneer Tikka, Bhuna Gosht, Andhra Meal, Chicken Biryani, Chicken Guntur, Chicken Sholey Kebab, Andhra Biryani","Andhra, North Indian",800,Delivery,Basavanagudi
HOT COFFEE,Yes,No,4.1/5,70,Basavanagudi,Quick Bites,,"South Indian, Chinese",150,Delivery,Basavanagudi
Cake Chemistry,Yes,No,NEW,0,Jayanagar,Bakery,,"Bakery, Desserts",500,Delivery,Basavanagudi
Goli Vada Pav No. 1,Yes,No,3.7/5,93,Basavanagudi,Quick Bites,"Masala Vada Pav, Cheese Vada Pav, Fries",Street Food,200,Delivery,Basavanagudi
Savoury - Sea Shell Restaurant,Yes,Yes,3.9/5,1227,Bannerghatta Road,Casual Dining,"Shawarma, Biryani, Chicken Grill, Rolls, Tomato Soup, Haleem, Sea Food","Arabian, North Indian, Chinese, Seafood, Biryani, Rolls, Beverages",900,Delivery,Basavanagudi
Rajanna Military Hotel,Yes,No,4.1/5,164,Jayanagar,Quick Bites,"Biryani, Chicken Curry, Paya Soup, Paratha, Mutton Keema, Chicken Guntur, Pepper Chicken","Biryani, Fast Food",400,Delivery,Basavanagudi
Rustic Stove,Yes,No,3.8/5,577,Jayanagar,Casual Dining,"Vegetable Biryani, Pineapple Rasam, Cheese Garlic Naan, Potato Cheese Ball, Bamboo Chicken Biryani, Chicken Skewer, Fish","North Indian, South Indian, Biryani, Beverages",900,Delivery,Basavanagudi
Cafe Zone,Yes,No,3.9/5,149,Kumaraswamy Layout,Quick Bites,,"Fast Food, Chinese, Rolls",300,Delivery,Basavanagudi
Sri Sai 99 Variety Dosa,Yes,No,3.6/5,37,Jayanagar,Quick Bites,,South Indian,300,Delivery,Basavanagudi
Hotel New Karavali,Yes,No,3.8/5,133,Banashankari,Quick Bites,,"Mangalorean, South Indian, North Indian",300,Delivery,Basavanagudi
Donne Biryani & Kabab Corner,Yes,No,3.3/5,12,Kumaraswamy Layout,Quick Bites,,"Chinese, Biryani",200,Delivery,Basavanagudi
Shawarma Inc,Yes,No,3.1/5,31,Banashankari,Takeaway,,"Rolls, Lebanese",250,Delivery,Basavanagudi
Protein Grillhouse,Yes,Yes,4.2/5,166,Jayanagar,Casual Dining,"Rice Bowl, Salads, Burgers, Prawn, Pancakes, Salmon, Fish","Healthy Food, Continental, Juices, Salad, Burger, Beverages, Desserts",800,Delivery,Basavanagudi
Pizza Mane,Yes,No,3.5/5,32,Banashankari,Quick Bites,"French Fries, Burgers","Pizza, Sandwich, Burger, Fast Food",150,Delivery,Basavanagudi
Diabetics Dezire Sugarless Sweets and Bakes,Yes,No,3.3/5,13,Basavanagudi,"Dessert Parlor, Sweet Shop",,"Desserts, Mithai",300,Delivery,Basavanagudi
Sandwichwallas,Yes,No,3.9/5,104,Jayanagar,Quick Bites,"Garlic Bread, Sandwiches, Aloo Tikki Burger, Club Sandwich, White Sauce Pasta, Garlic Rice",Fast Food,200,Delivery,Basavanagudi
Old Mumbai Ice Cream,Yes,No,3.9/5,38,Banashankari,Dessert Parlor,Friendly Staff,Ice Cream,150,Delivery,Basavanagudi
Shakes Theory,Yes,No,4.5/5,155,Jayanagar,Beverage Shop,"Sandwiches, Thick Shakes, Paan Shake, Brownie Bomb, Spinach Corn Sandwich, Peri Peri Fries, Paneer Peri Peri","Beverages, Sandwich",300,Delivery,Basavanagudi
Punjabi by Nature 2.0,Yes,Yes,4.2/5,3227,BTM,"Casual Dining, Microbrewery","Paneer Tikki, Mutton Raan, Mango Margarita, Craft Beer, Lamb, Kulcha, Kheer",North Indian,1600,,
 ('Rated 5.0', 'RATED\n  A perfect place to hang out and sit with friends, staffs ambience, food as well as the drinks all of them are too good, the price charged is worth the service.\nGuru is the best service person,one must try their dal makhani.'), ('Rated 5.0', 'RATED\n  Totally mind blowen by the ambience of this place. It might seem relatively simple from the outside but, you donÃƒÂƒ\x83ÃƒÂ‚\x83ÃƒÂƒ\x82ÃƒÂ‚\x82ÃƒÂƒ\x83ÃƒÂ‚\x82ÃƒÂƒ\x82ÃƒÂ‚\x92t know what it has in store for you unless you enter the place.\nA place becomes great not only by offering good food but, service plays a huge role in it. The staff is very cooperative and courteous. They happily arranged for candle light on request and helped me in making the entire experience special. I wouldnÃƒÂƒ\x83ÃƒÂ‚\x83ÃƒÂƒ\x82ÃƒÂ‚\x82ÃƒÂƒ\x83ÃƒÂ‚\x82ÃƒÂƒ\x82ÃƒÂ‚\x92t say the food is great but, iÃƒÂƒ\x83ÃƒÂ‚\x83ÃƒÂƒ\x82ÃƒÂ‚\x82ÃƒÂƒ\x83ÃƒÂ‚\x82ÃƒÂƒ\x82ÃƒÂ‚\x92d suggest one should sit by the mini waterfall that is there, with a glass of beer that is freshly brewed in their in house brewery and
Peace Restaurant,Yes,No,2.8/5,109,Shanti Nagar,Casual Dining,"Thukpa, Hakka Noodles","Chinese, Tibetan",500,Delivery,Basavanagudi
Bhojohori Manna,Yes,No,3.7/5,662,JP Nagar,Casual Dining,"Fish, Kosha Mangsho, Mishti Doi, Aam Panna, Prawn, Nolen Gurer Ice Cream, Luchi","Bengali, Mughlai",650,Delivery,Basavanagudi
Pin Me Down,Yes,Yes,4.5/5,784,BTM,Casual Dining,"Paneer Tikka, Chowmein, Pizza, Mocktails, Tandoori Aloo, Pasta Alfredo, Murgh Patiala","Continental, Mexican, Chinese, North Indian",800,,
 it was water I would say. Their Rajasthani tokri was nice and tandoori paneer also. But overall food was bad.\nI'm giving 2 star to them coz, they gave us the private space where all our friends could play the music of our own Choice and dance without any disturbance. But if you're looking from a good perspective," it Wasn't great."""")", ('Rated 4.0', 'RATED\n  A friendly musical environment with the sporty ambience. Pizza is delightful. They should work on their indian dishes. Also the place is apt for hookah lovers. Try it once as it will not dwell deep into your pocket. They should improve somewhat on their service also. Rest everything was amazing.')," """"RATED\n  I had this restaurant on my bucket list for a while because its a fancy looking one.\nI was pretty excited to be here because of the ambience from the outside.\nComing to the food", it's mostly indian preparations with a little twist for most of the dishes.\nI ordered the chicken taka tak pizza which is basically a basic Margherita topped with succulent pieces of indian style chicken tikkas.\nThe cheese however cooled down really quick and became rubbery which was a little disappointing.\nNext was the Keema pav," delicious minced mutton and 5 PC's of bread brushed with butter."""")", ('Rated 5.0', 'RATED\n  Bakasura, north indian all at one place.\nFood is good, Its a gold outlet
Swathi Deluxe Restaurant,Yes,No,3.0/5,73,Shanti Nagar,Casual Dining,"Biryani, Chicken Kebab, Andhra Meal, Lime Soda",North Indian,500,Delivery,Basavanagudi
Ishta Cafe,Yes,No,3.9/5,40,Jayanagar,Quick Bites,,"Pizza, South Indian, Healthy Food",500,Delivery,Basavanagudi
Bikaner Jn,Yes,No,3.9/5,85,JP Nagar,Quick Bites,"Thali, Dhokla, Samosa, Poha, Club Kachori, Paratha, Tea",Rajasthani,300,Delivery,Basavanagudi
Chilli Flakes,Yes,No,3.6/5,46,Banashankari,Quick Bites,,"Fast Food, Italian, Beverages",500,Delivery,Basavanagudi
Chetty's Corner,Yes,No,3.6/5,21,Jayanagar,Quick Bites,,"Fast Food, Burger",150,Delivery,Basavanagudi
Pathaan Sir,Yes,No,3.2/5,33,Bannerghatta Road,Quick Bites,,"Fast Food, Rolls, Momos",250,Delivery,Basavanagudi
Cake Ghar,Yes,No,3.8/5,15,Basavanagudi,Bakery,,Bakery,400,Delivery,Basavanagudi
Cakewala,Yes,No,4.3/5,659,Jayanagar,Dessert Parlor,"Khara Bun, Mousse, Veg Puff, Rich Chocolate Cake, Fruit Cake, Chocolate Truffle, Rolls","Bakery, Desserts",500,Delivery,Basavanagudi
The Belgian Waffle Co.,Yes,No,3.8/5,152,Jayanagar,Dessert Parlor,Waffles,"Desserts, Beverages",350,Delivery,Basavanagudi
Mystique Palate,Yes,No,4.1/5,337,Jayanagar,Quick Bites,"Noodles, Pasta, Schezwan Momos, Chicken Momo, Teriyaki Chicken, Thukpa, Fries","Chinese, Fast Food",300,Delivery,Basavanagudi
Cake Paradise,Yes,No,,0,Jayanagar,Bakery,,"Bakery, Desserts",350,Delivery,Basavanagudi
UP Style North Indian Food,Yes,No,3.6/5,46,Jayanagar,"Takeaway, Delivery",,North Indian,100,Delivery,Basavanagudi
Namma Biryani,Yes,No,3.6/5,24,Banashankari,Quick Bites,,"Biryani, Chinese, North Indian",250,Delivery,Basavanagudi
Cool Corner,Yes,No,4.2/5,191,Basavanagudi,Quick Bites,"Masala Dosa, Sandwiches, Coffee, Onion Dosa, Rava Dosa, Chaat, Sandwich","Street Food, Fast Food",250,Delivery,Basavanagudi
Wat-a-Burger!,Yes,No,4.0/5,108,Jayanagar,Quick Bites,"Burgers, Tea, Ferrero Rocher, Sandwich, French Fries","Burger, Sandwich, Beverages",500,Delivery,Basavanagudi
Right Pizza,Yes,No,NEW,0,Basavanagudi,Quick Bites,,Pizza,300,Delivery,Basavanagudi
Roll Over,Yes,No,4.1/5,438,Jayanagar,Dessert Parlor,"Rolls, Ice Cream Roll, Paan Ice Cream, Coffee, Vanilla Ice Cream, Chocolate Icecreams, Mississippi Mudpie","Desserts, Ice Cream, Beverages, Fast Food, Sandwich",500,Delivery,Basavanagudi
Sri Sai Cafe,Yes,No,3.5/5,10,Basavanagudi,Quick Bites,,South Indian,200,Delivery,Basavanagudi
Cake Yard,Yes,No,3.3/5,9,Basavanagudi,Dessert Parlor,,Desserts,250,Delivery,Basavanagudi
Classic Shop,Yes,No,3.7/5,11,BTM,Beverage Shop,,"Beverages, Juices",150,Delivery,Basavanagudi
Rajastani Rasoi,Yes,No,,0,Basavanagudi,Quick Bites,,North Indian,100,Delivery,Basavanagudi
Food And You,Yes,No,3.9/5,33,BTM,Quick Bites,,"North Indian, South Indian, Gujarati",350,Delivery,Basavanagudi
Iyengar Bakery,Yes,No,3.6/5,27,Jayanagar,"Bakery, Quick Bites",,"Bakery, Fast Food, Desserts, Beverages",200,Delivery,Basavanagudi
All Aromas,Yes,No,NEW,0,Jayanagar,Quick Bites,,"North Indian, Biryani",400,Delivery,Basavanagudi
Inchara Restaurant,Yes,No,,0,Basavanagudi,Quick Bites,,"North Indian, Chinese",300,Delivery,Basavanagudi
Vakulaa Veg Restaurant,Yes,No,3.9/5,49,Jayanagar,Quick Bites,"Masala Dosa, Coffee, Pongal, Tea, Bonda","South Indian, North Indian",200,Delivery,Basavanagudi
Paradise Premium,Yes,No,3.1/5,119,Banashankari,Casual Dining,,"Biryani, Andhra, Hyderabadi, North Indian",700,Delivery,Basavanagudi
Ande Ka Funda,Yes,No,3.8/5,120,Banashankari,Quick Bites,,"North Indian, Fast Food, Rolls",250,Delivery,Basavanagudi
McDonald's,Yes,No,3.6/5,276,Basavanagudi,Quick Bites,"Burgers, Fries, Schezwan Burger, Maharaja Mac","Burger, Fast Food",500,Delivery,Basavanagudi
Malabar Bay,Yes,Yes,4.2/5,1539,BTM,Casual Dining,"Panneer Butter Masala, Chicken Tikka, Mutton Curry, Paneer Tikka, Appam, Roast Chicken, Kerala Parotta","Kerala, Seafood, Chinese, Biryani, Juices",800,Delivery,Basavanagudi
Sahana's (Nati Style),Yes,No,3.7/5,47,Wilson Garden,Quick Bites,,North Indian,350,Delivery,Basavanagudi
Eurasia Pasta and Barbeque by Little Italy,Yes,Yes,4.1/5,1063,Jayanagar,"Casual Dining, Bar","Pasta, Pizza, Nachos, Gelato, Ravioli, Jalapeno Poppers, Cocktails","Italian, Fast Food, Salad, BBQ",1200,Delivery,Basavanagudi
Cafe Coffee Day,Yes,No,3.4/5,15,Banashankari,Cafe,,"Cafe, Fast Food",900,Delivery,Basavanagudi
Turkish Shawarma,Yes,No,3.6/5,21,BTM,"Takeaway, Delivery",,Rolls,200,Delivery,Basavanagudi
Donne Biriyani combos,Yes,No,,0,Kumaraswamy Layout,Casual Dining,,Biryani,400,Delivery,Basavanagudi
Swadd Kitchen,Yes,No,3.4/5,4,Basavanagudi,Casual Dining,,"North Indian, Fast Food",500,Delivery,Basavanagudi
Canton,Yes,No,3.6/5,195,Jayanagar,Casual Dining,"Roast Pork, Tai Pai Chicken, Beer, Sweet Corn Chicken Soup, Masala Peanuts, Chinese Chop Suey, Chicken Lollipop","Chinese, Seafood, Biryani",800,Delivery,Basavanagudi
Pure & Natural,Yes,No,3.9/5,211,Jayanagar,Casual Dining,"Salads, Sandwiches, Pasta, Mocktails, Corn Sandwich, Garden Salad, Miso Salad","Fast Food, Continental, Beverages, Salad, Healthy Food",500,Delivery,Basavanagudi
Stoned Monkey,Yes,No,4.3/5,860,Banashankari,Dessert Parlor,"Nachos, Cup Cake, Hot Chocolate Fudge, Salsa, Cheesy Garlic Bread, Waffles, Tiramisu","Desserts, Ice Cream",500,Delivery,Basavanagudi
Cravy Wings,Yes,No,4.2/5,289,Bannerghatta Road,Quick Bites,"Burgers, Chicken Popcorn, Peri Peri Chicken, Wings, Peri Peri Burger, Fries, Crunchy Veg Burger","American, Burger, Fast Food",400,Delivery,Basavanagudi
Dakshin Grand,Yes,No,3.0/5,82,Banashankari,Quick Bites,,"South Indian, North Indian, Chinese, Street Food",300,Delivery,Basavanagudi
The Samosa Co,Yes,No,,0,Jayanagar,Quick Bites,,"Fast Food, Mithai",200,Delivery,Basavanagudi
Frozen Bottle,Yes,No,4.2/5,146,Banashankari,Beverage Shop,"Berryblast, Waffles, Cheesecake, Salted Caramel","Beverages, Desserts, Ice Cream",400,Delivery,Basavanagudi
Soup Station,Yes,No,3.6/5,10,Bannerghatta Road,Quick Bites,,Continental,250,Delivery,Basavanagudi
Ambur Biryani,Yes,No,,0,Koramangala 8th Block,Quick Bites,,Biryani,200,Delivery,Basavanagudi
Pancuzzi,Yes,No,4.2/5,169,JP Nagar,Cafe,"Waffles, Burgers, Masala Fries, Crunchy Veg Burger, Tiramisu, Chocolate Pancakes, Oreo Shake","Cafe, Beverages, Desserts",600,Delivery,Basavanagudi
Meat And Eat,Yes,No,3.1/5,10,Banashankari,Quick Bites,,"Fast Food, Burger",500,Delivery,Basavanagudi
Asha Sweets Centre,Yes,No,3.6/5,27,Basavanagudi,Dessert Parlor,,Fast Food,250,Delivery,Basavanagudi
Ross Kitchen,Yes,No,3.6/5,21,BTM,Delivery,,Chinese,400,Delivery,Basavanagudi
Sandwich Hub,Yes,No,3.4/5,12,Jayanagar,Quick Bites,,"Fast Food, Sandwich",300,Delivery,Basavanagudi
Ambur Star Dum Biryani,Yes,No,3.4/5,17,Jayanagar,Quick Bites,,Biryani,100,Delivery,Basavanagudi
Fanoos Xprss,Yes,No,3.7/5,53,Jayanagar,Quick Bites,,"Arabian, Rolls, North Indian, BBQ",400,Delivery,Basavanagudi
Khan Saheb Grills and Rolls,Yes,No,3.9/5,134,Jayanagar,Quick Bites,"Rolls, Biryani, Mutton Seekh, Egg Roll, Chicken Tikka, Chicken Roll","Fast Food, Rolls",350,Delivery,Basavanagudi
Desi Vdesi,Yes,No,3.9/5,113,Shanti Nagar,Quick Bites,"Rolls, Burgers, Sandwiches, Nachos, Sweet Lassi, Fries, Methi Paratha","Fast Food, North Indian, Rolls",250,Delivery,Basavanagudi
Bhavani Chats N Juice,Yes,No,3.9/5,91,Jayanagar,Quick Bites,"Chaat, Aloo Tikki, Dabeli, Panipuri, Pav Bhaji, Vada Pav, Masala Poori","Beverages, Street Food",200,Delivery,Basavanagudi
Chai Mane,Yes,No,3.6/5,20,Basavanagudi,Quick Bites,,"Juices, Fast Food",150,Delivery,Basavanagudi
Chumma Delicious,Yes,No,3.7/5,237,Banashankari,Quick Bites,Chicken Biryani,"South Indian, Fast Food",200,Delivery,Basavanagudi
LIT Gastro Pub,Yes,Yes,3.8/5,197,Jayanagar,Pub,"Mocktails, Cocktails, Beer, Hot Wings, Pasta","Chinese, Continental, Burger, Pizza",1000,Delivery,Basavanagudi
Catch-up-ino,Yes,No,3.9/5,133,Banashankari,Cafe,"Momos, Mushroom Bruschettas, Jalapeno Cheeseballs, Pasta, Red Velvet Shake, Red Velvet Milkshake, Maggi","Cafe, Fast Food, Continental, Chinese, Momos",800,Delivery,Basavanagudi
Bake Addiction,Yes,No,4.0/5,90,JP Nagar,Bakery,"Cup Cake, Swiss Roll","Bakery, Desserts",500,Delivery,Basavanagudi
Cocoa Bakes,Yes,No,,0,Jayanagar,Bakery,,"Bakery, Desserts",350,Delivery,Basavanagudi
Go Native,Yes,Yes,4.3/5,1252,Jayanagar,"Casual Dining, Cafe","Mushroom Soup, Salads, Halwa, Thali, Salad, Millet Pizza, Misal Pav","Healthy Food, Cafe, Beverages",800,,
\nThank you.'), ('Rated 4.0', 'RATED\n  Awesome ambience, fun shopping and tasty food Good place for garden lovers.\nMangalore Buns - Fried wheat and Banana bread served with coconut chutney.\nLove the service and staff is customer-friendly'), ('Rated 4.0', in ambiance and in food as well. Pretty interesting preparation of dishes. Fusion kinds. They have innovated with a lot of regular dishes which makes it interesting.\nRecommend!'), ('Rated 5.0'," """"RATED\n  It's a vibrant place with good", healthy, comfort food. Food is definitely a 5/5. It's clean, the place is very lively.\n\nTheir menu is quite interesting with most dishes having a combination of many local ingredients," paired very differently. Definitely gonna make a second visit."""")"
Rooftop Cafe,Yes,No,4.1/5,796,Jayanagar,Cafe,"Pizza, Nachos, Rolls, Veggie Roll, Sandwiches, Burgers, Mango Shake","Cafe, Fast Food, Beverages",400,Delivery,Basavanagudi
San Churro Cafe,Yes,No,3.8/5,918,Banashankari,"Cafe, Casual Dining","Churros, Cannelloni, Minestrone Soup, Hot Chocolate, Pink Sauce Pasta, Salsa, Veg Supreme Pizza","Cafe, Mexican, Italian",800,Delivery,Basavanagudi
Karavali Kolimane,Yes,No,3.7/5,28,Wilson Garden,Quick Bites,,"Mangalorean, Chinese, North Indian",350,Delivery,Basavanagudi
Sukh Sagar,Yes,No,3.8/5,155,Jayanagar,Casual Dining,"Pav Bhaji, Chaat, Sandwiches, Coffee, Noodles, Masala Dosa, Roti","South Indian, North Indian, Chinese, Street Food",450,Delivery,Basavanagudi
Durga Sagar,Yes,No,3.3/5,8,Shanti Nagar,Quick Bites,,South Indian,150,Delivery,Basavanagudi
Steaming Mugs,Yes,No,3.9/5,240,Basavanagudi,Cafe,"Fries, Oreo Shake, Pasta Arrabiata",Cafe,700,Delivery,Basavanagudi
Jayanagara Donne Biryani,Yes,No,3.6/5,60,Jayanagar,Quick Bites,,"Biryani, South Indian",400,Delivery,Basavanagudi
Bakers Town,Yes,No,3.6/5,41,BTM,Cafe,"Fries, Pasta, Chicken Burger, Sandwich, Burgers, Monster Burger","Cafe, Continental, Fast Food",700,Delivery,Basavanagudi
Anda Ka Funda,Yes,No,3.4/5,89,Jayanagar,Quick Bites,,"North Indian, Chinese, Rolls",250,Delivery,Basavanagudi
Juice Junction Food Court,Yes,No,3.7/5,57,Basavanagudi,Quick Bites,,"Juices, South Indian, Chinese, Fast Food",200,Delivery,Basavanagudi
Domino's Pizza,Yes,No,3.7/5,217,Wilson Garden,Quick Bites,Pizza,"Pizza, Fast Food",800,,
Delivery,Basavanagudi,,,,,,,,,,
Big Mishra Pedha,Yes,No,2.9/5,23,Jayanagar,Sweet Shop,,Mithai,250,Delivery,Basavanagudi
South Cool Point,Yes,No,,0,Basavanagudi,Dessert Parlor,,Beverages,100,Delivery,Basavanagudi
Amande Patisserie,Yes,No,4.0/5,73,Basavanagudi,Bakery,"Macaroon, Mousse, Caramel Eclair","Bakery, French, Desserts",300,Delivery,Basavanagudi
S M V Snacks Corner,Yes,No,3.7/5,33,Basavanagudi,Quick Bites,,Fast Food,200,Delivery,Basavanagudi
Kaapi Kendra,Yes,No,3.7/5,14,Jayanagar,Quick Bites,,South Indian,100,Delivery,Basavanagudi
Ice Cream Works,Yes,No,4.1/5,192,Jayanagar,Dessert Parlor,"Paan Ice Cream, Madagascar Chocolate, Faluda, Cheesecake, Bubble Gum Ice Cream","Desserts, Ice Cream",300,Delivery,Basavanagudi
Sri Rajasthani Foods,Yes,No,3.5/5,9,JP Nagar,Quick Bites,,"Rajasthani, North Indian",200,Delivery,Basavanagudi
Sandwich Mama's And Frozen Monster,Yes,No,3.8/5,53,Jayanagar,Quick Bites,"Waffles, Sandwiches, Maggi, Thick Shakes, Chocolate Sandwich","Ice Cream, Beverages, Fast Food",250,Delivery,Basavanagudi
Sreeraj Lassi Bar,Yes,No,3.9/5,61,Shanti Nagar,Beverage Shop,"Fruit Lassi, Sweet Lassi, Kulfi, Banana Split","Beverages, Desserts",150,Delivery,Basavanagudi
Mangalore Pearl,Yes,No,3.8/5,242,Jayanagar,Casual Dining,"Neer Dosa, Sea Food, Ghee Rice, Marwai Sukka, Egg Biryani, Kori Roti, Thai Fish","Mangalorean, Seafood, Chinese, Biryani",650,Delivery,Basavanagudi
Rajathadri Food Fort,Yes,No,4.0/5,465,Jayanagar,Casual Dining,"Butter Naan, Filter Coffee, Pav Bhaji, Vada, Babycorn Manchurian, Tea, Paneer Tikka Masala","South Indian, North Indian, Chinese, Street Food",600,Delivery,Basavanagudi
Penthouse Cafe,Yes,No,4.0/5,324,Banashankari,Cafe,"Pizza, Mocktails, Coffee, Nachos, Salad, Pasta, Sandwiches","Cafe, Italian, Continental",700,,
 service was sluggish as they took too long to prepare the dishes though there only a few in the cafÃƒÂƒ\x83ÃƒÂ‚\x83ÃƒÂƒ\x82ÃƒÂ‚\x83ÃƒÂƒ\x83ÃƒÂ‚\x82ÃƒÂƒ\x82ÃƒÂ‚Ã‚Â©. I hope they get good experience out of this and improve in future.\nTaste 3.5/5\nHygiene 3.5/5\nPrice 3/5\nAmbience 2/5\nServing size 3/5\nService 3/5'), ('Rated 4.0', 'RATED\n  Amazing cafe,\nTop floor, no outdoor seating.\nFood is delicious, a nice place to give a try.'), ('Rated 1.0', 'RATED\n  Located opposite to wildcraft store..this place is on the 4th floor.\nThe ambience is not good..feels very congested.\nWell for starters, we had nachos cheese salsa which was okay. We ordered some garlic bread with cheese. A complete disappointment as it just had some processed cheese and the bread was dipped in ghee.\nWe ordered some chicken Alfredo hoping it would be better but to our disappointment, it turned out worse than the garlic bread. The Kentucky killing pizza was the worst dish ever made. Hot chocolate was quite good. Lychee punch was okay. Rest was horrible. This place does not even have a proper place for hand wash.\nFood-1/5\nService and staff-2/5\nAmbience-1/5\nHope they really improve.'), as we were really hungry... We ordered a pasta and a pizza...both were quite average I dint like it that much, they need a little bit of improvement... Service was pretty okay it is rooftop cafe 
Lalbagh Grand,Yes,No,3.0/5,22,Basavanagudi,Quick Bites,,"South Indian, North Indian, Chinese",250,Delivery,Basavanagudi
Rahhams,Yes,No,2.6/5,307,Shanti Nagar,Casual Dining,"Mutton Biryani, Shawarma, Mutton Chops, Pahadi Kebab, Chicken Kebab, Mango Shake, Rolls","Mughlai, North Indian, Chinese",700,Delivery,Basavanagudi
Udupi Upachar,Yes,No,3.3/5,6,Banashankari,Quick Bites,,"South Indian, North Indian",500,Delivery,Basavanagudi
Baskin Robbins,Yes,No,3.6/5,25,Jayanagar,Dessert Parlor,,"Ice Cream, Desserts",250,Delivery,Basavanagudi
The Good Bowl,Yes,No,NEW,0,Basavanagudi,"Takeaway, Delivery",,North Indian,500,Delivery,Basavanagudi
Shree Mahalakshmi Sweets,Yes,No,3.2/5,8,Banashankari,Sweet Shop,,"Mithai, Street Food",100,Delivery,Basavanagudi
Hushy's Kitchen,Yes,No,3.5/5,58,Shanti Nagar,Quick Bites,,Fast Food,300,Delivery,Basavanagudi
Magic Meals,Yes,No,3.7/5,47,Jayanagar,"Quick Bites, Dessert Parlor","Biryani, Thick Shakes, Fries","Fast Food, Desserts, Beverages",400,Delivery,Basavanagudi
Cafe Shuffle,Yes,Yes,4.2/5,150,Banashankari,Cafe,"Mocktails, Peri Fries, Lasagne, Pizza, Chicken Bbq Wings, Virgin Mojito, Nachos","Cafe, Italian, Continental",600,Delivery,Basavanagudi
Tandoori Knight,Yes,No,3.0/5,290,Banashankari,Quick Bites,"Chicken Grill, Biryani, Roti, Chicken Masala","North Indian, Chinese, Biryani, Kebab",450,Delivery,Basavanagudi
Shreyas Upahar & Burger Point,Yes,No,3.0/5,7,Basavanagudi,Quick Bites,,"South Indian, Burger",200,Delivery,Basavanagudi
The Cake City,Yes,No,3.2/5,4,Shanti Nagar,"Quick Bites, Bakery",,"Chinese, Continental, Desserts, Bakery",300,Delivery,Basavanagudi
Bubblewrap Waffle Co.,Yes,No,4.4/5,356,Jayanagar,Dessert Parlor,"Pizza Waffles, Sandwich, Hot Chocolate, Fries, Marshmallow, Cheesecake, Nutella Shake","Desserts, Beverages",400,Delivery,Basavanagudi
Waffle Stories,Yes,No,4.2/5,249,Jayanagar,Dessert Parlor,"Choco Blast Waffles, Coffee, Nitrogen Ice Cream, Brownie Sundae, Nutella Waffle, Kitkat Waffles, Brownie Waffle","Desserts, Beverages",300,Delivery,Basavanagudi
Grillopia,Yes,No,3.8/5,82,BTM,Quick Bites,"Burgers, Fries, Wood Fire Pizza","Burger, Pizza, Fast Food",1000,Delivery,Basavanagudi
Cross Road Cafe,Yes,No,3.9/5,91,Jayanagar,Cafe,"Momos, Burgers, Rolls, Sandwich, Hot Chocolate, Tea, Naga Thali","Cafe, Fast Food, Chinese",300,Delivery,Basavanagudi
SLV Ragigudda,Yes,No,NEW,0,Jayanagar,Quick Bites,,"South Indian, Indian",400,Delivery,Basavanagudi
Pizza Stop,Yes,No,3.8/5,164,Basavanagudi,Quick Bites,"Pizza, White Sauce Pasta, Masala Garlic Bread","Pizza, Italian",600,Delivery,Basavanagudi
Kolkata King,Yes,No,3.4/5,6,Basavanagudi,Quick Bites,,"Fast Food, Rolls",300,Delivery,Basavanagudi
North Rasoe,Yes,No,3.1/5,5,Kumaraswamy Layout,Casual Dining,,"North Indian, Chinese, Biryani, Kebab",500,Delivery,Basavanagudi
Ruchi's Corner,Yes,No,2.7/5,123,Banashankari,Quick Bites,,Fast Food,200,Delivery,Basavanagudi
Naati Manae,Yes,No,3.1/5,10,JP Nagar,Food Court,,"South Indian, Biryani",500,Delivery,Basavanagudi
Hotel Empark,Yes,No,3.4/5,16,Wilson Garden,Casual Dining,,"Chinese, North Indian, Arabian",800,Delivery,Basavanagudi
Swadesh Tadka,Yes,No,3.5/5,179,Banashankari,Casual Dining,"Gulab Jamun, Roti, Masala Papad, Babycorn Manchurian, Paratha, Clear Soup, Biryani","North Indian, Chinese, Beverages",600,Delivery,Basavanagudi
Lassi Stop,Yes,No,3.4/5,12,Banashankari,"Beverage Shop, Quick Bites",,"Beverages, Fast Food, Juices",150,Delivery,Basavanagudi
The Chocolate Room,Yes,No,3.9/5,153,JP Nagar,Food Court,"Brownie, Coffee, Hot Chocolate, Garlic Pops, Chocolate Waffles, Chocolate Avalanche","Cafe, Desserts",400,Delivery,Basavanagudi
Navami,Yes,No,3.5/5,79,Jayanagar,Casual Dining,"Biryani, Fried Rice Chicken","Andhra, North Indian, Chinese, Mangalorean, Seafood, Biryani",600,Delivery,Basavanagudi
Sri Guru Kottureshwara Davangere Benne Dosa,Yes,No,4.1/5,558,Basavanagudi,Quick Bites,"Benne Dosa, Mirchi Bajji, Filter Coffee, Poha, Tea, Butter Dosa, Crispy Dosa",South Indian,150,Delivery,Basavanagudi
Ibaco,Yes,No,4.0/5,197,Banashankari,Dessert Parlor,"Brownie, Belgium Chocolate, Tiramisu, Ice Cream Sundae",Desserts,300,,
 ('Rated 3.5'," """"RATED\n  After having dinner at Jalsa", we had to fulfill our sweet tooth demands, so we headed on to Ibaco. First feeling - the place is very hot, no AC and not even a fan! There are sufficient options available in ice creams as well as toppings. Staff is not good, Belgian Chocoholic and Caramello with different choc. toppings. Caramello with chocolate fudge was the best among them. The other two were ordinary ones," nothing great. Prices are bit high if that is the taste and service."""")", ('Rated 3.5', 'RATED\n  A small but brilliant place. Ive never seen the amount of flavours and toppings ibaco has to offer. their ingridients are the finest of the finest.A little pricey but once in a while ok to have it.'), ('Rated 4.0', but this visit changed my perception. Ibaco has progressed leaps and bounds!\n\nThis one at Banshankari, it seems like a newly opened outlet. The interiors are nicely done
Toscano,Yes,Yes,4.3/5,1129,Jayanagar,Casual Dining,"Pizza, Pasta, Salads, Calamari, Ravioli, Pumpkin Soup, Wine","Italian, Salad",1300,Delivery,Basavanagudi
Shringar Sweets & Snacks,Yes,No,3.5/5,11,Basavanagudi,"Sweet Shop, Quick Bites",,"Mithai, South Indian, Street Food, Fast Food",200,Delivery,Basavanagudi
Utsav Restaurant,Yes,No,3.8/5,61,Banashankari,Quick Bites,,"North Indian, Chinese",300,Delivery,Basavanagudi
Hatti Kaapi,Yes,No,4.0/5,89,Jayanagar,Quick Bites,"Filter Coffee, Tea, Hot Coffee, Hatti Samosa","South Indian, Beverages",200,Delivery,Basavanagudi
Havmor,Yes,No,3.8/5,21,Basavanagudi,Dessert Parlor,,"Ice Cream, Desserts",200,Delivery,Basavanagudi
The Pizzeria,Yes,No,2.8/5,45,Banashankari,Casual Dining,Pesto Pizza,"Pizza, Italian, Salad",800,Delivery,Basavanagudi
Karavali Family Restaurant,Yes,No,3.5/5,90,Jayanagar,Casual Dining,,"Seafood, Biryani, South Indian, North Indian, Chinese",500,Delivery,Basavanagudi
Little Cafe,Yes,No,3.7/5,54,Basavanagudi,Cafe,"Pasta, Pizza, Burgers, Pancakes, Garlic Bread","Cafe, Beverages",600,Delivery,Basavanagudi
Bangarpet Chat Express,Yes,No,3.3/5,6,Basavanagudi,Quick Bites,,"Street Food, Fast Food",100,Delivery,Basavanagudi
Salut,Yes,Yes,4.1/5,442,Jayanagar,"Pub, Casual Dining","Pesto Pizza, Buffalo Wings, Cocktails, Beer, Egg Ghee Roast, Brownie, Pepper Chicken","Continental, Finger Food, Seafood, Pizza",1200,Delivery,Basavanagudi
Aadhya Hotel,Yes,No,3.3/5,5,Basavanagudi,"Casual Dining, Bar",,"South Indian, North Indian, Chinese, Biryani",800,Delivery,Basavanagudi
Sri Krishna Sweets,Yes,No,3.7/5,22,Basavanagudi,Sweet Shop,,"Mithai, Desserts",250,Delivery,Basavanagudi
Thyme & Whisk,Yes,No,NEW,0,Jayanagar,Casual Dining,"Pizza, Momos, Brownie, Pasta, Nachos, Waffles, Onion Rings","Asian, Chinese, Continental, Italian",800,Delivery,Basavanagudi
Quench & Crunch,Yes,No,3.6/5,21,Shanti Nagar,Beverage Shop,,"Beverages, Fast Food",150,Delivery,Basavanagudi
Shake It Off,Yes,No,4.4/5,659,Jayanagar,"Beverage Shop, Quick Bites","Paneer Sandwich, Sandwiches, Burgers, Momos, Maggi, Ferrero Rocher Shake, Thick Shakes","Beverages, Fast Food",600,Delivery,Basavanagudi
Xpress Chai,Yes,No,3.7/5,30,BTM,Beverage Shop,,Tea,150,Delivery,Basavanagudi
Cafe Ajfan,Yes,No,4.2/5,261,Jayanagar,Cafe,"Sandwiches, Pasta, Cobb Salad, Pizza, Burgers, Calzone, Fries","Cafe, Continental, Beverages",700,Delivery,Basavanagudi
Kettle & Kegs,Yes,No,3.2/5,6,Banashankari,Delivery,,"Tea, Beverages",200,Delivery,Basavanagudi
Curry Leaves,Yes,No,4.1/5,176,Basavanagudi,Casual Dining,"Brownie, Mojito, Prawn Ghee Roast, Corn Tikki, Mushroom Ghee Roast, Pinacolada, Biryani","Andhra, North Indian, Chinese",800,Delivery,Basavanagudi
Thanco's Natural Ice Cream,Yes,No,3.6/5,69,Basavanagudi,Dessert Parlor,,"Ice Cream, Desserts",450,Delivery,Basavanagudi
Cane-O-La,Yes,No,3.8/5,61,Basavanagudi,Quick Bites,"Sugarcane Juice, Popcorn",Juices,100,Delivery,Basavanagudi
Ruchis Point,Yes,No,3.8/5,75,Banashankari,Quick Bites,"Sandwiches, Noodles, Sandwich","Fast Food, Chinese",200,Delivery,Basavanagudi
Mudpipe Cafe,Yes,Yes,4.5/5,1872,BTM,Cafe,"Chaat, Nachos, Peri Peri Pizza, Wedges, Milk Shake, Pink Lemonade, Pasta","Cafe, Continental, Burger",900,Delivery,Basavanagudi
Karavali Grand,Yes,No,3.7/5,25,Koramangala 5th Block,Casual Dining,,"Mangalorean, Seafood, North Indian, Chinese",600,Delivery,Basavanagudi
Chai Kraft,Yes,No,4.1/5,30,Jayanagar,Beverage Shop,"Masala Chai, Coffee, Masala Tea, Maggi","Beverages, Tea",100,Delivery,Basavanagudi
Vietnamese Kitchen,Yes,No,3.6/5,105,Banashankari,Casual Dining,"Pho, Papaya Salad, Coffee, Veg Momos, Rolls",Vietnamese,700,Delivery,Basavanagudi
Udupi Grand,Yes,No,3.8/5,74,Basavanagudi,Quick Bites,"Coffee, Masala Dosa, Vegetable Biryani","South Indian, North Indian, Chinese",300,Delivery,Basavanagudi
The Krishna Grand Xpress,Yes,No,4.0/5,136,Jayanagar,Quick Bites,"Vada, Masala Dosa, Idli","South Indian, Fast Food",350,Delivery,Basavanagudi
City Durbar,Yes,No,3.7/5,71,Jayanagar,Casual Dining,"Chicken Grill, Ghee Rice","North Indian, Chinese, Biryani",450,Delivery,Basavanagudi
World of Waffles,Yes,No,3.9/5,178,JP Nagar,Dessert Parlor,"Waffles, Nutella Pancakes, Nutella Waffle, Mexican Fries, Chocolate Overload, Chocolate Fondue, Ferrero Rocher",Desserts,400,Delivery,Basavanagudi
Just Bunny,Yes,No,3.5/5,11,Jayanagar,Quick Bites,,Fast Food,200,Delivery,Basavanagudi
Chinese House,Yes,No,2.8/5,19,Jayanagar,Quick Bites,,"Chinese, Thai, Momos",300,Delivery,Basavanagudi
Ragoo's,Yes,No,3.9/5,233,Jayanagar,Casual Dining,"Corn Augratin, Lasagne, Fries, Garlic Bread, Pili Pili Pizza, Mexican Rice, Ravioli","Italian, Pizza, North Indian, Salad",800,Delivery,Basavanagudi
Nammura Donne Biriyani,Yes,No,3.5/5,155,Basavanagudi,Quick Bites,,"Mughlai, Biryani",400,Delivery,Basavanagudi
Marzipan @ The Bohemian House,Yes,No,4.2/5,49,Richmond Road,Cafe,,Cafe,700,Delivery,Basavanagudi
Masale Daan,Yes,No,3.1/5,4,Banashankari,Delivery,,North Indian,350,Delivery,Basavanagudi
Udupi Sri Krishna Cafe,Yes,No,3.9/5,14,Jayanagar,Casual Dining,,"North Indian, South Indian",600,Delivery,Basavanagudi
A2B Veg - Adyar Ananda Bhavan,Yes,No,2.7/5,97,Basavanagudi,Casual Dining,Masala Dosa,"South Indian, Fast Food, Street Food",400,Delivery,Basavanagudi
J K Fish Land,Yes,No,3.6/5,35,Jayanagar,Quick Bites,,"Seafood, Mangalorean",300,Delivery,Basavanagudi
Shri Vinayaka Ice N Juice,Yes,No,3.2/5,11,Basavanagudi,Quick Bites,,"Beverages, Fast Food",150,Delivery,Basavanagudi
Kirthi's Biryani,Yes,No,3.8/5,144,Banashankari,Cafe,"Pasta, Gelato, Garlic Bread, Mojito, Nachos, Paneer Pizza, Mocktails","Chinese, Cafe, Italian",700,Delivery,Basavanagudi
Indori Chatorey,Yes,No,2.8/5,137,BTM,Quick Bites,"Kachori, Indori Poha, Cheese Paratha, Paneer Parantha, Thali, Poha Jalebi","North Indian, Street Food",300,Delivery,Basavanagudi
Brew Meister,Yes,Yes,4.1/5,970,Jayanagar,"Microbrewery, Casual Dining","Cocktails, Pasta, Paneer Tikka, Mocktails, Wheat Beer, Corn Paratha, Misal Pav","North Indian, Continental, Finger Food, American, Asian",1500,,
 ('Rated 4.0'," """"RATED\n  I would happily give this place a 5 star rating for it's ambience", rock music, the sit out , food menus , they took forever to serve and for such a huge place; the staff was really less and hence the mismanagement. Brew Meister is one of those places with a lot of potential, especially when it's located in an area like jayanagar. But due to the lack of a few important aspects," is failing to really pick up .\nPS: You should definitely try their keema paav"""")", ('Rated 4.0', 'RATED\n  Pretty cool place to grab a bite. As itÃƒÂƒ\x83ÃƒÂ‚\x83ÃƒÂƒ\x82ÃƒÂ‚\x82ÃƒÂƒ\x83ÃƒÂ‚\x82ÃƒÂƒ\x82ÃƒÂ‚\x92s a brewery took a sampler of their beers. I really loved their seasonal variety. For food ordered - coriander chicken, ('Rated 3.0', 'RATED\n  A nice place to hang out in jayanagar. Brew is okay. We tried only Witbier. I have had better beer. Food is alright. Nothing was extraordinary but everything was just fine.')
Maruthi Davangere Benne Dosa,Yes,No,4.0/5,17,Banashankari,Quick Bites,,South Indian,150,Delivery,Basavanagudi
Thamboola,Yes,No,3.9/5,135,Banashankari,Casual Dining,"Spring Roll, Manchow Soup, Babycorn Manchurian, Mint Cooler, Roti, Panneer Butter Masala","North Indian, Chinese, Continental",800,Delivery,Basavanagudi
Swarga Ruchi,Yes,No,3.3/5,10,Basavanagudi,Quick Bites,,South Indian,200,Delivery,Basavanagudi
Healthy Bakes 'n' Brew,Yes,No,,0,Jayanagar,Bakery,,Bakery,150,Delivery,Basavanagudi
Bombay Kulfi,Yes,No,3.8/5,18,Jayanagar,Dessert Parlor,,"Desserts, Ice Cream",150,Delivery,Basavanagudi
Nandhanus Rasoi,Yes,No,3.4/5,9,Jayanagar,Quick Bites,,"Chinese, Rolls, North Indian",200,Delivery,Basavanagudi
Cafe Mondo,Yes,No,3.7/5,514,Basavanagudi,Cafe,"Pizza, Pasta Alfredo, Brownie, Garlic Bread, Sandwiches, Lemon Mojito, Mocha Fudge","Cafe, Italian, Beverages",600,Delivery,Basavanagudi
Mockaholic Restro Beer Cafe,Yes,No,3.9/5,914,JP Nagar,Bar,"Beer, Momos, Pizza, Coffee, Dragon Chicken, Hot Pot, Mocktails","North Indian, Chinese, Pizza, BBQ",1000,Delivery,Basavanagudi
Navi Food Point,Yes,No,3.6/5,22,Basavanagudi,Quick Bites,,Fast Food,200,Delivery,Basavanagudi
Ugadi,Yes,No,2.9/5,177,Jayanagar,Casual Dining,"Prawn Biryani, Andhra Meal, Veg Thali, Fry Piece Biryani, Gongura Chicken, Paratha","North Indian, Chinese, Biryani, Andhra, Mangalorean",700,,
" """"Ugadi"""" restaurant. The name itself sound pretty ethnic and gives positive vibes ! :)\n\nWe ordered for Parotta and 1 paneer curry (for me) and 1 chicken curry (for my friend). The food tasted good and I\'m particularly impressed with the """"Parotta"""". It\'s THE BEST", in those I\'ve tasted in Bangalore, so far ! It\'s very crispy but surprisingly lot less oily ! Here is the detailed rating:\n\n1. Location : 2.5/5 (They stay in a small lane, thank God, I didn\'t bring my car on that day)\n2. Ambiance : 3.5/5\n3. Food taste : 4/5\n4. Serve quantity : 3.5/5\n5. Service : 4/5\n\nOverall rating : 3.5/5 (Location has severely impacted the overall rating)')," """"RATED\n  Let me list the good points I found in this restaurant first.\nFood", ambience, service.\nAnd now for the not so good points.\nFood, ambience, service.\nDon't be baffled by the same points listed but if you've been here you'll know. There's something lacking in this restaurant, 'RATED\n  An an alternative to the meghanas and nandhinis. However the location is quite tricky. The biriyanis will not let you down for sure. As frequently mentioned the service has to improve !'), ('Rated 1.0'
3 Spice,Yes,No,3.9/5,157,Wilson Garden,Casual Dining,"Manchow Soup, Shawarma, Momos, Hyderabadi Biryani, Vegetarian, Noodles, Dragon Chicken","North Indian, Chinese",450,,
 'RATED\n  Yummy food lodsof variety will love to visit again expecially for paneer tilkka biriyani!\n\nGood family resturent with amazing staff and good ambience.'), ('Rated 4.5'," """"RATED\n  Being a vegetarian "," I simply loved their paneer delicacies. Chinese is a must have too. It's a total value of money place .you can see the sincere effort that's put in to fulfil your order. When in doubt just go to 3spice and have a sumptuous meal. You will never be disappointed."""")", ('Rated 4.0',reasonable price. Try dal khichdi here.And only problem is service of staff is not auto,meaning you have to tell them to bring each and every thing from water to salad separately. Service is slow.i liked the dragon chicken also.'), ('Rated 4.5', 'RATED\n  Food is good and I do prefer the veg. And they have good options in Veg. But our favorite is Biryani which is quite good compare to others..'), ('Rated 5.0', 'RATED\n  Yummy food lodsof variety will love to visit again expecially for paneer tilkka biriyani!\n\nGood family resturent with amazing staff and good ambience.'), ('Rated 4.5'
Ascharya Hotel,Yes,No,3.3/5,10,Koramangala 5th Block,Quick Bites,,"Mangalorean, South Indian",300,Delivery,Basavanagudi
Waffle-A-Go Go,Yes,No,3.9/5,70,Banashankari,Dessert Parlor,Waffles,"Fast Food, Desserts, Ice Cream",400,Delivery,Basavanagudi
Mug N Bean,Yes,No,3.9/5,247,Jayanagar,Cafe,"Maggi, Pasta, Burgers, Grilled Sandwich, Latte, French Fries","Cafe, Continental, Italian, Burger",400,,
" """"RATED\n  The food was delivered in a very poor fashion. The pizza was all toppled upside down. The topping was all over the place. Horrible service. The one star given is for the taste of the cold coffee. It was very good.\nHowever the rest of the order wasn't upto the mark."""")", ('Rated 5.0', 'RATED\n  Nice'), ('Rated 5.0', 'RATED\n  Awesome'), 'RATED\n  good'), ('Rated 4.0', 'RATED\n  Pizza can be improved ..'), ('Rated 5.0', 'RATED\n  best Zomato order for me till date'), ('Rated 5.0', 'RATED\n  Awesome')
Jalaram Sweets,Yes,No,3.8/5,32,Jayanagar,Sweet Shop,,"Desserts, Mithai",250,Delivery,Basavanagudi
My Tea House,Yes,No,3.6/5,62,Banashankari,"Quick Bites, Cafe","Pasta, Iced Tea","Italian, Fast Food, Cafe, European",600,Delivery,Basavanagudi
Bakers77,Yes,No,4.0/5,35,Jayanagar,"Bakery, Quick Bites",,"Bakery, Fast Food",400,Delivery,Basavanagudi
Chai Culture,Yes,No,3.6/5,8,Jayanagar,Beverage Shop,,Beverages,200,Delivery,Basavanagudi
In Time Cane Juice,Yes,No,3.5/5,10,Kumaraswamy Layout,Beverage Shop,,"Juices, Beverages",100,Delivery,Basavanagudi
Pappu Da Dhaba,Yes,No,3.0/5,57,Jayanagar,Quick Bites,"Lassi, Chai, Paratha","North Indian, Fast Food, Beverages, Momos",400,Delivery,Basavanagudi
Desi Inn,Yes,No,3.5/5,13,Shanti Nagar,Quick Bites,,North Indian,300,Delivery,Basavanagudi
360 Atoms Restaurant And Cafe,Yes,No,3.1/5,13,Banashankari,Cafe,,"Cafe, Chinese, Continental, Italian",400,Delivery,Basavanagudi
Paratha Merchant,Yes,No,3.1/5,39,Kumaraswamy Layout,Quick Bites,,North Indian,300,Delivery,Basavanagudi
Black Cup Cafe,Yes,No,3.7/5,20,BTM,Cafe,,"Cafe, Fast Food, Beverages",400,Delivery,Basavanagudi
Hyderabad Express,Yes,No,NEW,0,Banashankari,Quick Bites,,"Hyderabadi, Biryani, South Indian, Andhra, Beverages",300,Delivery,Basavanagudi
Pop Hop,Yes,No,4.1/5,204,Jayanagar,Dessert Parlor,"Choco Hazelnut, Belgian Chocolate, Strawberry Sorbet, Mango Sorbet, Mango Cheesecake, Mojito, Belgium Chocolate","Ice Cream, Desserts",300,Delivery,Basavanagudi
Sri Yaksha Shiv Sagar,Yes,No,3.6/5,24,Banashankari,Casual Dining,,"North Indian, Chinese",600,Delivery,Basavanagudi
Chung Wah,Yes,No,3.9/5,519,Banashankari,Casual Dining,"Tom Yum Soup, Wine, Spring Roll, Singapore Noodles, Manchow Soup, Golden Fried Prawns, Lamb","Chinese, Momos, Thai, Vietnamese",900,Delivery,Basavanagudi
Aramane Donne Briyani,Yes,No,4.0/5,334,JP Nagar,Quick Bites,,"Biryani, Fast Food",300,Delivery,Basavanagudi
Nandhi Andhra Style Family Restaurant,Yes,No,3.4/5,13,Jayanagar,Quick Bites,,"Seafood, Biryani, South Indian, North Indian, Chinese, Kebab",400,Delivery,Basavanagudi
New Udupi Upahar,Yes,No,3.5/5,23,Jayanagar,Quick Bites,,"South Indian, North Indian",300,Delivery,Basavanagudi
Ramji Chaiwale,Yes,No,3.6/5,19,Jayanagar,Quick Bites,,"Beverages, Fast Food",250,Delivery,Basavanagudi
Tangra Indo - Chinese Cuisine,Yes,No,3.6/5,29,Jayanagar,Food Court,,"Chinese, Thai",400,Delivery,Basavanagudi
1441 Pizzeria,Yes,No,4.1/5,119,JP Nagar,Casual Dining,"Hot Chocolate, Masala Lemonade, Gourmet Pizza, Nutella Pizza, Jalapeno Poppers, Thin Crust Pizza, Wood Fire Pizza","Pizza, Salad",800,Delivery,Basavanagudi
New Chickpete Donne Biryani,Yes,No,3.5/5,68,Basavanagudi,Quick Bites,,Biryani,250,Delivery,Basavanagudi
The Airos,Yes,No,4.1/5,130,Jayanagar,Cafe,"Pizza, Pasta, Nachos, Burgers, Sandwich, Tea, Cheese Balls","Cafe, Italian, Pizza",650,Delivery,Basavanagudi
Mr. Parathewala,Yes,No,,0,Jayanagar,"Takeaway, Delivery",,North Indian,300,Delivery,Basavanagudi
Woody's,Yes,No,2.6/5,208,JP Nagar,Casual Dining,"Curd Rice, Pongal, Coffee, Thali, Noodles, Pav Bhaji, Masala Dosa","Chinese, South Indian, North Indian",650,Delivery,Basavanagudi
Sea Spice by 7 Star,Yes,Yes,4.0/5,349,Banashankari,Casual Dining,"Sea Food, Neer Dosa, Anjal Masala Fry, Coconut Pudding, Chicken Biryani, Roti, Fish Curry","Seafood, Biryani, Beverages, South Indian, North Indian, Kebab",1200,Delivery,Basavanagudi
Rasoi,Yes,No,3.3/5,128,Banashankari,Quick Bites,"Lassi, Panneer Butter Masala, Paratha, Thali","North Indian, Chinese",300,Delivery,Basavanagudi
Bread and Circus,Yes,No,3.7/5,50,Shanti Nagar,Cafe,,"Cafe, Fast Food, Pizza, Burger",550,Delivery,Basavanagudi
Maiyas,Yes,No,4.0/5,1778,Jayanagar,Quick Bites,"Coffee, Thali, Kharabath, Masala Dosa, Idli Vada, Vanilla Ice Cream, Bisi Bele Bhaath","North Indian, South Indian, Fast Food, Juices",200,Delivery,Basavanagudi
Mumbai Badam Milk & Lassi Center,Yes,No,3.6/5,23,Basavanagudi,Kiosk,,"Beverages, Desserts",100,Delivery,Basavanagudi
South Point Pub,Yes,No,3.4/5,11,Basavanagudi,Bar,,"North Indian, Seafood, Chinese",800,Delivery,Basavanagudi
Hari Super Sandwich,No,No,4.1/5,279,Basavanagudi,Quick Bites,"Chocolate Sandwich, Corn Sandwich, Chocolate Sandwiches, Lassi, Chilli Cheese, Chaat, Panipuri","Fast Food, Street Food",200,Delivery,Basavanagudi
Gokul Veg,Yes,No,3.8/5,469,Basavanagudi,Casual Dining,"Masala Papad, Paneer Satay, Vegetable Biryani, Panneer Butter Masala, Tomato Soup, Manchow Soup, Roti","North Indian, Chinese, Beverages",750,Delivery,Basavanagudi
AM WOW,Yes,No,3.4/5,6,Jayanagar,Beverage Shop,,Beverages,100,Delivery,Basavanagudi
Hotel Smile,Yes,No,3.1/5,6,Jayanagar,Casual Dining,,"North Indian, Chinese",400,Delivery,Basavanagudi
David's Kitchen,Yes,No,3.5/5,12,BTM,Quick Bites,,"North Indian, South Indian, Chinese",200,Delivery,Basavanagudi
Prems Graama Bhojanam,Yes,No,4.3/5,322,Jayanagar,Casual Dining,"Veg Thali, Matka Kulfi, Pongal, Buttermilk, Vada, Ragi Mudde, Curd Rice",South Indian,400,Delivery,Basavanagudi
Fudge,Yes,No,3.2/5,12,Jayanagar,Dessert Parlor,,"Desserts, Momos",200,Delivery,Basavanagudi
Mumbai Kulfi,Yes,No,,0,JP Nagar,Dessert Parlor,,"Desserts, Ice Cream",200,Delivery,Basavanagudi
Navya Foods,Yes,No,3.4/5,7,HSR,Quick Bites,,"North Indian, Fast Food",300,Delivery,Basavanagudi
Cafe Vivacity,Yes,No,3.8/5,90,Banashankari,Cafe,"Garlic Bread, Burgers, Sandwiches, Pizza, Hot Chocolate Fudge, Waffles, Potato Wedges",Cafe,650,Delivery,Basavanagudi
Eat Repeat Express,Yes,No,3.2/5,20,JP Nagar,Casual Dining,,"North Indian, South Indian, Chinese, Biryani, Mexican",700,Delivery,Basavanagudi
Shyvan Restaurant,Yes,No,3.6/5,81,Shanti Nagar,Casual Dining,"Mutton Biryani, Noodles, Butter Chicken, Naan, Panneer Butter Masala","North Indian, Chinese",500,Delivery,Basavanagudi
Iceberg Icecreams,Yes,No,4.0/5,43,Basavanagudi,Dessert Parlor,,"Desserts, Ice Cream",250,Delivery,Basavanagudi
Mecaf Family Restaurant,Yes,No,3.9/5,214,BTM,Casual Dining,"Biryani, Masala Papad, Chicken Grill, Dragon Chicken, Paratha, Roti, Chicken Curry","North Indian, Chinese, Fast Food",400,Delivery,Basavanagudi
By 2 Coffee,Yes,No,4.3/5,316,Basavanagudi,Quick Bites,"Kharabath, Filter Coffee, Idli Vada, Crispy Vada, Kesari Bath, Hot Coffee, Tea",South Indian,100,Delivery,Basavanagudi
Chocoberry,Yes,No,3.5/5,56,Jayanagar,Dessert Parlor,"Waffles, Cup Cake, Chocolate Cake","Ice Cream, Desserts, Beverages",400,Delivery,Basavanagudi
Java City,Yes,No,2.6/5,157,Jayanagar,Cafe,"Coffee, Sandwich, Hot Chocolate, Ice Tea, Sandwiches, Chicken Lasagne, Pizza","Cafe, American, Pizza",450,Delivery,Basavanagudi
Coffee Tindi,Yes,No,3.8/5,75,Banashankari,"Cafe, Quick Bites",,"Cafe, South Indian",200,Delivery,Basavanagudi
Quench The Juice Lounge,Yes,No,3.6/5,17,Jayanagar,Beverage Shop,,"Beverages, Juices, Ice Cream",150,Delivery,Basavanagudi
Cafe Noir,Yes,No,,0,Koramangala 7th Block,Casual Dining,,"European, French, Salad",1500,Delivery,Basavanagudi
Euki,Yes,Yes,4.1/5,553,Jayanagar,Casual Dining,"Pasta, Pizza, Nachos, Tiramisu, Peri Peri Fries, Mexican Bowl, Mocktails","Italian, Mexican",900,Delivery,Basavanagudi
Bangalore Donne Biriyani,Yes,No,3.2/5,4,Kumaraswamy Layout,Quick Bites,,"South Indian, Biryani",300,Delivery,Basavanagudi
The Grillo,Yes,Yes,2.8/5,80,Jayanagar,Casual Dining,,"South Indian, Arabian, Chinese, North Indian, Seafood, Mangalorean",500,Delivery,Basavanagudi
PK Dhaba,Yes,No,NEW,0,Marathahalli,Dhaba,,"North Indian, Fast Food, Beverages",250,Delivery,Basavanagudi
SSV Upahar,Yes,No,NEW,0,Jayanagar,Quick Bites,,"South Indian, Chinese",300,Delivery,Basavanagudi
Kalpavriksha Upahara,Yes,No,3.9/5,126,Jayanagar,Quick Bites,Coffee,"South Indian, North Indian, Chinese",400,Delivery,Basavanagudi
Churchill's,Yes,Yes,4.1/5,1403,JP Nagar,"Casual Dining, Pub","Cocktails, Pasta, Hara Bhara Kebab, Peppy Paneer, Paneer Pizza, Peri Peri Prawn, Fiery Paneer","North Indian, Continental",1100,Delivery,Basavanagudi
Bunt's Biriyani Palace,Yes,No,3.0/5,213,Banashankari,Quick Bites,"Neer Dosa, Sea Food, Pepper Chicken","North Indian, South Indian, Chinese, Biryani, Seafood",400,Delivery,Basavanagudi
Anand Donne Biriyani,Yes,No,3.6/5,45,Jayanagar,Quick Bites,,Biryani,200,Delivery,Basavanagudi
Shree Udupi Grand,Yes,No,3.8/5,14,Jayanagar,Casual Dining,,"South Indian, North Indian, Chinese",600,Delivery,Basavanagudi
Vinaya Cafe,Yes,No,3.4/5,11,Jayanagar,Quick Bites,,"South Indian, Street Food, Juices",200,Delivery,Basavanagudi
Vidya Cafe,Yes,No,3.2/5,4,JP Nagar,Quick Bites,,"Burger, Fast Food, Desserts, Sandwich",300,Delivery,Basavanagudi
Bombay Talkies,Yes,No,3.7/5,20,Jayanagar,Quick Bites,,"Maharashtrian, Fast Food, Street Food, Sandwich",200,Delivery,Basavanagudi
Bakers Day,No,No,3.9/5,48,Basavanagudi,Bakery,,"Bakery, Desserts",200,Delivery,Basavanagudi
Davanagere Benne Dose Hut,Yes,No,3.4/5,10,Banashankari,Quick Bites,,South Indian,100,Delivery,Basavanagudi
New Royal Treat,Yes,No,2.8/5,102,Bannerghatta Road,Quick Bites,"Roti, Chicken Biryani","North Indian, Chinese",350,,
 Butter naan ," Hyderbadi chicken and Dragon chicken"""")", ('Rated 2.5'," """"RATED\n  Decent food which is light on your wallet. Try to overlook the ambiance as hygiene is not it's speciality. Best option is take away or order online though that also takes an hour to deliver.\n\nWe went again from office and came to know that food quality hasdegraded to much extent. It was the worst andhra chilly chicken I ever had in my life. Chicken tikka was decent though."""")", ('Rated 1.0', ('Rated 1.0', 'RATED\n  If you are planning for an online order from this restaurant please avoid this one big time !!! They think as if online orders are free orders...'), ('Rated 3.5', 'RATED\n  A nice small place for biryani...love their chicken biryani...the quantity is more than enough for a person like me... Overall a good place for lunch and dinner.'), ('Rated 3.5', Butter naan ," Hyderbadi chicken and Dragon chicken"""")"
New Punjabi Hotel,Yes,No,3.7/5,178,BTM,Quick Bites,"Tandoori Chicken, Butter Chicken, Tandoori Roti, Bhindi Masala, Paratha, Dal Makhani","North Indian, Chinese",400,Delivery,Basavanagudi
Baisakhi,Yes,No,3.8/5,527,Basavanagudi,Casual Dining,"Masala Chaach, Tomato Shorba, Gajar Ka Halwa, Biryani, Deluxe Punjabi Thali, Rajma, Paneer Tikka Masala",North Indian,500,Delivery,Basavanagudi
Lassi Shop,Yes,No,3.5/5,45,Banashankari,Beverage Shop,,"Beverages, Ice Cream, Fast Food",300,Delivery,Basavanagudi
The Blue Wagon - Kitchen,Yes,No,4.6/5,228,Jayanagar,Cafe,"Pizza, Nachos, Garlic Maggi, Burgers, Cheese Maggi, Bruschetta Bites, Sandwich","Cafe, Beverages",400,Delivery,Basavanagudi
Biriyani Mane,Yes,No,3.7/5,158,Jayanagar,Casual Dining,"Roti, Vegetable Biryani, Chicken Biryani","Biryani, Chinese, North Indian",700,Delivery,Basavanagudi
Sri Krishna Darshini,Yes,No,3.1/5,4,Basavanagudi,Quick Bites,,"South Indian, North Indian, Chinese",200,Delivery,Basavanagudi
Willys Top Cafe,Yes,No,4.0/5,308,Jayanagar,Cafe,"Coffee Shake, Pasta, Buffalo Wings, Sandwich, Chicken Wings, Burgers, Fries","Cafe, Continental, Asian",750,Delivery,Basavanagudi
Srinathji's Cafe,No,No,3.8/5,148,Basavanagudi,"Casual Dining, Cafe","Paratha, Sandwich, Chilli Idli, Noodles, Sandwiches, Lime Soda","North Indian, Cafe, Chinese, Fast Food",550,Delivery,Basavanagudi
New Prashanth Hotel,Yes,No,3.9/5,388,Banashankari,Casual Dining,"Chicken Biryani, Ragi Mudde, Mutton Chops","Biryani, North Indian, Seafood, Andhra",650,Delivery,Basavanagudi
Tiwari's,Yes,No,3.8/5,70,Jayanagar,Quick Bites,"Sweet Lassi, Gulab Jamun, Palak Paneer Paratha, Paneer Parantha","North Indian, Street Food",200,,
" """"RATED\n  The place is behind the main road of jayanagar 4block RTO", place had a 1.5feet of granite all around to sit, has a huge kitchen, v can't do anything for that ??,they had brand items, there was a combo of aloo + paneer + mathi, wch was at ?110, served with curds, chettni, pickel, ('Rated 2.0'," """"RATED\n  The service is absolutely pathetic..People here don't seem to be too interested in serving what the customer wants. We asked for Chai along with paratha but we were told very rudely that it will take lot of time. No chats were available also..."""")"
Caramel Shake,Yes,No,NEW,0,BTM,Beverage Shop,,"Beverages, Juices, Ice Cream",200,Delivery,Basavanagudi
Srikrishna Bhavan,Yes,No,3.8/5,42,Banashankari,Quick Bites,"Roti, Masala Dosa","South Indian, North Indian, Chinese",300,Delivery,Basavanagudi
De Thaali,Yes,No,3.9/5,144,Jayanagar,Casual Dining,"Malai Kofta, Sandwich, Naan","North Indian, Chinese, Rolls",550,Delivery,Basavanagudi
Ice Land,Yes,No,3.6/5,34,JP Nagar,Dessert Parlor,"Prompt Service, Friendly Staff","Ice Cream, Desserts",300,Delivery,Basavanagudi
Vasanth Vihar - Since 1965,Yes,No,3.6/5,95,Banashankari,Quick Bites,,"South Indian, Street Food",150,Delivery,Basavanagudi
Ice Stone Creamery,Yes,No,3.7/5,42,Jayanagar,Dessert Parlor,,"Desserts, Ice Cream",400,Delivery,Basavanagudi
D View Cafe,Yes,No,4.0/5,507,JP Nagar,"Cafe, Quick Bites","Chicken Lollipop, Dragon Rolls, Pasta Alfredo, Chicken Pakora, Burgers, Cappuccino, Chicken Wings","Cafe, Italian, Chinese, Beverages",1000,Delivery,Basavanagudi
The Trundle,Yes,No,3.7/5,133,Jayanagar,Casual Dining,"Salad, Mocktails, Chocolava, Pesto Pasta, Momos, Jasmine Rice, Tom Yum Soup","Chinese, Thai, Continental, North Indian",700,Delivery,Basavanagudi
Rajdhani Thali Restaurant,Yes,Yes,3.9/5,886,JP Nagar,Casual Dining,"Thali, Kadhi, Malpua, Khichda, Dahi Vada, Dal Bati Churma, Rabri",North Indian,900,Delivery,Basavanagudi
Kadala Tarangaa,Yes,No,3.6/5,129,Banashankari,Casual Dining,"Sea Food, Neer Dosa","Mangalorean, Seafood, North Indian",600,Delivery,Basavanagudi
Chawla's 2 Online.com,Yes,No,,0,Jalahalli,Delivery,,North Indian,800,Delivery,Basavanagudi
Mezban Family Restaurant,Yes,No,,0,Basavanagudi,Quick Bites,,"Chinese, North Indian",300,Delivery,Basavanagudi
Mycakeshop,Yes,No,,0,BTM,Bakery,,"Bakery, Desserts",300,Delivery,Basavanagudi
Tree Top,Yes,No,3.8/5,74,Wilson Garden,Casual Dining,Friendly Staff,"Continental, Chinese, North Indian, South Indian",1000,Delivery,Basavanagudi
Cafe Aira,Yes,No,4.1/5,216,Basavanagudi,Cafe,"Pasta, Nachos, Jalapeno Poppers, Burrito Bowl, Ferrero Rocher Shake, Falafal Sandwich, Banana Waffles","Cafe, Continental, Beverages, Desserts",500,Delivery,Basavanagudi
Mulabagilu Dosa,Yes,No,3.6/5,11,Basavanagudi,Quick Bites,,South Indian,100,Delivery,Basavanagudi
Foodizo,Yes,No,3.6/5,24,Banashankari,Quick Bites,,"Desserts, Fast Food, Continental",300,Delivery,Basavanagudi
Karma Kaapi,Yes,No,4.4/5,181,Jayanagar,Beverage Shop,"Pasta, Potato Fries, Potato Wedges, Hot Chocolate, Chaat, Filter Coffee, Americano","Beverages, Tea",250,Delivery,Basavanagudi
Arabian Bites,Yes,No,3.4/5,24,BTM,Quick Bites,,"North Indian, Chinese",300,Delivery,Basavanagudi
The Krishna Grand,Yes,No,3.9/5,888,Banashankari,Casual Dining,"Spring Dosa, Coffee, Spring Roll, Masala Papad, Rava Idli, Panneer Butter Masala, Chaat","North Indian, South Indian, Chinese, Fast Food, Juices",750,Delivery,Basavanagudi
Bottle Genie,Yes,No,,0,BTM,Delivery,,Beverages,350,Delivery,Basavanagudi
Anand Sweets and Savouries,Yes,No,3.9/5,84,Jayanagar,Sweet Shop,"Dahi Papadi Chaat, Papdi Chaat, Bhel Puri, Paratha, Kachori, Thali, Masala Poori","Mithai, Street Food",400,Delivery,Basavanagudi
Bake and Juice,Yes,No,3.5/5,15,BTM,Quick Bites,,"Fast Food, Beverages",400,Delivery,Basavanagudi
Green Gardenia,Yes,No,3.8/5,160,Banashankari,Casual Dining,"Masala Papad, Paneer Satay, Paneer Hyderabadi, Butter Naan, Roti","North Indian, Chinese",700,Delivery,Basavanagudi
Krazzy Folds,Yes,Yes,4.2/5,1901,Jayanagar,Cafe,"Pasta, Tacos, Macaroni, Panna Cotta, Salads, Spaghetti, Churros","Cafe, Continental, Sandwich, Beverages",800,,
" """"RATED\n  Amazing food and a very cozy and warm ambience.\nWe've tried the pasta", rice, sandwich stackers," coffee and mojito. It's all really good and the presentation is amazing.\nFood is prepared with a lot of love and passion."""")", ('Rated 3.0', but the veg enchiladas were drenched in cheese. Although some might have liked it, it overpowered the dish entirely, made it too greasy and heavy. The desserts were underwhelming. The vanilla panna cotta had split and the blueberry cheesecake was downright disgusting. However," the ambience was nice and the place had a cozy feel to it. They would do so much better if only they improved upon the food."""")", ('Rated 4.0',Delivery,Basavanagudi
Hotel Pork Paradise,Yes,No,3.7/5,21,Mysore Road,Quick Bites,,South Indian,300,Delivery,Basavanagudi
Chats Point,Yes,No,3.4/5,8,Basavanagudi,Quick Bites,,"Fast Food, Street Food",150,Delivery,Basavanagudi
Rajvardhan Foods,Yes,No,3.9/5,314,Jayanagar,Quick Bites,"Vada Pav, Misal Pav, Sabudana Vada, Dabeli, Pav Bhaji, Sabudana Khichdi, Lassi","Street Food, Maharashtrian",300,Delivery,Basavanagudi
New Prashanth Hotel,Yes,No,3.6/5,143,Jayanagar,Casual Dining,"Ragi Mudde, Lemon Chicken, Chilli Chicken, Chicken Curry, Mutton Chops, Mutton Biryani","South Indian, Biryani, Chinese, North Indian",750,Delivery,Basavanagudi
Veganbreak24x7,Yes,No,2.8/5,5,City Market,"Takeaway, Delivery",,"South Indian, Chinese, Continental, Biryani",199,Delivery,Basavanagudi
Timepass Dinner,Yes,No,3.8/5,286,Basavanagudi,Casual Dining,"Onion Rings, Pasta, Kadhai Paneer, Salads, Salad, Roti, Jeera Rice",North Indian,600,Delivery,Basavanagudi
Aniram's,Yes,No,4.1/5,739,JP Nagar,Delivery,"Chilli Chicken, Butter Chicken, Kadhai Paneer, Hyderabadi Chicken Biryani, Jeera Rice, Ghee Rice, Chicken Masala","Chinese, North Indian",500,Delivery,Basavanagudi
Sri Krishna Veg,No,No,3.5/5,4,Basavanagudi,Quick Bites,,South Indian,100,Delivery,Basavanagudi
The Chaat Shop,Yes,No,2.5/5,35,Basavanagudi,Quick Bites,"Badam Milk, Potato Twister, Pav Bhaji, Panipuri, Tikki Chaat, Cheese Cutlet",Fast Food,200,Delivery,Basavanagudi
SGS Non Veg - Gundu Pulav,Yes,No,3.8/5,101,Banashankari,Quick Bites,,"Biryani, Fast Food",400,Delivery,Basavanagudi
Mota Bawarchi,No,No,,0,Basavanagudi,Quick Bites,,"North Indian, Biryani, Fast Food",300,Delivery,Basavanagudi
Crafted Plate,Yes,Yes,4.2/5,237,JP Nagar,"Casual Dining, Cafe","Burgers, Egg Salad, Pasta, Pancakes, Lasagne, Pizza, Lime Soda","Cafe, Asian, Burger, Continental, Italian, Salad",600,Delivery,Basavanagudi
Gufha - The President Hotel,Yes,Yes,4.1/5,1875,Jayanagar,Casual Dining,"Cocktails, Paneer Tikka, Rasmalai, Rabri, Masala Papad, Vegetable Biryani, Chicken Curry","North Indian, Afghani, Mughlai",1200,Delivery,Basavanagudi
Cafe 221B,Yes,Yes,3.7/5,49,BTM,Cafe,,"Cafe, Beverages",300,Delivery,Basavanagudi
Desi Rasoi,Yes,Yes,3.8/5,361,Jayanagar,Casual Dining,"Hara Bhara Kebab, Lunch Buffet, Naan, Babycorn Manchurian, Malai Kofta, Noodles, Gulab Jamun","Biryani, North Indian, Chinese, Rajasthani",600,Delivery,Basavanagudi
Parathe Wali Gali,Yes,No,3.9/5,36,Wilson Garden,Quick Bites,,North Indian,250,Delivery,Basavanagudi
Red Onion,Yes,Yes,4.3/5,548,Shanti Nagar,Casual Dining,"Fish, Dumplings, Biryani, Paneer Tikka Masala, Manchow Soup, Chicken Wings, Chop Suey","Chinese, North Indian, Biryani, Kebab",1200,Delivery,Basavanagudi
Spice Elephant,Yes,No,4.1/5,787,Banashankari,Casual Dining,"Momos, Lunch Buffet, Chocolate Nirvana, Thai Green Curry, Paneer Tikka, Dum Biryani, Chicken Biryani","Chinese, North Indian, Thai",800,Delivery,Basavanagudi
Baba Chatkora,No,No,4.1/5,428,Basavanagudi,Casual Dining,"Chaap, Matka Lassi, Paneer Tikka, Dal Makhani, Chole Kulche, Paneer Kulcha, Paratha","North Indian, Street Food",1000,Delivery,Basavanagudi
Eat Repeat,Yes,No,3.9/5,101,Basavanagudi,Quick Bites,"Sweet Pongal, Curd Rice",South Indian,150,Delivery,Basavanagudi
Sugar Stars Co,No,No,,0,Basavanagudi,Bakery,,"Bakery, Desserts",300,Delivery,Basavanagudi
Kapoor's Cafe,Yes,No,4.2/5,150,Jayanagar,Casual Dining,"Lassi, French Fries, Cheese Balls, Paneer Pakora, Dal Makhani, Buttermilk, Cheese Paratha",North Indian,800,Delivery,Basavanagudi
Eatsomnia,Yes,No,NEW,0,JP Nagar,Delivery,,"North Indian, South Indian, Chinese, Continental",500,Delivery,Basavanagudi
Chulha Chauki Da Dhaba,Yes,No,4.2/5,2353,JP Nagar,Casual Dining,"Egg Chilli, Chilli Babycorn, Chicken Curry, Sweet Lassi, Palak Paneer, Chaach, Butter Chicken",North Indian,800,Delivery,Basavanagudi
Dal Tadkaa,Yes,No,2.5/5,247,Banashankari,Casual Dining,"Paratha, Boondi Raita, Roti, Kulfi, Panneer Butter Masala, Sweet Lassi, Dal Tadka",North Indian,500,,
 ('Rated 3.5', 'RATED\n  I tried the one located in Banshankari, third stage.. Food was amazing, my expression was it has to be Veg restaurant but it was not at all only Veg. Food was spicy and absolute pleasure to eat.'), ('Rated 2.5', ('Rated 3.0'," """"RATED\n  Happened to visit this restaurant with my friends. We opted buffet dinner which had quite a decent menus.\nThey don't serve soups instead they have a welcome drink which was very tasty. Starter & salads were quite good. In main course they had only one gravy and a daal. Which was quite disappointing. Phulkas were not smooth enough. They really need to improve desert quality and menu."""")", ('Rated 2.0'," """"RATED\n  The buffet is inr 330 pp all incl. But the quality is very mediocre", so is the variety. Daal baati didn't feel like one... I could eat, ('Rated 2.5'," """"RATED\n  This place is on the first floor near kathriguppe signal. Visited this place for lunch"
RS Shiv Sagar,No,No,3.7/5,217,Basavanagudi,Casual Dining,"Chaat, Brownie, Onion Rings, Tomato Soup, Paneer Manchurian, Thali, Faluda","North Indian, Chinese, South Indian, Fast Food, Juices",450,Delivery,Basavanagudi
Mainland China,Yes,Yes,4.3/5,881,Jayanagar,Casual Dining,"Momos, Kimchi, Veg Hakka Noodles, Dumplings, Vanilla Ice Cream, Spring Roll, Pan Fried Noodles","Chinese, Momos",1700,Delivery,Basavanagudi
Food Springs,Yes,No,4.0/5,232,Jayanagar,Quick Bites,"Honey Chilli Potatoes, Nachos, Lemonade, Hakka Noodles, Babycorn Manchurian, Mushroom Manchurian, Spring Roll","South Indian, Chinese",400,,
 ('Rated 5.0', 'RATED\n  Excellent food!!\nReally tasty! Very filling quantity :)\nVery refreshing and innovative drinks too!!\nGood joint for friends to get together at.\nPretty pocket friendly too :)'), ('Rated 3.0'," """"RATED\n  One of the best place to get Chinese snacks for a decent price. Loved the honey chilli potato ", hotpot babycorn and honey pepper paneer. But over the last two months , but because of the degraded quality in taste we have looked at other places to hang out. If the owner of the outlet reads this , please do check what's wrong , we found that the honey pepper paneer recently served to us was very oily ," also the honey chilli potato no longer has the balance between the honey and chilli. Would love to rate it 5 after my next visit and tasting the delights."""")", ('Rated 4.0', 'RATED\n  A small place with lot of options to offer at pocket friendly price. Loved the Babycorn Manchurian here. The service is good & food is served hot & fresh. Have also tried fried rice, spring rolls
Miss Momo,Yes,No,3.2/5,10,BTM,Quick Bites,,"Tibetan, Momos",250,Delivery,Basavanagudi
The Jade Kitchen,Yes,No,4.0/5,116,JP Nagar,Casual Dining,"Manchow Soup, Noodles, Dragon Rolls, Honey Chilli Potatoes, Spring Roll","Chinese, Thai",400,Delivery,Basavanagudi
Kamat Minerva,Yes,No,2.6/5,72,Basavanagudi,Quick Bites,"Butter Naan, Buttermilk, Jowar Roti, Panneer Butter Masala","South Indian, North Indian, Chinese",300,Delivery,Basavanagudi
WOW Laddus,Yes,No,,0,JP Nagar,Delivery,,Mithai,800,Delivery,Basavanagudi
Gujrati Mess,Yes,No,3.6/5,18,JP Nagar,Mess,,Gujarati,200,Delivery,Basavanagudi
Kollapuri's,No,No,3.9/5,206,Basavanagudi,Quick Bites,"Chicken Biryani, Mutton Biryani, Egg Biryani, Chicken Fry, Mutton Fry","South Indian, Mangalorean",450,Delivery,Basavanagudi
Davangere Benna Dose Hotel,Yes,No,4.1/5,90,Jayanagar,Quick Bites,"Benne Dosa, Idli, Coffee",South Indian,100,Delivery,Basavanagudi
1980s Games Cafe,Yes,No,3.4/5,58,Basavanagudi,Cafe,"Maggi, Pasta, Burgers, Sandwiches, Fries","Cafe, Fast Food",400,Delivery,Basavanagudi
Aahar Cafe,No,No,,0,Basavanagudi,Quick Bites,,South Indian,100,Delivery,Basavanagudi
Victoria Terminus,No,No,,0,Basavanagudi,Quick Bites,,"Fast Food, Maharashtrian",250,Delivery,Basavanagudi
Harshi Super Sandwich,No,No,3.8/5,148,Basavanagudi,Quick Bites,"Sandwiches, Chocolate Sandwich, Chaat, Veg Cheese Sandwich, Chilli Cheese, Corn Sandwich","Fast Food, Street Food",150,Delivery,Basavanagudi
Chung's Chinese Corner,Yes,No,3.9/5,221,Jayanagar,Casual Dining,"Manchow Soup, Momos, Wonton Soup, Chowmein, American Chopsuey, Chop Suey, Manchurian",Chinese,700,Delivery,Basavanagudi
Jalsa,Yes,Yes,4.1/5,775,Banashankari,Casual Dining,"Pasta, Lunch Buffet, Masala Papad, Paneer Lajawab, Tomato Shorba, Dum Biryani, Sweet Corn Soup","North Indian, Mughlai, Chinese",800,Delivery,Basavanagudi
Butter Cup,No,No,,0,Basavanagudi,Dessert Parlor,,"Desserts, Bakery",250,Delivery,Basavanagudi
SMM Pizzeria,No,No,,0,Basavanagudi,Quick Bites,,"Fast Food, Pizza",300,Delivery,Basavanagudi
Punjabi Raswada,Yes,Yes,3.5/5,431,Jayanagar,Casual Dining,"Gajar Ka Halwa, Lassi, Jeera Rice, Shahi Paneer, Shikanji, Makke Ki Roti, Kofta Curry",North Indian,800,Delivery,Basavanagudi
The Yellow Chilli,Yes,Yes,3.8/5,584,Jayanagar,Casual Dining,"Spring Roll, Tomato Soup, Mocktails, Sweet Corn Soup, Gulab Jamun, Roti, Paneer Tikka","North Indian, Mughlai, Biryani",1200,Delivery,Basavanagudi
New Banashankari Donne Biryani,No,No,3.5/5,12,Basavanagudi,Quick Bites,,"Biryani, North Indian",300,Delivery,Basavanagudi
B & B The Pub,No,No,3.6/5,29,Basavanagudi,"Casual Dining, Bar",,"Asian, Continental",1000,Delivery,Basavanagudi
Lumbini Snax,No,No,3.3/5,5,Basavanagudi,Quick Bites,,"Burger, Fast Food, Italian",300,Delivery,Basavanagudi
Cake Of The Day,No,No,3.2/5,4,Basavanagudi,Bakery,,Bakery,150,Delivery,Basavanagudi
Cake Art,No,No,3.5/5,15,Basavanagudi,"Bakery, Quick Bites",,Bakery,400,Delivery,Basavanagudi
Garage Pizza,No,No,3.2/5,4,Basavanagudi,Quick Bites,,Pizza,400,Delivery,Basavanagudi
Cakoholic,No,No,,0,Basavanagudi,Bakery,,"Bakery, Desserts",650,Delivery,Basavanagudi
Brahmin Tiffins & Coffee,No,No,NEW,0,Basavanagudi,Quick Bites,,"South Indian, Beverages",100,Delivery,Basavanagudi
Parijatha,No,No,,0,Basavanagudi,Casual Dining,,"South Indian, Chinese",400,Delivery,Basavanagudi
Pailwan House,No,No,,0,Basavanagudi,Quick Bites,,"Fast Food, Biryani",350,Delivery,Basavanagudi
Mama Mys Cafe,No,No,NEW,0,Basavanagudi,Quick Bites,,Fast Food,300,Delivery,Basavanagudi
Chamrajpet Chats And Juice Corner,No,No,NEW,0,Basavanagudi,Quick Bites,,Fast Food,150,Delivery,Basavanagudi
Night Restro,Yes,No,3.1/5,223,BTM,Delivery,,"North Indian, Chinese",500,Delivery,Basavanagudi
Millet Mama,Yes,No,3.9/5,18,Basavanagudi,Quick Bites,,"South Indian, Healthy Food",200,Delivery,Basavanagudi
Kholi Mane,No,No,3.6/5,46,Basavanagudi,Quick Bites,,"Andhra, South Indian, Biryani, North Indian",450,Delivery,Basavanagudi
Mint and Mustard,Yes,No,4.0/5,232,Basavanagudi,Casual Dining,"Paneer Tikka, Masala Papad, Garlic Naan","North Indian, Chinese",750,Delivery,Basavanagudi
Chamrajpet Kabab Junction,No,No,3.2/5,4,Basavanagudi,Quick Bites,,"North Indian, Mughlai",250,Delivery,Basavanagudi
Yummy Momos,Yes,No,3.2/5,4,JP Nagar,Kiosk,,"Chinese, Tibetan, Fast Food",200,Delivery,Basavanagudi
Karnataka Bhel House,Yes,No,4.1/5,449,Basavanagudi,Quick Bites,"Masala Poori, Bhel Puri, Panipuri, Chaat, Dahipuri, Sev Puri, Dahi Aloo Puri",Street Food,100,Delivery,Basavanagudi
Swathi Upahara,No,No,,0,Basavanagudi,Quick Bites,,"Biryani, Kebab, Chinese",350,Delivery,Basavanagudi
Just Bake,Yes,No,3.3/5,41,Basavanagudi,Bakery,,"Bakery, Desserts",400,Delivery,Basavanagudi
Namma Kudla,Yes,No,3.9/5,200,JP Nagar,Quick Bites,"Sea Food, Neer Dosa, Fish, Crab Sukha, Biryani, Chicken Thali, Chicken Meal","Mangalorean, North Indian, Chinese, Seafood",400,Delivery,Basavanagudi
Restro Cafe,Yes,No,3.8/5,30,Jayanagar,Cafe,,Cafe,400,Delivery,Basavanagudi
Shake Tat Bottle,Yes,No,3.3/5,4,BTM,Beverage Shop,,Beverages,200,Delivery,Basavanagudi
Jalpaan,Yes,Yes,4.0/5,866,Jayanagar,Casual Dining,"Mocktails, Tomato Soup, Pasta, Nachos, Chaat, Potli Biryani, Lassi","North Indian, Continental",900,Delivery,Basavanagudi
Central Jail Restaurant,Yes,No,3.8/5,412,Jayanagar,Casual Dining,"Lime Soda, Manchow Soup, Biryani, Lemon Chicken, Tomato Soup, Butter Naan, Chilli Chicken","Andhra, Seafood, North Indian, Chinese",700,Delivery,Basavanagudi
Dal Roti,Yes,No,3.7/5,117,JP Nagar,Quick Bites,"Dal Makhani, Thali, Rajma Masala, Dal Fry, Sweet Lassi, Gulab Jamun",North Indian,150,,
 roti, pulao, raita and sweets... Yes," it's a full meal for ?140 (no tax)! Too much to eat? There's a normal and mini meal too."""")", ('Rated 4.5', ('Rated 4.0', 'RATED\n  Had been eating here since 2011. The price have increased a bit but no compromise on taste. Have tried almost items listed in menu'), ('Rated 4.0', 'RATED\n  If you are fed up of eating non veg or rich and spicy food, then this is a place worth trying.\nA pure vegetarian restaurant, palak paneer, mushroom matter and their soft phulkas.\nThe Food here is good for your stomach and they avoid too much of oil and spices. Good place to have vegetarian food and their rates are economical too.')
Gandharva Family Restaurant,No,No,3.6/5,36,Basavanagudi,Casual Dining,,"North Indian, Chinese",900,Delivery,Basavanagudi
Chutney Chang,Yes,Yes,4.1/5,2339,Jayanagar,Casual Dining,"Veg Momos, Brownie Chocolate, Palak Chaat, Mutton Biryani, Dahipuri, Fish, Sea Food","North Indian, Chinese, BBQ",1500,Delivery,Basavanagudi
Kudla - Hotel Ramanashree,Yes,Yes,4.1/5,353,Richmond Road,Casual Dining,"Neer Dosa, Fish, Murgh Ghee Roast, Appam, Chicken Sukha, Crab Masala, Chicken Biryani","South Indian, Andhra, Chinese",1200,Delivery,Basavanagudi
Kataria's Pakwan,Yes,No,3.2/5,96,Kumaraswamy Layout,Quick Bites,"Paratha, Lassi, Manchurian, Thali",North Indian,400,Delivery,Basavanagudi
Kamat Bugle Rock,Yes,No,3.9/5,543,Basavanagudi,Quick Bites,"Jowar Roti, Buttermilk, Jolada Rotti, Brinjal Curry, Coffee, Pongal, Vegetable Biryani","South Indian, Fast Food",300,Delivery,Basavanagudi
Hara Fine Dine,Yes,Yes,4.0/5,633,Banashankari,Casual Dining,"Hara Bhara Kabab, Crispy Corn, Patiala Paneer, Panneer Butter Masala, Dum Biryani, Jal-jeera, Butter Naan","North Indian, Chinese",800,Delivery,Basavanagudi
The Paratha Stories,Yes,No,NEW,0,JP Nagar,Quick Bites,,North Indian,250,Delivery,Basavanagudi
The Royal Corner - Pai Viceroy,Yes,Yes,4.2/5,815,Jayanagar,Casual Dining,"Breakfast Buffet, Kulcha, Almond Soup, Lunch Buffet, Roti, Mocktails, Vegetarian","North Indian, Chinese",900,Delivery,Basavanagudi
Utsav,Yes,No,3.7/5,59,Banashankari,Quick Bites,"Paratha, Kachori, Tea, Lassi, Samosa, Vada Pav","North Indian, Street Food",200,Delivery,Basavanagudi
Subz,Yes,Yes,4.2/5,2022,Jayanagar,Casual Dining,"Veg Buffet, Pasta, Salads, Rasmalai, Chaat, Biryani, Fries","North Indian, South Indian",1000,Delivery,Basavanagudi
Hotel Ruchi Priya,Yes,No,3.6/5,21,Wilson Garden,Quick Bites,,North Indian,350,Delivery,Basavanagudi
Anupam's Coastal Express,Yes,No,4.1/5,179,Shanti Nagar,Casual Dining,"Neer Dosa, Murgh Ghee Roast, Thali, Sea Food, Prawn Biryani, Chicken Biryani, Fish","Seafood, Mangalorean, South Indian",600,Delivery,Basavanagudi
You N Cane,Yes,No,,0,Jayanagar,Beverage Shop,,"Beverages, Juices",250,Delivery,Basavanagudi
New Rajadhani Spicy,Yes,No,3.7/5,67,Kumaraswamy Layout,Casual Dining,,North Indian,700,Delivery,Basavanagudi
Bella,Yes,Yes,3.9/5,142,Jayanagar,Casual Dining,"Murgh Ghee Roast, Fish Fry, Ghee Roast Paneer, Neer Dosa, Appam, Sea Food, Chicken Sukha","Mangalorean, Seafood, South Indian",1000,Delivery,Basavanagudi
Polamma's Mess,Yes,No,4.2/5,185,BTM,Mess,"Lemon Chicken, Hyderabadi Biryani, Chicken Biryani, Chicken Fry, Andhra Meal, Thali, French Chicken","North Indian, Chinese, Biryani",300,Delivery,Basavanagudi
B.M.W Bhookh Mitaane Wala,Yes,No,3.5/5,8,JP Nagar,Quick Bites,,"North Indian, South Indian, Chinese",500,Delivery,Basavanagudi
Cable Car,Yes,Yes,4.4/5,1224,Jayanagar,Casual Dining,"Pasta, Salads, Mocktails, Paneer Tikka, Biryani, Falafel, Naan","North Indian, Italian",1000,,
 ('Rated 5.0', 'RATED\n  Wonderful place! Best vegetarian restaurant in town! Great service and very good ambience!\nLoved the variety in food! Recommend everybody to go!'), ('Rated 5.0', 'RATED\n  With a good ambience, this restaurant has a nice small cable car seating available. The walls showcase various hardware tools placed inside them. The trivias pasted about the cable cars and their history.\n\nService is excellent with the crew and managers always ready to help.\nTom Kha - A Thai soup prepared from coconut milk, ('Rated 5.0', 'RATED\n  This restaurant is gonna be a go-to for vegetarians. Ambience is inspired by the cable cars as the name suggests. Food was amazing to say the least.\n\nWe had:\n1. Paneer dilbahar - Stuffed paneer. Must have.\n2. Green triangle - Must have.\n3. Veg kur kure kabab.\n4. Veg noodle wrap - Very good.\n5. Paneer tawa masala - Good.\n6. Butter kulcha.\n7. Palak masala dosa - Amazing.\n8. Paneer dosa - Amazing. They did not have this in the menu but they still asked me how I want it and made it exactly the way I wanted it. It was heartwarming to see them go the extra mile to satisfy the customers.\n9. Anjeer halwa - Must have.\n\nOverall no complaints about the place at all and a must visit for vegetarians.'), ('Rated 5.0', 'RATED\n  Wonderful place! Best vegetarian restaurant in town! Great service and very good ambience!\nLoved the variety in food! Recommend everybody to go!'), ('Rated 5.0', kaffir lime and lemon grass.\nPaneer Dilbhar -\nVegetable Noodle Wrap -\nBabycorn Ginger Chilli - \nPoori and Channa Masala -\n\nfoodnwine.in'), ('Rated 5.0'
Dakshin Kitchen,Yes,No,3.6/5,15,Basavanagudi,Quick Bites,,South Indian,100,Delivery,Basavanagudi
South Kitchen,Yes,No,4.3/5,275,Basavanagudi,Quick Bites,"Kharabath, Crispy Vada, Filter Coffee, Idli Vada, Idli Chutney, Kesari Bath, Gulab Jamun",South Indian,100,Delivery,Basavanagudi
Roofnic,No,No,3.1/5,9,Basavanagudi,Quick Bites,,Fast Food,300,Delivery,Basavanagudi
Sri Krishna Sagar,Yes,No,3.2/5,119,Banashankari,Casual Dining,,"North Indian, Chinese",400,Delivery,Basavanagudi
Vindu Andhra Ruchulu,Yes,No,3.8/5,280,Jayanagar,Casual Dining,"Raita, Chicken Curry, Fish, Mutton Biryani, Beer, Chicken Guntur, Chicken Biryani","Biryani, North Indian, Andhra",800,Delivery,Basavanagudi
Tawa Sagara,Yes,No,3.8/5,122,Jayanagar,Casual Dining,"Sea Food, Biryani, Fish Thali, Neer Dosa, Murgh Ghee Roast","Mangalorean, Seafood",700,,
" felt like I was in home n having the food.. Later part we started with other starters n main course like Kori Da sukka.. Crab fry.. Squid ghee roast.. Marawi pundi.. Chicken pulimunchi n neer dosa..each n every dish was just amazing.. I would thank tawa sagara team for hosting the party n making it very memorable... Keep it up guys"""")", ('Rated 5.0', 'RATED\n  Excellent food and worth for money... The service was also very prompt... Looks like they have not got enough publicity yet and hence the crowd on the weekday was pretty low..'), ('Rated 5.0', 'RATED\n  1) Fantastic experience\n2) Wonderful ambience\n3) Very nice staff\n4) Ultimate food what not, Very unique concept in jayanagar here must try dishes are prawns ghee roast... Marawi sukka.. squid butter garlic amazing dishes.. thumbs up to this restaurant'), ('Rated 5.0'," """"RATED\n  I just love this restaurant! This restaurant is perfect combo of quality food & great cost. I have tried both veg & non-veg dishes here and there was no bias in the taste. Being a corporate person living away from the home", the meals menu here has saved me. One can even find 'Chinese meals' here @ the cost of just Rs. 79! Additionaly," the staff's hospitality is very nice. I would recommend one should visit it at least once :)"""")",quality of food is really good. This is one place highly recommend for families ... Tawa sagar is Simply awesome.'), ('Rated 5.0'
Mandi,Yes,Yes,3.8/5,560,JP Nagar,Casual Dining,"Phirni, Chaat, Noodles, Rasgulla, Rabri, Butter Naan, Jalebi",North Indian,800,Delivery,Basavanagudi
Brews N Bites,Yes,No,2.9/5,62,Jayanagar,"Quick Bites, Cafe","Coffee, Cappuccino","Chinese, Fast Food, Cafe",650,Delivery,Basavanagudi
Earth Plate Express,Yes,No,3.9/5,33,JP Nagar,Food Court,,"Italian, Continental",600,Delivery,Basavanagudi
The Lounge - Eden Park Restaurants,No,Yes,3.7/5,151,Jayanagar,Lounge,"Mutton Biryani, Mojito, Dal Makhani, Cocktails, Raita","North Indian, Afghani",1350,Delivery,Basavanagudi
Samskruti - Sanman Gardenia,Yes,No,4.1/5,139,Jayanagar,Casual Dining,"Roti, Butter Kulcha, Fried Rice, Tomato Soup, Curd Rice, Lunch Buffet, Paneer Tikka","North Indian, Chinese, South Indian",550,Delivery,Basavanagudi
Freeze It,Yes,No,3.5/5,35,Jayanagar,Dessert Parlor,,Ice Cream,300,Delivery,Basavanagudi
Redberrys,Yes,No,4.0/5,219,Basavanagudi,Cafe,"Pizza, Fries, Anjeer Ice Cream, Sandwiches, Gelato, Burgers, Kesar Badam","Cafe, Italian",600,Delivery,Basavanagudi
1947,No,Yes,4.1/5,2303,Jayanagar,Casual Dining,"Palak Paneer, Aam Panna, Crispy Corn, Gajar Ka Halwa, Panipuri, Kulfi, Salads","North Indian, Chinese",950,Delivery,Basavanagudi
Mayuri,No,No,4.0/5,104,City Market,Casual Dining,"Chicken Biryani, Chilli Chicken, Omelette, Mutton Biryani","North Indian, Chinese",650,Delivery,Basavanagudi
Nandhini Deluxe,No,No,3.5/5,334,Jayanagar,Casual Dining,"Hyderabadi Biryani, Veg Thali, Chicken Pepper Dry, Mutton Biryani, Chicken Guntur, Fish Fry, Beer",North Indian,600,Delivery,Basavanagudi
Hotboxit,No,No,3.8/5,36,Banashankari,Delivery,Prompt Service,"North Indian, Continental, Italian",400,Delivery,Basavanagudi
The Sofraah Kebabs & Kurries - Eden Park Restaurants,No,Yes,3.8/5,176,Jayanagar,Casual Dining,"Mutton Biryani, Cocktails, Dal Makhani, Naan, Fish, Roti, Lamb","North Indian, Afghani",1350,Delivery,Basavanagudi
Hatti Punjab Di,No,No,,0,Jayanagar,Casual Dining,,"North Indian, Chinese",600,Delivery,Basavanagudi
Kidambi's Kitchen,No,No,3.5/5,52,Banashankari,Quick Bites,Rooftop Ambience,South Indian,300,Delivery,Basavanagudi
Annapooraneshwari Mess,No,No,,0,Banashankari,Mess,,South Indian,200,Delivery,Basavanagudi
Amma - Manae,No,No,,0,Banashankari,"Takeaway, Delivery",,South Indian,400,Delivery,Basavanagudi
Kotian Karavali Restaurant,No,No,3.5/5,10,Banashankari,Quick Bites,,"South Indian, Biryani",300,Delivery,Basavanagudi
Beijing Bites,No,No,2.7/5,128,Banashankari,Casual Dining,"Cantonese Noodles, Basil Chicken, Hunan Chicken Gravy, Manchow Soup, Dragon Chicken, Chicken Grill","Chinese, Thai",850,Delivery,Basavanagudi
Coffee Bytes,No,No,3.1/5,6,Banashankari,Quick Bites,,"Fast Food, South Indian",100,Delivery,Basavanagudi
Banashankari Nati Style,No,No,,0,Banashankari,Quick Bites,,"Biryani, Chinese, South Indian, North Indian",350,Delivery,Basavanagudi
Multi Snacky Hub,No,No,NEW,0,Basavanagudi,Quick Bites,,Fast Food,200,Delivery,Basavanagudi
Food Geek,Yes,No,3.8/5,25,Basavanagudi,Quick Bites,,"Sandwich, Fast Food, Rolls",350,Delivery,Basavanagudi
Happy Chopsticks,Yes,No,3.6/5,17,Basavanagudi,Quick Bites,,"Chinese, Fast Food",300,Delivery,Basavanagudi
Bhandary's Kitchen,Yes,No,3.6/5,16,Koramangala 7th Block,Delivery,,North Indian,300,Delivery,Basavanagudi
Parika Multicuisine Restaurant,Yes,Yes,3.8/5,203,Richmond Road,Casual Dining,"Tandoori Chicken, Kheer, Chicken Tikka, Butter Naan, Sweet Lassi, Caramel Custard, Panipuri","North Indian, Chinese, Mughlai",1200,Delivery,Basavanagudi
Eshanya,Yes,Yes,4.1/5,1077,Jayanagar,Casual Dining,"Spring Roll, Vanilla Ice Cream, Veg Thali, Biryani, Thandai, Roti, Tikka","North Indian, Chinese",1000,Delivery,Basavanagudi
Siddique Kabab Centre,Yes,No,3.1/5,68,Jayanagar,Quick Bites,"Chicken Grill, Rumali Roti, Rolls","Mughlai, North Indian, Kebab, Rolls, Chinese",550,Delivery,Basavanagudi
The Lassi Park,Yes,No,4.1/5,185,Jayanagar,Quick Bites,"Faluda, Brownie, Sandwich, Kulfi, Fruit Salad, Sweet Lassi, Chocolate Fudge","Juices, Desserts",200,Delivery,Basavanagudi
Cool Bites,Yes,No,,0,Koramangala 4th Block,Quick Bites,,"Fast Food, Juices",200,Delivery,Basavanagudi
Upahara Darshini,Yes,No,3.9/5,40,Basavanagudi,Casual Dining,Masala Dosa,"North Indian, Chinese, South Indian, Fast Food",600,Delivery,Basavanagudi
Metro Military Hotel,Yes,No,,0,Shanti Nagar,Quick Bites,,"South Indian, Chinese, North Indian",300,Delivery,Basavanagudi
Targaryen's Kitchen,Yes,No,3.6/5,43,JP Nagar,Casual Dining,Tandoori Chicken,"Chinese, North Indian, Mughlai",600,Delivery,Basavanagudi
Shri Vinayaka Ice N Juice,Yes,No,3.7/5,17,Jayanagar,Quick Bites,,"Fast Food, Beverages",200,Delivery,Basavanagudi
Desi Cream Junction,Yes,Yes,3.7/5,36,Jayanagar,Casual Dining,Vegetarian,"Chinese, North Indian, Pizza, Italian",650,Delivery,Basavanagudi
Kickin Burger,Yes,No,3.1/5,22,Jayanagar,Quick Bites,,Fast Food,400,Delivery,Basavanagudi
Grow Fit,Yes,No,3.6/5,16,JP Nagar,"Takeaway, Delivery",,"Healthy Food, North Indian, Thai",500,Delivery,Basavanagudi
Baker's Glove,Yes,No,3.3/5,7,Jayanagar,"Bakery, Quick Bites",,"Desserts, Bakery",550,Delivery,Basavanagudi
Vennela Andhra Meals,Yes,No,3.0/5,23,Jayanagar,Quick Bites,,Andhra,400,Delivery,Basavanagudi
Upahara Sagar,Yes,No,3.0/5,25,Jayanagar,Quick Bites,,"South Indian, North Indian, Chinese",300,Delivery,Basavanagudi
Gustoes Beer House,No,No,4.1/5,868,Banashankari,Pub,"Beer, Wedges, Pizza, Nachos, Salads, Papaya Salad, Buffalo Wings","Continental, Italian, Mexican, North Indian, Chinese, Steak",1200,Delivery,Basavanagudi
Clove Rooftop,No,Yes,3.8/5,235,Jayanagar,Casual Dining,"Sea Food, Fish, Masala Papad, Chilli Paneer, Cocktails, Corn Pakoda, Biryani","Konkan, Seafood",1000,Delivery,Basavanagudi
K27 - The Pub,No,No,3.1/5,30,Banashankari,Bar,,"Chinese, North Indian",1000,Delivery,Basavanagudi
Darbar,No,No,3.0/5,98,Banashankari,Bar,"Paneer Tikka, Dal Kichadi, French Fries","North Indian, Chinese",800,Delivery,Basavanagudi
Ganesh Grand,Yes,No,3.7/5,30,Basavanagudi,Quick Bites,,"South Indian, North Indian, Desserts",300,Delivery,Basavanagudi
Falafal,Yes,No,3.3/5,4,City Market,"Takeaway, Delivery",,"Healthy Food, Juices",200,Delivery,Basavanagudi
VEGeatz,Yes,No,3.4 /5,19,Banashankari,Quick Bites,,"South Indian, North Indian",200,Delivery,Basavanagudi
House of Tasty Food,No,No,-,0,Wilson Garden,Quick Bites,,North Indian,400,Delivery,Basavanagudi
Super Chef's (New Royal treat),No,No,-,0,Bannerghatta Road,Quick Bites,,"North Indian, Chinese, South Indian",,Delivery,Basavanagudi
Heritage Cafe,No,No,3.6 /5,11,Jayanagar,Quick Bites,,"Fast Food, Tea",200,Delivery,Basavanagudi
Chef Master,Yes,No,3.8/5,75,Jayanagar,Quick Bites,"Fish Curry, Appam, Tea, Egg Roast, Sea Food","Kerala, North Indian, Chinese",300,Delivery,Basavanagudi
Adithya,Yes,No,3.2/5,9,Jayanagar,Quick Bites,,"North Indian, Chinese",400,Delivery,Basavanagudi
Akshaya Sweets & Chats,Yes,No,,0,Jayanagar,Sweet Shop,,"Mithai, Street Food",200,Delivery,Basavanagudi
Crystal Grandeur,Yes,No,,0,Jayanagar,Casual Dining,,"North Indian, Chinese, Continental",600,Delivery,Basavanagudi
Jayanagar Grill House,Yes,No,3.5/5,35,Jayanagar,Quick Bites,,"Biryani, Kebab",250,Delivery,Basavanagudi
Mane Holige,No,No,4.3/5,141,Jayanagar,"Sweet Shop, Quick Bites",Obbattu,"Mithai, South Indian",200,Delivery,Basavanagudi
Nagarjuna Chimney,No,No,4.0/5,920,Jayanagar,Casual Dining,"Chicken Biryani, Andhra Meal, Pepper Chicken, Andhra Thali, Chilli Chicken, Murgh Ghee Roast, Vegetable Biryani","Andhra, Biryani",600,Delivery,Basavanagudi
Kailash Parbat,No,No,3.8/5,71,Jayanagar,Food Court,"Chaat, Bombay Bhel, Pav Bhaji","South Indian, Chinese, North Indian",1200,Delivery,Basavanagudi
Enerjuvate Studio & Cafe,No,Yes,4.2/5,731,Jayanagar,Cafe,"Pizza, Vegetarian, Momo Platter, Momos, Nachos, Salsa, Salad","Cafe, Continental, Beverages, Healthy Food, Desserts, Sandwich, Pizza, Salad",800,Delivery,Basavanagudi
Corner House Ice Cream,No,No,4.3/5,345,Banashankari,Dessert Parlor,"Hot Chocolate Fudge, Vanilla Ice Cream, Fudge Cake, Chocolate Mousse","Ice Cream, Desserts",400,Delivery,Basavanagudi
Cafe Cosy,No,Yes,4.1/5,102,Jayanagar,Cafe,"Pasta, Pizza, Mocktails","Cafe, Chinese, Continental, Fast Food",800,Delivery,Basavanagudi
Peppy Peppers,No,No,4.2/5,244,Banashankari,Casual Dining,"Pasta, Pepper Pizza, Paneer Pizza, Peppy Paneer, Nachos, Supreme Pizza, Manchow Soup","Italian, North Indian, Mexican",800,,
the taste isn't that bad.\nWe ordered butter chicken fries and honestly I wasn't satisfied with the taste,there was hardly any cheese or chicken (hope that improves)\nAnd we ordered tacos too which was really really good and cheesy.If you're a zomato gold member,"then it's definitely worth it.\nFood:3/5\nAmbience:4/5"""")", ('Rated 5.0', 'RATED\n  The food here was totally good! And taste was is really yumm. Service was quite food. The taser here are was next level. Then ambience was quit good then lucky I got some taste food'), 'RATED\n  This restaurant was newly opened and we thought of giving it a try. Around 8 members went here. The ambience was good that have done it with done innovative ideas.\n\nIt was Mexican type restaurant we had ordered burrito, biryani and some fancy named dishes.\n\nGarnishing was good but the service was really bad they are first giving biryani and then starters.\nThe cost was little bit on higher side.\n\n\nThey should improve on these things to get going'), ('Rated 3.0'," """"RATED\n  Peppy peppers is a Mexican cuisine restaurant which recently opened in banshakari.\nThe interiors are really really cute and the decor is well planned",as soon as you enter there is a small swing where you can click amazing pics and it has cute paintings all over on the walls.\nComing to the food it has a large variety of Mexican and Italian food and for a new start up,"then it's definitely worth it.\nFood:3/5\nAmbience:4/5"""")", ('Rated 5.0'
Roving Feast,No,No,4.0/5,1047,Banashankari,Quick Bites,"Pasta, Momos, Rolls, Chicken Roll, Chilli Chicken, Paneer Roll, Spaghetti","Italian, Continental, Fast Food, Chinese, Momos",450,Delivery,Basavanagudi
Mishra's Pedha Big Foods,No,No,3.9/5,56,Jayanagar,Dessert Parlor,"Peda, Dhokla, Vada Pav, Samosa, Jalebi","Desserts, Mithai",200,Delivery,Basavanagudi
La Casa,No,Yes,3.6/5,571,Jayanagar,Casual Dining,"Beer, Pasta, Burgers, Biryani, Masala Peanuts, Noodles, Au Gratin","Continental, Italian, Chinese, North Indian",800,Delivery,Basavanagudi
Sharma Ji Chaats And Desi khana,No,No,NEW,0,Jayanagar,Quick Bites,,"North Indian, Street Food",200,Delivery,Basavanagudi
Sugar Rush,No,No,3.8/5,39,Banashankari,Bakery,,"Bakery, Desserts",300,Delivery,Basavanagudi
Revoli Hotel,No,No,3.5/5,21,Shanti Nagar,Casual Dining,,"South Indian, Chinese",450,Delivery,Basavanagudi
Al-Madina Restaurant,No,No,3.4/5,22,City Market,Casual Dining,,"Arabian, North Indian, Chinese, Kerala",400,Delivery,Basavanagudi
Spicy Tandoor,No,No,NEW,0,Banashankari,Quick Bites,,North Indian,150,Delivery,Basavanagudi
Alfa Family Restaurant,No,No,3.0/5,27,Wilson Garden,Casual Dining,,"North Indian, Arabian, Chinese",400,Delivery,Basavanagudi
Al Khaleej Snacks Corner,No,No,NEW,0,Jayanagar,Quick Bites,,"Lebanese, Fast Food, Beverages",200,Delivery,Basavanagudi
Trendz Corner,No,No,3.6/5,31,Jayanagar,Quick Bites,,"South Indian, North Indian",200,Delivery,Basavanagudi
Cafe Terra,Yes,No,NEW,0,Jayanagar,Cafe,,"Cafe, Continental",700,Delivery,Basavanagudi
Rolls On Wheels,No,No,3.6/5,299,Banashankari,Quick Bites,"Rolls, Momos, Fries, Veggie Roll, Chicken Kebab Roll, Paneer Roll, Cheese Roll","Fast Food, Rolls, Momos",300,Delivery,Basavanagudi
Fishland Deluxe,No,No,3.5/5,9,Jayanagar,Quick Bites,,"South Indian, North Indian, Chinese, Kebab",500,Delivery,Basavanagudi
Hungry Lion,No,No,3.0/5,16,Wilson Garden,Quick Bites,,"Street Food, Beverages",200,Delivery,Basavanagudi
Tarbouche,Yes,No,NEW,0,Jayanagar,Kiosk,,"Turkish, Rolls",300,Delivery,Basavanagudi
Kolbeh,No,No,3.7/5,22,Banashankari,Quick Bites,,Fast Food,500,Delivery,Basavanagudi
Upahar Sagar,No,No,3.8/5,39,Banashankari,Quick Bites,Masala Dosa,"South Indian, Chinese, North Indian",350,Delivery,Basavanagudi
Adda,No,No,3.3/5,5,Shanti Nagar,Quick Bites,,South Indian,300,Delivery,Basavanagudi
Sai Super Sandwich,Yes,No,NEW,0,Banashankari,Quick Bites,,"Sandwich, Beverages",200,Delivery,Basavanagudi
4th Tea Block,No,No,4.0/5,62,Jayanagar,Cafe,"Rose Tea, Hibiscus Tea, Masala Chai, Ginger Tea",Cafe,150,Delivery,Basavanagudi
Parimala Sweets,No,No,3.5/5,14,Banashankari,Sweet Shop,,"Mithai, Street Food",200,Delivery,Basavanagudi
Big Bites,No,No,3.6/5,21,Jayanagar,Quick Bites,,"Chinese, Fast Food",200,Delivery,Basavanagudi
The Big O Bakes,No,No,4.0/5,66,Banashankari,Bakery,,"Bakery, Desserts",300,Delivery,Basavanagudi
The Taj Hotel,No,No,3.5/5,12,City Market,Quick Bites,,"Biryani, Mughlai",350,Delivery,Basavanagudi
Vijaya Sagar,No,No,3.6/5,15,Wilson Garden,Quick Bites,,"South Indian, North Indian, Chinese",300,Delivery,Basavanagudi
Krishna Sagar,No,No,3.5/5,31,Banashankari,Quick Bites,,North Indian,200,Delivery,Basavanagudi
Cuppa,No,No,3.2/5,59,Jayanagar,"Cafe, Casual Dining","Coffee, Sandwich","Cafe, Fast Food",550,Delivery,Basavanagudi
Divina - Eden Park Restaurants,No,No,4.0/5,147,Jayanagar,Dessert Parlor,"Apple Pie, New York Cheesecake",Desserts,400,Delivery,Basavanagudi
Kaggis,No,No,3.8/5,64,Banashankari,Quick Bites,,"Fast Food, Bakery",250,Delivery,Basavanagudi
Juicemaker,No,No,3.8/5,38,Jayanagar,Quick Bites,,"Juices, Fast Food",300,Delivery,Basavanagudi
Sri Krishna Sweets,No,No,,0,Jayanagar,Sweet Shop,,Mithai,100,Delivery,Basavanagudi
Coffee House,No,No,,0,Jayanagar,Quick Bites,,"Beverages, Bakery",150,Delivery,Basavanagudi
Ayda Persian Kitchen,No,No,3.7/5,39,Banashankari,Casual Dining,,"North Indian, Iranian",950,Delivery,Basavanagudi
Rakesh Kumar Pani Poori,No,No,3.6/5,13,Jayanagar,Quick Bites,,Street Food,100,Delivery,Basavanagudi
Take A Break,No,No,3.4/5,7,Shanti Nagar,Casual Dining,,North Indian,600,Delivery,Basavanagudi
Chatar Patar,No,No,3.7/5,65,Banashankari,Quick Bites,"Panipuri, Chaat, Noodles, Dahi Bhalle","Fast Food, Street Food",300,Delivery,Basavanagudi
Priya Restaurant,No,No,,0,Jayanagar,Quick Bites,,"South Indian, North Indian",250,Delivery,Basavanagudi
Kannadigas Karavali,No,No,,0,Banashankari,Quick Bites,,"Mangalorean, South Indian, North Indian",250,Delivery,Basavanagudi
Darkolates,No,No,,0,Banashankari,Confectionery,,Desserts,200,Delivery,Basavanagudi
Rasoi Family Restaurant,No,No,,0,City Market,Quick Bites,,"North Indian, Chinese",300,Delivery,Basavanagudi
Me And My Cake,No,No,,0,Banashankari,Delivery,,"Bakery, Desserts",500,Delivery,Basavanagudi
Rishab Bhawan,No,No,,0,Jayanagar,Quick Bites,,"Fast Food, Street Food",150,Delivery,Basavanagudi
New Biryani Mane,No,No,,0,Jayanagar,Quick Bites,,"South Indian, Biryani",400,Delivery,Basavanagudi
Kaumudis Juoice,No,No,,0,Banashankari,"Beverage Shop, Quick Bites",,"Beverages, Fast Food, Juices",150,Delivery,Basavanagudi
The Table,No,No,,0,Jayanagar,Bakery,,"Bakery, Desserts",400,Delivery,Basavanagudi
Sri Sai Tiffannies,No,No,,0,Banashankari,Quick Bites,,"South Indian, Chinese",150,Delivery,Basavanagudi
Bengaluru Foodies,No,No,,0,Jayanagar,Quick Bites,,"North Indian, South Indian",300,Delivery,Basavanagudi
Aliyar Cafe Sweet Palace,No,No,,0,Jayanagar,Quick Bites,,"Fast Food, Burger, Rolls, Beverages",250,Delivery,Basavanagudi
New Sri Udupi Restaurant,No,No,,0,Jayanagar,Quick Bites,,"North Indian, South Indian, Chinese, Beverages, Fast Food",200,Delivery,Basavanagudi
New Indraprasta,No,No,NEW,0,Banashankari,Quick Bites,,"South Indian, Beverages",150,Delivery,Basavanagudi
Bitez,No,No,NEW,0,Banashankari,Quick Bites,,Fast Food,100,Delivery,Basavanagudi
Lama Restaurant,No,No,,0,City Market,Quick Bites,,"North Indian, Chinese, Biryani",250,Delivery,Basavanagudi
Sihi Chocolaterie,No,No,3.7/5,26,Jayanagar,Dessert Parlor,,Desserts,300,Delivery,Basavanagudi
Fitbakes,No,No,3.6/5,13,Jayanagar,Delivery,,"Bakery, Healthy Food",400,Delivery,Basavanagudi
Cakes & Slices,No,No,3.5/5,13,Banashankari,Bakery,,"Bakery, Desserts",300,Delivery,Basavanagudi
MRS Paradise,No,No,3.4/5,21,Jayanagar,Casual Dining,,"South Indian, North Indian, Chinese",650,Delivery,Basavanagudi
Coffee Shopee,No,No,,0,Banashankari,"Takeaway, Delivery",,Beverages,250,Delivery,Basavanagudi
Sri Udupi Veg,No,No,3.3/5,4,Jayanagar,Quick Bites,,South Indian,250,Delivery,Basavanagudi
Babas Kitchen,No,No,,0,City Market,,,"Chinese, North Indian",300,Delivery,Basavanagudi
Hari Super Sandwich,No,No,NEW,0,Banashankari,"Takeaway, Delivery",,"Sandwich, Pizza, Beverages",200,Delivery,Basavanagudi
Atithi Point Ande Ka Funda,No,No,3.1/5,29,Banashankari,Quick Bites,,North Indian,150,Delivery,Basavanagudi
Parjanya Chat Zone,No,No,3.3/5,17,Banashankari,Quick Bites,,"Street Food, Fast Food",200,Delivery,Basavanagudi
Kwality Wall's Swirl's Happiness Station,No,No,2.9/5,25,Banashankari,Dessert Parlor,,"Ice Cream, Desserts",200,Delivery,Basavanagudi
Murali Miltary Hotel,No,No,,0,Jayanagar,Quick Bites,,Biryani,300,Delivery,Basavanagudi
Sri Basaveshwar Jolada Rotti Oota,No,No,,0,Banashankari,Quick Bites,,South Indian,150,Delivery,Basavanagudi
Sneha's Kitchen,No,No,,0,Jayanagar,Delivery,,North Indian,200,Delivery,Basavanagudi
Foodlieious Multi Cuisine,No,No,NEW,0,Banashankari,Quick Bites,,North Indian,100,Delivery,Basavanagudi
FNP Cakes N More,No,No,NEW,0,Wilson Garden,Delivery,,Bakery,700,Delivery,Basavanagudi
Rustic Treats,No,No,3.3/5,4,Jayanagar,"Quick Bites, Cafe",,"Street Food, Cafe",400,Delivery,Basavanagudi
Hotel Coronation,No,No,3.3/5,5,City Market,Quick Bites,,"North Indian, Chinese, Kebab, Rolls",350,Delivery,Basavanagudi
Kolkata Restaurant,No,No,3.0/5,7,Jayanagar,Quick Bites,,"Bengali, North Indian, Chinese",300,Delivery,Basavanagudi
Davanagere Benne Dosa,No,No,NEW,0,Jayanagar,Quick Bites,,South Indian,150,Delivery,Basavanagudi
Hyper Scoop,Yes,No,,0,Shanti Nagar,Dessert Parlor,,"Desserts, Ice Cream",300,Delivery,Basavanagudi
Delhi Food Factory,Yes,No,,0,JP Nagar,Delivery,,North Indian,500,Delivery,Basavanagudi
Kamat Restaurant,Yes,No,3.6/5,31,City Market,Casual Dining,,"South Indian, North Indian, Chinese, Desserts, Juices",400,Delivery,Basavanagudi
Green Mango Restaurant,Yes,No,,0,BTM,Quick Bites,,"Kerala, South Indian",300,Delivery,Basavanagudi
Sk Grand Hotel,No,No,3.2/5,6,Jayanagar,Casual Dining,,South Indian,400,Delivery,Basavanagudi
As On Fire,Yes,No,3.5/5,41,South Bangalore,Food Truck,Pizza,"Pizza, Fast Food, BBQ",400,Delivery,Basavanagudi
Drunken Monkey,Yes,No,3.9/5,60,Jayanagar,"Beverage Shop, Quick Bites","Sandwiches, Fruit Juices, Choco Almond, Cheese Sandwich","Beverages, Fast Food",400,Delivery,Basavanagudi
Sree Sagar,Yes,No,,0,Banashankari,Quick Bites,,South Indian,200,Delivery,Basavanagudi
Parivar,Yes,No,3.8/5,109,Jayanagar,Casual Dining,"Sea Food, Beer, Prawn, Neer Dosa, Palak Rice, Tandoori Chicken","North Indian, Chinese",500,Delivery,Basavanagudi
Kamat Swaad,Yes,No,3.9/5,193,JP Nagar,Casual Dining,"Jowar Roti, Akki Rottis, Buttermilk, Idli, Thali, Vada, Bajji","South Indian, North Indian, Chinese",400,Delivery,Basavanagudi
J Spice,Yes,No,3.8/5,59,Banashankari,Casual Dining,"Stuffed Mushroom, Chicken Biryani, Jal-jeera","North Indian, Chinese",750,Delivery,Basavanagudi
Cakeport,Yes,No,3.4/5,20,Jayanagar,Bakery,,Bakery,400,Delivery,Basavanagudi
Food Singh,Yes,No,,0,JP Nagar,Delivery,,North Indian,500,Delivery,Basavanagudi
Sethi's,Yes,No,,0,JP Nagar,Delivery,,"North Indian, Chinese, BBQ",600,Delivery,Basavanagudi
Navab's,Yes,No,,0,JP Nagar,Delivery,,Mughlai,600,Delivery,Basavanagudi
Wat-a-Biryani,Yes,No,,0,JP Nagar,Delivery,,Biryani,500,Delivery,Basavanagudi
Chination,Yes,No,,0,JP Nagar,Delivery,,Chinese,600,Delivery,Basavanagudi
The Sip Shop,Yes,No,NEW,0,Basavanagudi,Quick Bites,,"Pizza, Beverages, Ice Cream",200,Delivery,Basavanagudi
Cafe Mist,Yes,No,3.8/5,186,JP Nagar,Cafe,"Barbecue Chicken Burger, Coffee, Ice Tea, Peri Peri Chicken, Pasta, Maggi, Nachos","Cafe, American, Continental, Italian",500,Delivery,Basavanagudi
Great Indian Rolls,Yes,No,3.3/5,4,Basavanagudi,Quick Bites,,Rolls,100,Delivery,Basavanagudi
Kaulige Millet Corner,Yes,No,3.3/5,4,Basavanagudi,Quick Bites,,"Healthy Food, South Indian",150,Delivery,Basavanagudi
Petoo,Yes,No,3.9/5,20,Jayanagar,Quick Bites,,"North Indian, Fast Food, Street Food",800,Delivery,Basavanagudi
Just Sandwiches,Yes,No,3.6/5,10,BTM,Quick Bites,,Sandwich,100,Delivery,Basavanagudi
V B Bakery,No,No,4.2/5,502,Basavanagudi,Bakery,"Honey Cake, Apple Cake, Potato Bun, Fruit Cake, Bun Butter Jam, Bun Masala, Veg Puff",Bakery,150,Desserts,Basavanagudi
Corner House Ice Cream,No,No,4.3/5,372,Basavanagudi,Dessert Parlor,"Hot Chocolate Fudge, Apple Cake, Almond Fudge, Banana Split, Fudge Cake, Chocolate Sundae, Creamy Vanilla Ice Cream","Ice Cream, Desserts",400,Desserts,Basavanagudi
Sri Venkateshwara Sweet Meat Stall,No,No,4.0/5,98,Basavanagudi,"Sweet Shop, Quick Bites","Mysore Pak, Pav Bhaji, Chaat, Masala Poori, Badam Milk, Paratha, Panipuri","Mithai, Street Food, North Indian, Chinese",400,Desserts,Basavanagudi
XO Belgian Waffle,Yes,No,3.9/5,56,Basavanagudi,Dessert Parlor,"Waffles, Nutella Waffle, Thick Shakes","Desserts, Beverages",400,Desserts,Basavanagudi
Bakers Day,No,No,3.9/5,48,Basavanagudi,Bakery,,"Bakery, Desserts",200,Desserts,Basavanagudi
Amma's Pastries,No,No,3.9/5,95,Basavanagudi,Dessert Parlor,"Donut, Chocolate Cheese",Bakery,400,Desserts,Basavanagudi
Iceberg Icecreams,Yes,No,4.0/5,43,Basavanagudi,Dessert Parlor,,"Desserts, Ice Cream",250,Desserts,Basavanagudi
Baskin Robbins,No,No,3.7/5,25,Basavanagudi,Dessert Parlor,,"Ice Cream, Desserts",250,Desserts,Basavanagudi
Amande Patisserie,Yes,No,4.0/5,73,Basavanagudi,Bakery,"Macaroon, Mousse, Caramel Eclair","Bakery, French, Desserts",300,Desserts,Basavanagudi
Fudge,Yes,No,3.8/5,36,Basavanagudi,Dessert Parlor,,"Desserts, Momos",200,Desserts,Basavanagudi
Redberrys,Yes,No,4.0/5,219,Basavanagudi,Cafe,"Pizza, Fries, Anjeer Ice Cream, Sandwiches, Gelato, Burgers, Kesar Badam","Cafe, Italian",600,Desserts,Basavanagudi
Srinivasa Brahmins Bakery,No,No,3.6/5,16,Basavanagudi,"Bakery, Quick Bites",,"Bakery, Street Food",150,Desserts,Basavanagudi
Jain Bakes,No,No,3.6/5,8,Basavanagudi,Bakery,,"Bakery, Desserts",250,Desserts,Basavanagudi
Polar Bear,Yes,No,3.8/5,71,Basavanagudi,Dessert Parlor,Hot Chocolate Fudge,"Ice Cream, Desserts, Beverages, Sandwich",400,Desserts,Basavanagudi
Havmor,Yes,No,3.8/5,21,Basavanagudi,Dessert Parlor,,"Ice Cream, Desserts",200,Desserts,Basavanagudi
Cafe Aira,Yes,No,4.1/5,216,Basavanagudi,Cafe,"Pasta, Nachos, Jalapeno Poppers, Burrito Bowl, Ferrero Rocher Shake, Falafal Sandwich, Banana Waffles","Cafe, Continental, Beverages, Desserts",500,Desserts,Basavanagudi
KC Das - Sweet Spot,No,No,3.6/5,46,Basavanagudi,"Sweet Shop, Quick Bites",,"Mithai, Street Food",200,Desserts,Basavanagudi
Diabetics Dezire Sugarless Sweets and Bakes,Yes,No,3.3/5,13,Basavanagudi,"Dessert Parlor, Sweet Shop",,"Desserts, Mithai",300,Desserts,Basavanagudi
Sri Ganesh Sweets,No,No,3.7/5,16,Basavanagudi,Sweet Shop,,Mithai,250,Desserts,Basavanagudi
Frozen Bottle,Yes,No,4.1/5,46,Basavanagudi,Beverage Shop,Brownie,"Beverages, Desserts",400,Desserts,Basavanagudi
Sweet Truth,Yes,No,NEW,0,Basavanagudi,Bakery,,"Bakery, Desserts",500,Desserts,Basavanagudi
A2B Veg - Adyar Ananda Bhavan,Yes,No,2.7/5,97,Basavanagudi,Casual Dining,Masala Dosa,"South Indian, Fast Food, Street Food",400,Desserts,Basavanagudi
The Bakery World,No,No,3.7/5,33,Basavanagudi,Dessert Parlor,,"Bakery, Desserts",250,Desserts,Basavanagudi
Sugar Stars Co,No,No,,0,Basavanagudi,Bakery,,"Bakery, Desserts",300,Desserts,Basavanagudi
Cake Yard,Yes,No,3.3/5,9,Basavanagudi,Dessert Parlor,,Desserts,250,Desserts,Basavanagudi
Old Mumbai Ice Cream,Yes,No,3.8/5,41,Basavanagudi,Dessert Parlor,,Ice Cream,150,Desserts,Basavanagudi
Sri Krishna Sweets,Yes,No,3.7/5,22,Basavanagudi,Sweet Shop,,"Mithai, Desserts",250,Desserts,Basavanagudi
Cake Ghar,Yes,No,3.8/5,15,Basavanagudi,Bakery,,Bakery,400,Desserts,Basavanagudi
Just Bake,Yes,No,3.3/5,41,Basavanagudi,Bakery,,"Bakery, Desserts",400,Desserts,Basavanagudi
Mumbai Badam Milk & Lassi Center,Yes,No,3.6/5,23,Basavanagudi,Kiosk,,"Beverages, Desserts",100,Desserts,Basavanagudi
Thanco's Natural Ice Cream,Yes,No,3.6/5,69,Basavanagudi,Dessert Parlor,,"Ice Cream, Desserts",450,Desserts,Basavanagudi
Butter Cup,No,No,,0,Basavanagudi,Dessert Parlor,,"Desserts, Bakery",250,Desserts,Basavanagudi
Bombay Kulfi,No,No,,0,Basavanagudi,Dessert Parlor,,"Desserts, Ice Cream",150,Desserts,Basavanagudi
Sri Rajalakshmi Sweets and Bakery,No,No,,0,Basavanagudi,Bakery,,"Bakery, Mithai",500,Desserts,Basavanagudi
Shringar Sweets & Snacks,Yes,No,3.5/5,11,Basavanagudi,"Sweet Shop, Quick Bites",,"Mithai, South Indian, Street Food, Fast Food",200,Desserts,Basavanagudi
Asha Sweets Centre,Yes,No,3.6/5,27,Basavanagudi,Dessert Parlor,,Fast Food,250,Desserts,Basavanagudi
South Cool Point,Yes,No,,0,Basavanagudi,Dessert Parlor,,Beverages,100,Desserts,Basavanagudi
Shree Mahalakshmi Sweets,No,No,,0,Basavanagudi,"Sweet Shop, Dessert Parlor",,"Mithai, Desserts, Bakery",100,Desserts,Basavanagudi
Cake Of The Day,No,No,3.2/5,4,Basavanagudi,Bakery,,Bakery,150,Desserts,Basavanagudi
Cake Art,No,No,3.5/5,15,Basavanagudi,"Bakery, Quick Bites",,Bakery,400,Desserts,Basavanagudi
Cakoholic,No,No,,0,Basavanagudi,Bakery,,"Bakery, Desserts",650,Desserts,Basavanagudi
Ibaco,Yes,No,3.8/5,78,Basavanagudi,Dessert Parlor,,Desserts,300,Desserts,Basavanagudi
Cake Of Day,No,No,NEW,0,Basavanagudi,Bakery,,Bakery,150,Desserts,Basavanagudi
Tea Villa Cafe,No,Yes,4.3/5,633,Jayanagar,"Cafe, Casual Dining","Tea, Waffles, Coffee, Nutella Waffle, Pizza, Wedges, Pasta","Cafe, Continental, Mediterranean, Italian, Desserts",800,,
" """"RATED\n  A great hang out option right in the heart of Jaynagar ...it's a delightful tea lovers..I had the kashmiri kahwa after I first tried it in Leh. The restaurant is very aesthetically designed. They have different seating options including a julha. Suggest you book in advance and go. The food options are also plenty but pure vegetarian. Service is prompt . Visit tea villa for a good meal. Pricing is on the higher side."""")", ('Rated 4.0'," """"RATED\n \nThis place is Located in the corner of the Road where Mayyas Restaurant is present. We decided to go here for the New Year and we had to wait for 15-20 mins to get a table because of the New Year Crowd. This place is so cozy and ambience is amazing?. The place looks more like French Styled", if you've been to Pondicherry you would know this. They have seperate Menu Book for Food and a separate Menu book for teas and they've about 300 flavours of Teas available. We ordered a Chilly Cheese Toast and Mixed Fruit Waffle," chilly cheese toast. Chilly Cheese Toast was absolutely lip smacking\U0001f929 and we ate all of them in the next 5 mins. Wasn't really impressed with the presentation of the Waffles as I'm used to having high quality Belgium Waffles and have tried many flavours. But wanna come down again to try some more stuff on an ordinary day to avoid the waiting time. You need to find a place to park your vehicle here and table booking is recommended.  """")", 'RATED\n  Found this place at the corner of jayanagar. There are such places which gives me a cozy and positivw vibe when i see it. This is one of those places. Loved the ambience. I loved how they focus on spreading the essence of tea with their several attractive flavours and most of all good for health and your body. I mostly loved the place for its calm and energising aroma and lighting. I sat on the balcony with my best friend Nikita Shukla and spending the first day of the year of 2019 made it even more special. A great place to have conversations with your loved ones over a tea, finger food and some delicious pancakes. Sanjay, our amazing host for the day advised us to take the best food and so grateful for his help. ?'), ('Rated 4.0', 'RATED\n  Good place for hanging out? I loved the waffles there and I would eat them day and night \U0001f973 wish I could taste all the different kinds of dishes and capture all of them in my camera roll \U0001f92a they have approximately 300 or more tea to taste as am not a tea lover i never ordered for it. I would rather drink hot chocolate ?? ambience is pretty good as I love purple ??'), ('Rated 4.0'," """"RATED\n \nThis place is Located in the corner of the Road where Mayyas Restaurant is present. We decided to go here for the New Year and we had to wait for 15-20 mins to get a table because of the New Year Crowd. This place is so cozy and ambience is amazing?. The place looks more like French Styled"
Milano Ice Cream,No,No,4.5/5,197,Jayanagar,Dessert Parlor,"Chocolate Sundae, Gelato Ice Cream, Chocolate Truffle, Coffee, Cheesecake","Ice Cream, Desserts",400,Desserts,Basavanagudi
Thyme & Whisk,Yes,No,NEW,0,Jayanagar,Casual Dining,"Pizza, Momos, Brownie, Pasta, Nachos, Waffles, Onion Rings","Asian, Chinese, Continental, Italian",800,Desserts,Basavanagudi
Mane Holige,No,No,4.3/5,141,Jayanagar,"Sweet Shop, Quick Bites",Obbattu,"Mithai, South Indian",200,Desserts,Basavanagudi
Maiyas,Yes,No,4.0/5,1778,Jayanagar,Quick Bites,"Coffee, Thali, Kharabath, Masala Dosa, Idli Vada, Vanilla Ice Cream, Bisi Bele Bhaath","North Indian, South Indian, Fast Food, Juices",200,Desserts,Basavanagudi
Natural Ice Cream,No,No,4.4/5,366,Jayanagar,Dessert Parlor,"Guava Ice Cream, Coffee Walnut, Tender Coconut Ice Cream, Waffle Cone, Mango Ice Cream, Fruit Ice Cream, Waffles","Ice Cream, Desserts",150,Desserts,Basavanagudi
The Caramelts Cafe,No,No,4.2/5,223,Jayanagar,Cafe,"Burgers, Coffee, Pasta, Peri Peri Fries, Kit Kat Shake, Nachos, Paneer Tikka Pizza","Cafe, Salad, Wraps, Beverages",800,,
 Mushroom duplex, Peri Peri fries, Ala Alfredo Pasta, Cheese Garlic bread, pesto Pizza and Exotic Veg Pizza. We also ordered chocolate ice cream for dessert.\nThe pasta and pizza were too notch. The cheese on the pizza was so fresh and smooth. Pesto pizza was a little let down. The starters were all good and yummy.\nThe ice cream was very nice and loved it.\nA must visit place, ('Rated 5.0', 'RATED\n  What a cosy place to laze around & d perfect kinda food served to jus spend a smooth evening ... It was raining wen i visited & jus enjoyed watching d rain n sipping & eating d delectes.'), ('Rated 5.0', 'RATED\n  Newly opened cafe, staff is so nice and ambiance was great!! We ordered burger, 'RATED\n  A good place in Bengaluru city, Jayanagar. The name caramelts cafe made us step into this cafe on a late saturday evening. The location is very prime but the only drawback would be the parking space. You need to struggle a lot for that.else everything is fine apart from that. They have got very good cakes. All their menu was unique and tasted good. But the pricing is on a higher end. One can visit there atleast once for sure. Their ambience is great..loved it.')
Cool Joint,No,No,4.2/5,820,Jayanagar,Beverage Shop,"Sandwiches, Hot Chocolate Fudge, Faluda, Paneer Sandwich, Grilled Sandwich, Cheese Sandwich, Tomato Soup","Beverages, Desserts",250,Desserts,Basavanagudi
Poonam Sweets,No,No,4.4/5,356,Banashankari,Sweet Shop,"Dhokla, Jalebi, Badam Milk, Rabri, Rasgulla, Rasmalai, Samosa Kachori",Mithai,150,Desserts,Basavanagudi
Bubblewrap Waffle Co.,Yes,No,4.4/5,356,Jayanagar,Dessert Parlor,"Pizza Waffles, Sandwich, Hot Chocolate, Fries, Marshmallow, Cheesecake, Nutella Shake","Desserts, Beverages",400,Desserts,Basavanagudi
Mishra's Pedha Big Foods,No,No,3.9/5,56,Jayanagar,Dessert Parlor,"Peda, Dhokla, Vada Pav, Samosa, Jalebi","Desserts, Mithai",200,Desserts,Basavanagudi
Dr. Bubbles,Yes,No,4.2/5,95,Jayanagar,"Beverage Shop, Dessert Parlor","Waffles, Iced Coffee, Yoghurt Shake, Belgian Chocolate Waffle, Ice Tea, Faluda","Beverages, Desserts",400,Desserts,Basavanagudi
Cakewala,Yes,No,4.2/5,228,Jayanagar,Dessert Parlor,"Chocolava, Burgers, Chocolate Truffle, Rolls, Rainbow Cake, Mousse, Veg Puff","Bakery, Desserts",500,Desserts,Basavanagudi
The Belgian Waffle Co.,Yes,No,3.8/5,152,Jayanagar,Dessert Parlor,Waffles,"Desserts, Beverages",350,Desserts,Basavanagudi
Roll Over,Yes,No,4.1/5,438,Jayanagar,Dessert Parlor,"Rolls, Ice Cream Roll, Paan Ice Cream, Coffee, Vanilla Ice Cream, Chocolate Icecreams, Mississippi Mudpie","Desserts, Ice Cream, Beverages, Fast Food, Sandwich",500,Desserts,Basavanagudi
Starbucks,No,No,4.1/5,108,Jayanagar,Cafe,Coffee,"Cafe, Desserts",700,Desserts,Basavanagudi
Stoned Monkey,Yes,No,4.3/5,860,Banashankari,Dessert Parlor,"Nachos, Cup Cake, Hot Chocolate Fudge, Salsa, Cheesy Garlic Bread, Waffles, Tiramisu","Desserts, Ice Cream",500,Desserts,Basavanagudi
Jalaram Sweets,Yes,No,3.8/5,32,Jayanagar,Sweet Shop,,"Desserts, Mithai",250,Desserts,Basavanagudi
Chocoberry,Yes,No,3.5/5,56,Jayanagar,Dessert Parlor,"Waffles, Cup Cake, Chocolate Cake","Ice Cream, Desserts, Beverages",400,Desserts,Basavanagudi
Magic Meals,Yes,No,3.7/5,47,Jayanagar,"Quick Bites, Dessert Parlor","Biryani, Thick Shakes, Fries","Fast Food, Desserts, Beverages",400,Desserts,Basavanagudi
San Churro Cafe,Yes,No,3.8/5,918,Banashankari,"Cafe, Casual Dining","Churros, Cannelloni, Minestrone Soup, Hot Chocolate, Pink Sauce Pasta, Salsa, Veg Supreme Pizza","Cafe, Mexican, Italian",800,Desserts,Basavanagudi
Sai Super Sandwich,Yes,No,NEW,0,Banashankari,Quick Bites,,"Sandwich, Beverages",200,Desserts,Basavanagudi
Krispy Kreme,Yes,No,4.0/5,253,Jayanagar,Dessert Parlor,"Coffee, Chocolate Donut, Chocolate Dreamcake, Cookie Crunch, Double Chocolate Cake, Hot Chocolate","Desserts, Beverages",300,Desserts,Basavanagudi
Sugar Rush,No,No,3.8/5,39,Banashankari,Bakery,,"Bakery, Desserts",300,Desserts,Basavanagudi
Big Mishra Pedha,Yes,No,2.9/5,23,Jayanagar,Sweet Shop,,Mithai,250,Desserts,Basavanagudi
Kanti Sweets,Yes,No,4.0/5,115,Banashankari,Sweet Shop,,"Mithai, Street Food",400,Desserts,Basavanagudi
Iyengar Bakery,Yes,No,3.6/5,27,Jayanagar,"Bakery, Quick Bites",,"Bakery, Fast Food, Desserts, Beverages",200,Desserts,Basavanagudi
Keventers,Yes,No,3.9/5,210,Jayanagar,"Beverage Shop, Dessert Parlor","Thick Shakes, Chocolate Hazelnut Shake, Mango Shake, Choco Hazelnut, Milk Shake, Chocolate Oreo, Strawberry Milkshake","Desserts, Beverages, Ice Cream",400,Desserts,Basavanagudi
The Studio Cafe,No,No,3.8/5,20,Jayanagar,Cafe,,"Cafe, Beverages",400,Desserts,Basavanagudi
Baker's Glove,Yes,No,3.3/5,7,Jayanagar,"Bakery, Quick Bites",,"Desserts, Bakery",550,Desserts,Basavanagudi
Sreeraj Lassi Bar,Yes,No,4.1/5,210,Jayanagar,"Dessert Parlor, Beverage Shop","Faluda, Mango Lassi, Sweet Lassi, Fruit Salad, Shrikhand, Matka Kulfi, Pudina Lassi","Beverages, Desserts",150,Desserts,Basavanagudi
Anand Sweets and Savouries,No,No,3.7/5,46,Banashankari,"Sweet Shop, Quick Bites",,"Mithai, Street Food",400,Desserts,Basavanagudi
Kirthi's Biryani,Yes,No,3.8/5,144,Banashankari,Cafe,"Pasta, Gelato, Garlic Bread, Mojito, Nachos, Paneer Pizza, Mocktails","Chinese, Cafe, Italian",700,Desserts,Basavanagudi
Durga Bikaner Sweets,No,No,3.7/5,15,Jayanagar,Quick Bites,,"Street Food, Mithai",100,Desserts,Basavanagudi
Iyengar Bakery,No,No,3.7/5,44,Jayanagar,Bakery,,Bakery,200,Desserts,Basavanagudi
Sweet Chariot,No,No,,0,Jayanagar,Bakery,,"Bakery, Desserts, Fast Food",500,Desserts,Basavanagudi
Waffle Stories,Yes,No,4.2/5,249,Jayanagar,Dessert Parlor,"Choco Blast Waffles, Coffee, Nitrogen Ice Cream, Brownie Sundae, Nutella Waffle, Kitkat Waffles, Brownie Waffle","Desserts, Beverages",300,Desserts,Basavanagudi
Parimala Sweets,No,No,3.5/5,14,Banashankari,Sweet Shop,,"Mithai, Street Food",200,Desserts,Basavanagudi
Apsara Ice Cream,No,No,4.1/5,59,Jayanagar,Dessert Parlor,Friendly Staff,"Ice Cream, Desserts",200,Desserts,Basavanagudi
The Big O Bakes,No,No,4.0/5,66,Banashankari,Bakery,,"Bakery, Desserts",300,Desserts,Basavanagudi
Divina - Eden Park Restaurants,No,No,4.0/5,147,Jayanagar,Dessert Parlor,"Apple Pie, New York Cheesecake",Desserts,400,Desserts,Basavanagudi
Kaggis,No,No,3.8/5,64,Banashankari,Quick Bites,,"Fast Food, Bakery",250,Desserts,Basavanagudi
Sri Krishna Sweets,No,No,,0,Jayanagar,Sweet Shop,,Mithai,100,Desserts,Basavanagudi
Cocoa Bakes,Yes,No,3.6/5,14,Banashankari,Bakery,,"Bakery, Desserts",350,Desserts,Basavanagudi
Take A Break,No,No,3.4/5,7,Shanti Nagar,Casual Dining,,North Indian,600,Desserts,Basavanagudi
Darkolates,No,No,,0,Banashankari,Confectionery,,Desserts,200,Desserts,Basavanagudi
Cake Paradise,Yes,No,,0,Jayanagar,Bakery,,"Bakery, Desserts",350,Desserts,Basavanagudi
Cakeport,Yes,No,3.4/5,20,Jayanagar,Bakery,,Bakery,400,Desserts,Basavanagudi
Waffle-A-Go Go,Yes,No,3.9/5,70,Banashankari,Dessert Parlor,Waffles,"Fast Food, Desserts, Ice Cream",400,Desserts,Basavanagudi
Krusts N Krumbs,No,No,,0,Jayanagar,Bakery,,"Bakery, Desserts",350,Desserts,Basavanagudi
Me And My Cake,No,No,,0,Banashankari,Delivery,,"Bakery, Desserts",500,Desserts,Basavanagudi
Mukesh Sweet Centre,No,No,,0,Banashankari,Sweet Shop,,Mithai,300,Desserts,Basavanagudi
The Table,No,No,,0,Jayanagar,Bakery,,"Bakery, Desserts",400,Desserts,Basavanagudi
Aliyar Cafe Sweet Palace,No,No,,0,Jayanagar,Quick Bites,,"Fast Food, Burger, Rolls, Beverages",250,Desserts,Basavanagudi
Cafe Coffee Day,No,No,NEW,0,Wilson Garden,Cafe,,"Cafe, Fast Food",900,Desserts,Basavanagudi
Freeze It,Yes,No,3.5/5,35,Jayanagar,Dessert Parlor,,Ice Cream,300,Desserts,Basavanagudi
Pop Hop,Yes,No,4.1/5,204,Jayanagar,Dessert Parlor,"Choco Hazelnut, Belgian Chocolate, Strawberry Sorbet, Mango Sorbet, Mango Cheesecake, Mojito, Belgium Chocolate","Ice Cream, Desserts",300,Desserts,Basavanagudi
Sihi Chocolaterie,No,No,3.7/5,26,Jayanagar,Dessert Parlor,,Desserts,300,Desserts,Basavanagudi
Fitbakes,No,No,3.6/5,13,Jayanagar,Delivery,,"Bakery, Healthy Food",400,Desserts,Basavanagudi
Cakes & Slices,No,No,3.5/5,13,Banashankari,Bakery,,"Bakery, Desserts",300,Desserts,Basavanagudi
Kulfreeze,No,No,3.9/5,16,Jayanagar,Dessert Parlor,,"Ice Cream, Desserts",200,Desserts,Basavanagudi
Arun Ice Cream,No,No,3.4/5,7,Banashankari,Dessert Parlor,,"Ice Cream, Desserts",150,Desserts,Basavanagudi
Kwality Wall's Swirl's Happiness Station,No,No,2.9/5,25,Banashankari,Dessert Parlor,,"Ice Cream, Desserts",200,Desserts,Basavanagudi
Tea Bar,No,No,,0,Jayanagar,"Bakery, Beverage Shop",,"Bakery, Tea, Beverages",100,Desserts,Basavanagudi
Cakecraft,No,No,,0,Jayanagar,Takeaway,,Desserts,350,Desserts,Basavanagudi
Sweet N Swirl,No,No,3.2/5,17,Banashankari,Dessert Parlor,,"Desserts, Ice Cream",150,Desserts,Basavanagudi
Roti Ghar,Yes,No,3.9/5,750,Basavanagudi,Casual Dining,"Coffee, Spring Roll, Roti, Panneer Butter Masala, Noodles, Butter Naan, Masala Dosa","North Indian, Chinese, South Indian",500,Dine-out,Basavanagudi
The Rogue Elephant,No,Yes,4.3/5,1037,Basavanagudi,Casual Dining,"Salads, Masala Chai, Brownie, Wine Sauteed Mushrooms, Salad, Apple Pie, Pasta Alfredo","Desserts, Asian, Beverages",1000,Dine-out,Basavanagudi
Mint and Mustard,Yes,No,4.0/5,232,Basavanagudi,Casual Dining,"Paneer Tikka, Masala Papad, Garlic Naan","North Indian, Chinese",750,Dine-out,Basavanagudi
Grand Village,No,No,3.8/5,166,Basavanagudi,Casual Dining,"Panipuri, Gol Gappe","North Indian, Rajasthani",600,Dine-out,Basavanagudi
Bharjari Oota,No,No,3.9/5,153,Basavanagudi,Casual Dining,"Curd Rice, Coriander Soup, Masala Dosa, Biryani, Thali",South Indian,350,Dine-out,Basavanagudi
Onesta,Yes,Yes,4.6/5,1755,Basavanagudi,"Casual Dining, Cafe","Barbeque Chicken Pizza, Mushroom Ravioli, Pasta, Lasagne, Berryblast, Mocktails, Potato Wedges","Pizza, Cafe, Italian",600,Dine-out,Basavanagudi
Baba Chatkora,No,No,4.1/5,428,Basavanagudi,Casual Dining,"Chaap, Matka Lassi, Paneer Tikka, Dal Makhani, Chole Kulche, Paneer Kulcha, Paratha","North Indian, Street Food",1000,Dine-out,Basavanagudi
Gokul Veg,Yes,No,3.8/5,469,Basavanagudi,Casual Dining,"Masala Papad, Paneer Satay, Vegetable Biryani, Panneer Butter Masala, Tomato Soup, Manchow Soup, Roti","North Indian, Chinese, Beverages",750,Dine-out,Basavanagudi
Steaming Mugs,Yes,No,3.9/5,240,Basavanagudi,Cafe,"Fries, Oreo Shake, Pasta Arrabiata",Cafe,700,Dine-out,Basavanagudi
Baisakhi,Yes,No,3.8/5,527,Basavanagudi,Casual Dining,"Masala Chaach, Tomato Shorba, Gajar Ka Halwa, Biryani, Deluxe Punjabi Thali, Rajma, Paneer Tikka Masala",North Indian,500,Dine-out,Basavanagudi
SLV Corner Restaurant,Yes,No,4.1/5,364,Basavanagudi,Casual Dining,"Masala Dosa, Filter Coffee, Maddur Vada, Curd Vadai, Onion Dosa, Upma, Sunday Breakfast","South Indian, Chinese, North Indian, Street Food, Rolls, Juices",550,Dine-out,Basavanagudi
Soho Bar & Grill,No,No,2.7/5,377,Basavanagudi,Pub,"Thai Chicken, Chicken Lollipop, Cocktails, Jeera Rice, Rolls, Draught Beer, French Fries","North Indian, Chinese, Thai",1100,Dine-out,Basavanagudi
Srinathji's Cafe,No,No,3.8/5,148,Basavanagudi,"Casual Dining, Cafe","Paratha, Sandwich, Chilli Idli, Noodles, Sandwiches, Lime Soda","North Indian, Cafe, Chinese, Fast Food",550,Dine-out,Basavanagudi
Timepass Dinner,Yes,No,3.8/5,286,Basavanagudi,Casual Dining,"Onion Rings, Pasta, Kadhai Paneer, Salads, Salad, Roti, Jeera Rice",North Indian,600,Dine-out,Basavanagudi
Aadhya Hotel,Yes,No,3.3/5,5,Basavanagudi,"Casual Dining, Bar",,"South Indian, North Indian, Chinese, Biryani",800,Dine-out,Basavanagudi
Kollapuri's,No,No,3.9/5,206,Basavanagudi,Quick Bites,"Chicken Biryani, Mutton Biryani, Egg Biryani, Chicken Fry, Mutton Fry","South Indian, Mangalorean",450,Dine-out,Basavanagudi
Zephyr,No,No,3.9/5,133,Basavanagudi,Casual Dining,"Chilli Paneer Pizza, Mocktails, French Fries, White Sauce Pasta, Nachos, Manchurian","Italian, Continental",650,Dine-out,Basavanagudi
Nandhini Deluxe,No,No,3.6/5,160,Basavanagudi,Casual Dining,Biryani,"Andhra, Chinese, North Indian",800,Dine-out,Basavanagudi
Nisarga Garden Restaurant,No,No,3.4/5,51,Basavanagudi,Quick Bites,,"South Indian, Chinese, Desserts, Beverages",350,Dine-out,Basavanagudi
Redberrys,Yes,No,4.0/5,219,Basavanagudi,Cafe,"Pizza, Fries, Anjeer Ice Cream, Sandwiches, Gelato, Burgers, Kesar Badam","Cafe, Italian",600,Dine-out,Basavanagudi
New Prashanth Hotel,No,No,3.9/5,66,Basavanagudi,Casual Dining,,South Indian,400,Dine-out,Basavanagudi
Prakash Cafe,No,No,3.4/5,26,Basavanagudi,Casual Dining,,South Indian,700,Dine-out,Basavanagudi
Beetle Juice Bar - Springs Hotel & Spa,No,Yes,3.7/5,64,Basavanagudi,Bar,Rooftop Ambience,Finger Food,2200,Dine-out,Basavanagudi
Cafe Aira,Yes,No,4.1/5,216,Basavanagudi,Cafe,"Pasta, Nachos, Jalapeno Poppers, Burrito Bowl, Ferrero Rocher Shake, Falafal Sandwich, Banana Waffles","Cafe, Continental, Beverages, Desserts",500,Dine-out,Basavanagudi
Cafe Mondo,Yes,No,3.7/5,514,Basavanagudi,Cafe,"Pizza, Pasta Alfredo, Brownie, Garlic Bread, Sandwiches, Lemon Mojito, Mocha Fudge","Cafe, Italian, Beverages",600,Dine-out,Basavanagudi
Little Cafe,Yes,No,3.7/5,54,Basavanagudi,Cafe,"Pasta, Pizza, Burgers, Pancakes, Garlic Bread","Cafe, Beverages",600,Dine-out,Basavanagudi
A2B Veg - Adyar Ananda Bhavan,Yes,No,2.7/5,97,Basavanagudi,Casual Dining,Masala Dosa,"South Indian, Fast Food, Street Food",400,Dine-out,Basavanagudi
MG's Fine Dining & Bar - Springs Hotel & Spa,No,Yes,3.8/5,21,Basavanagudi,Casual Dining,,"North Indian, Asian, Continental",800,Dine-out,Basavanagudi
Curry Leaves,Yes,No,4.1/5,176,Basavanagudi,Casual Dining,"Brownie, Mojito, Prawn Ghee Roast, Corn Tikki, Mushroom Ghee Roast, Pinacolada, Biryani","Andhra, North Indian, Chinese",800,Dine-out,Basavanagudi
House Of Kebabs,Yes,No,3.8/5,540,Basavanagudi,Casual Dining,"Rolls, Shawarma, Butter Chicken, Mutton Biryani, Lahori Chicken, Chicken Roll, Grape Juice","North Indian, Kebab, Biryani, Chinese",650,Dine-out,Basavanagudi
1980s Games Cafe,Yes,No,3.4/5,58,Basavanagudi,Cafe,"Maggi, Pasta, Burgers, Sandwiches, Fries","Cafe, Fast Food",400,Dine-out,Basavanagudi
RS Shiv Sagar,No,No,3.7/5,217,Basavanagudi,Casual Dining,"Chaat, Brownie, Onion Rings, Tomato Soup, Paneer Manchurian, Thali, Faluda","North Indian, Chinese, South Indian, Fast Food, Juices",450,Dine-out,Basavanagudi
South Point Pub,Yes,No,3.4/5,11,Basavanagudi,Bar,,"North Indian, Seafood, Chinese",800,Dine-out,Basavanagudi
Swadd Kitchen,Yes,No,3.4/5,4,Basavanagudi,Casual Dining,,"North Indian, Fast Food",500,Dine-out,Basavanagudi
Ma-Arya Family Restaurant,No,No,3.7/5,61,Basavanagudi,Casual Dining,"Mutton Biryani, Crispy Fried Chicken","Biryani, South Indian, North Indian, Chinese, Andhra",600,Dine-out,Basavanagudi
Cafe Coffee Day,Yes,No,2.8/5,30,Basavanagudi,Cafe,,"Cafe, Fast Food",900,Dine-out,Basavanagudi
Pramukh Family Restaurant,No,No,3.9/5,111,Basavanagudi,Casual Dining,"Murgh Ghee Roast, Malai Kofta, Butter Chicken, Donne Biryani, Cocktails, Palak Rice, Masala Peanuts","North Indian, Chinese, Mughlai",700,Dine-out,Basavanagudi
Upahara Darshini,Yes,No,3.9/5,40,Basavanagudi,Casual Dining,Masala Dosa,"North Indian, Chinese, South Indian, Fast Food",600,Dine-out,Basavanagudi
New Prashanth Hotel,No,No,2.9/5,34,Basavanagudi,Casual Dining,,"South Indian, Biryani, Chinese, North Indian",750,Dine-out,Basavanagudi
Old Days North Indian Restaurant,No,No,,0,Basavanagudi,Casual Dining,,North Indian,450,Dine-out,Basavanagudi
Shringar Sweets & Snacks,Yes,No,3.5/5,11,Basavanagudi,"Sweet Shop, Quick Bites",,"Mithai, South Indian, Street Food, Fast Food",200,Dine-out,Basavanagudi
B & B The Pub,No,No,3.6/5,29,Basavanagudi,"Casual Dining, Bar",,"Asian, Continental",1000,Dine-out,Basavanagudi
The Upper Deck - Raaj Residency,Yes,No,3.6/5,35,Basavanagudi,Casual Dining,,"North Indian, Chinese",800,Dine-out,Basavanagudi
Chai Mane,No,No,3.2/5,6,Basavanagudi,"Beverage Shop, Quick Bites",,"Beverages, Sandwich",100,Dine-out,Basavanagudi
Anand Sagar Inn,No,No,3.3/5,6,Basavanagudi,Casual Dining,,"South Indian, North Indian, Chinese",450,Dine-out,Basavanagudi
Parijatha,No,No,,0,Basavanagudi,Casual Dining,,"South Indian, Chinese",400,Dine-out,Basavanagudi
Belly Squad Food Truck,No,No,3.8/5,55,South Bangalore,Food Truck,"Biryani, Momos, Rolls","Chinese, Rolls, Biryani, Momos",300,Dine-out,Basavanagudi
Gandharva Family Restaurant,No,No,3.6/5,36,Basavanagudi,Casual Dining,,"North Indian, Chinese",900,Dine-out,Basavanagudi
Mavalli Tiffin Room (MTR),No,No,4.5/5,2896,Basavanagudi,Quick Bites,"Rava Idli, Filter Coffee, Ghee Masala Dosa, Badam Halwa, Upma, Raita, Rasam Rice",South Indian,250,Dine-out,Basavanagudi
Vidyarthi Bhavan,No,No,4.4/5,4460,Basavanagudi,Quick Bites,"Filter Kaapi, Filter Coffee, Khara Bhath, Maddur Vada, Crispy Masala Dosa, Kesari Bath, Ghee Masala Dosa",South Indian,150,,
 ('Rated 3.0'," """"RATED\n  Heard lot about this place..In last 2 years I never got a chance to visit this place as I heard that there's a long queue on weekends and one Saturday early morning I went"," then also it was almost full. Have ordered masala dosa..idly ..vada and kesari bath with filter coffee..\nDosa is very small in size and crispy taste wise good\nIdly is soft and filter coffee is really good.\nBut the I felt this place as overrated..\nOtherwise of u stay nearby then it's a pocket friendly good South Indian breakfast joint.."""")", ('Rated 5.0', 'RATED\n  No words for this legendary place... Best masala dose in Bangalore ... Crowded place should wait for table ...it may take even an hour due to the crowd tat the hotel gets.... Hats off to these legendary restaurant!!!'), 'RATED\n  Yummy ,Crispy and Buttery Masala Dosas\nVidyarthi Bhavan is a very small hotel in Basavanagudi main road.\n\nMust try items are (also easily available) items are vada and Masala Dosa.\n\nThe specialty is the way the waiters bring the masala dosas stacked up on their hands.\n\nMust visit atleast once for the experience.'), ('Rated 5.0'," """"RATED\n  One of the oldest & iconic restaurants in Bengaluru", it's a must visit place for anyone staying here / planning a week's stay.\nIf you are planning to visit on a weekend with family, steamy hot idli wada with spicy sambhar. Khara bhath also tastes very good. A filter coffee is a must before you sign off from the place with a filled tummy.\nThe walls are adorned with pictures of famous personalities who have visited the place. Very simple ambience & decor with lungi clad waiters moving around with multiple plates of dosas, but truly delightful range of food.\n\nThe entire experience starting from the long wait outside to having the yummy cuisines inside
Brahmin's Coffee Bar,No,No,4.8/5,2679,Basavanagudi,Quick Bites,"Filter Coffee, Kesari Bath, Idli Vada, Upma, Badam Milk, Kharabath, Tea",South Indian,100,Dine-out,Basavanagudi
Eat Repeat,Yes,No,3.9/5,101,Basavanagudi,Quick Bites,"Sweet Pongal, Curd Rice",South Indian,150,Dine-out,Basavanagudi
Kabab Magic,Yes,No,4.1/5,1720,Basavanagudi,Quick Bites,"Grape Juice, Chicken Grill, Chicken Tikka Roll, Shawarma Roll, Chicken Shawarama, Biryani Combo, Rolls","North Indian, Kebab, Chinese, Fast Food",400,Dine-out,Basavanagudi
Sri Guru Kottureshwara Davangere Benne Dosa,Yes,No,4.1/5,558,Basavanagudi,Quick Bites,"Benne Dosa, Mirchi Bajji, Filter Coffee, Poha, Tea, Butter Dosa, Crispy Dosa",South Indian,150,Dine-out,Basavanagudi
Energy Addaa,Yes,No,4.2/5,64,Basavanagudi,Quick Bites,"Pizza, Nachos, Salads, Peri Peri Fries, Brownie, Pasta Alfredo, Spaghetti","Salad, Healthy Food, Sandwich, Juices, Burger, Desserts, Pizza",500,Dine-out,Basavanagudi
Karnataka Bhel House,Yes,No,4.1/5,449,Basavanagudi,Quick Bites,"Masala Poori, Bhel Puri, Panipuri, Chaat, Dahipuri, Sev Puri, Dahi Aloo Puri",Street Food,100,Dine-out,Basavanagudi
KFC,Yes,No,3.8/5,319,Basavanagudi,Quick Bites,"Fries, Hot Wings, Burgers, Rice Bowl","Burger, Fast Food",400,,
 a good experience..'), ('Rated 2.0', 'RATED\n  An order takes more than 30 mins to be served. I have only seen happening at this pace at Basvangudi. Need to improve on time. Better be prepared for an alternative if you are hungry ..'), ('Rated 4.0'," """"RATED\n  Located opposite slv", very sad).veg strips are a derivative of the burger patty is also good. Kold coffee is decent. Though I'm a vegetarian," I love visiting KFC. I've heard a lot about non veg food here. Rice bowl is decent and filling."""")", ('Rated 4.5', 'RATED\n  Coooooooooooool............. I love non veg..... I say its the best and people who are lovers of non veg and can spend money .... this is the best place ever.......... wooooooowwwww...... awesome dude.....'), ('Rated 3.5', with less seating.\nAfternoon hunger cannot control by anyone, my mind thinks of KFC for OMG burger ? and krushers. Ended up taking these two ? ?\nOMG burger defines the name itself Oh my God
Bhavani Restaurant,No,No,3.9/5,100,Basavanagudi,Quick Bites,"Coffee, Vada, Curd Rice, Ghee Roast Paneer, Thali","South Indian, North Indian, Chinese",300,Dine-out,Basavanagudi
Chinese Kitchen,Yes,No,3.8/5,58,Basavanagudi,Quick Bites,,Chinese,150,Dine-out,Basavanagudi
McDonald's,Yes,No,3.6/5,276,Basavanagudi,Quick Bites,"Burgers, Fries, Schezwan Burger, Maharaja Mac","Burger, Fast Food",500,Dine-out,Basavanagudi
Hotel Dwarka,No,No,4.2/5,253,Basavanagudi,Quick Bites,"Khali Dosa, Kali Dosa, Upma, Filter Coffee, Kesari Bath, Set Dosa, Masala Dosa",South Indian,250,Dine-out,Basavanagudi
Vijayalakshmi,Yes,No,3.9/5,47,Basavanagudi,Quick Bites,,South Indian,200,Dine-out,Basavanagudi
Puliyogare Point,Yes,No,4.2/5,444,Basavanagudi,Quick Bites,"Sweet Pongal, Mini Idlis, Filter Coffee, Open Masala Dosa, Pakoda, Vada, Raagi Dosa",South Indian,100,Dine-out,Basavanagudi
Hari Super Sandwich,No,No,4.1/5,279,Basavanagudi,Quick Bites,"Chocolate Sandwich, Corn Sandwich, Chocolate Sandwiches, Lassi, Chilli Cheese, Chaat, Panipuri","Fast Food, Street Food",200,Dine-out,Basavanagudi
South Kitchen,Yes,No,4.3/5,275,Basavanagudi,Quick Bites,"Kharabath, Crispy Vada, Filter Coffee, Idli Vada, Idli Chutney, Kesari Bath, Gulab Jamun",South Indian,100,Dine-out,Basavanagudi
Udupi Sri Krishna Bhavan,No,No,4.1/5,238,Basavanagudi,Quick Bites,"Masala Dosa, Vada, Obbattu, Badam Milk, Khara Bhath, Coffee, Puri Saagu",South Indian,600,Dine-out,Basavanagudi
Goli Vada Pav No. 1,Yes,No,3.7/5,93,Basavanagudi,Quick Bites,"Masala Vada Pav, Cheese Vada Pav, Fries",Street Food,200,Dine-out,Basavanagudi
Udupi Grand,Yes,No,3.8/5,74,Basavanagudi,Quick Bites,"Coffee, Masala Dosa, Vegetable Biryani","South Indian, North Indian, Chinese",300,Dine-out,Basavanagudi
Ice Thunder,No,No,3.8/5,124,Basavanagudi,Quick Bites,"Masala Poori, Rumali Roti, Sandwiches, Chaat, Burgers","South Indian, Fast Food, North Indian, Desserts",300,Dine-out,Basavanagudi
Millet Mama,Yes,No,3.9/5,18,Basavanagudi,Quick Bites,,"South Indian, Healthy Food",200,Dine-out,Basavanagudi
Domino's Pizza,Yes,No,3.9 /5,770,Basavanagudi,Quick Bites,"Stuffed Garlic Bread, Tacos, Golden Corn Pizza, Chocolava","Pizza, Fast Food",400,Dine-out,Basavanagudi
Upahara Darshini,No,No,4.2 /5,257,Basavanagudi,Quick Bites,"Masala Dosa, Vada, Set Dosa, Filter Coffee, Raita, Idli Sambar, Bonda",South Indian,150,Dine-out,Basavanagudi
Chinese Square,Yes,No,3.9 /5,49,Basavanagudi,Quick Bites,,Chinese,200,Dine-out,Basavanagudi
Cool Corner,No,No,4.2 /5,196,Basavanagudi,Quick Bites,"Sandwich, Masala Dosa, Set Dosa, Onion Dosa, Coffee, Rava Dosa, Chaat","Street Food, Fast Food",250,Dine-out,Basavanagudi
Sandwichwallas,Yes,No,4.0 /5,133,Basavanagudi,Quick Bites,"Garlic Bread, Sandwiches, Veg Burger, Pizza Sandwich, Burgers, French Fries, Wedges",Fast Food,200,Dine-out,Basavanagudi
Twiststick House,Yes,No,4.1 /5,169,Basavanagudi,Quick Bites,"White Pasta, Noodles, Babycorn Manchurian, Pizza, Veg Momos, Fry Momos, Tawa Pulav","Continental, Fast Food, Street Food, Momos",500,Dine-out,Basavanagudi
By 2 Coffee,Yes,No,3.7 /5,28,Basavanagudi,Quick Bites,,South Indian,100,Dine-out,Basavanagudi
Kamat Bugle Rock,Yes,No,3.9 /5,549,Basavanagudi,Quick Bites,"Jowar Roti, Buttermilk, Manchurian, Brinjal Curry, Jolada Rotti, Coffee, Panneer Butter Masala","South Indian, Fast Food",300,Dine-out,Basavanagudi
Mahalaxmi Tiffin Room,No,No,4.1 /5,181,Basavanagudi,Quick Bites,"Masala Dosa, Filter Coffee, Vada, Kali Dosa, Rava Idli, Carrot Halwa, Khali Dosa",South Indian,100,Dine-out,Basavanagudi
Lalbagh Grand,Yes,No,3.1 /5,23,Basavanagudi,Quick Bites,,"South Indian, North Indian, Chinese",250,Dine-out,Basavanagudi
Pizza Hut,Yes,No,2.9 /5,142,Basavanagudi,Quick Bites,Garlic Bread,"Pizza, Fast Food",750,,
 'RATED\n  Very bad no proper seats poor taste and serving no chance of adding toppings only 1 menu card vry vry bad taste so small place and poor serving'), ('Rated 1.0'," """"RATED\n  Worst", worst, worst.....\nLack of staff....\nUnhygienic....\nVery unhygienic Staff working there were not wearing gloves... Staff working on billing goes directly to dough preparing counter without washing hands... Then comes to the billing counter to do the billing....goes back again without washing hands to do the topping for the pizza... Yuck.. Yuck... Yuck...\nTables were very dirty.... No staff was there to clean it... I was there for 40 min... In that 40 min allmost all the tables were with left over," pizza boxes were thrown all over on the tables... Very very very unhygienic.... I would say it's better to stay hungry or it's better to control our temptation rather entering to such dirty place like Pizza Hut ( Basvangudi franchises )...\nI had order Potatoes poppers n garlic bread both was worst in taste ..potatoes poppers was not fried properly... Garlic bread was stale.... Really Waste of time n money..."""")", ('Rated 1.0', 'RATED\n  This will be my first and last order to this place. Placed order at 7.30 pm and I receive pizza almost at 9pm!!!!..to add to the disaster, they forgot part of my deliveryÃƒÂƒÃ‚Â°ÃƒÂ‚\x9fÃƒÂ‚\x98ÃƒÂ‚Ã‚Â¡...the pizza and garlic bread were cold as dead body finally when we sat to eat.ÃƒÂƒÃ‚Â°ÃƒÂ‚\x9fÃƒÂ‚\x98ÃƒÂ‚\xa0'), ('Rated 4.0'," """"RATED\n  Had ordered it by calling them what they even don't know that they accept gift cards or not when the pizza came it was cold and Pizzas were not cut properly I am unsatisfied"""")", ('Rated 1.0'
Polar Bear,Yes,No,3.9 /5,75,Basavanagudi,Dessert Parlor,Hot Chocolate Fudge,"Desserts, Ice Cream, Beverages, Sandwich",400,Dine-out,Basavanagudi
Kaulige Millet Corner,No,No,3.3 /5,4,Basavanagudi,Quick Bites,,"Healthy Food, South Indian",150,Dine-out,Basavanagudi
Ganesh Grand,No,No,3.7 /5,32,Basavanagudi,Quick Bites,,"South Indian, North Indian, Desserts",300,Dine-out,Basavanagudi
Kadala Tarangaa,Yes,No,3.7 /5,50,Basavanagudi,Quick Bites,,"Seafood, Chinese, South Indian, North Indian",300,Dine-out,Basavanagudi
Right Pizza,Yes,No,-,0,Basavanagudi,Quick Bites,,Pizza,300,Dine-out,Basavanagudi
Chinese Corner,No,No,2.8 /5,34,Basavanagudi,Quick Bites,,Chinese,200,Dine-out,Basavanagudi
Basavanagudi Mylari,No,No,4.0 /5,53,Basavanagudi,Quick Bites,"Coffee, Idli, Masala Dosa, Sagu Dosa, Kesari Bath, Kharabath, Plain Dosa",South Indian,300,Dine-out,Basavanagudi
Mulabagilu Dosa,Yes,No,3.6 /5,13,Basavanagudi,Quick Bites,,South Indian,100,Dine-out,Basavanagudi
Kolkata King,Yes,No,3.6 /5,7,Basavanagudi,Quick Bites,,"Fast Food, Rolls",300,Dine-out,Basavanagudi
Mezban Family Restaurant,Yes,No,-,0,Basavanagudi,Quick Bites,,"Chinese, North Indian",300,Dine-out,Basavanagudi
Subway,Yes,No,3.8 /5,177,Basavanagudi,Quick Bites,"Chocolate Cookies, Mexican Patty, Double Chocolate Cookie, Veggie Delight","Salad, Fast Food, Sandwich, Healthy Food",500,Dine-out,Basavanagudi
New Modern Hotel,No,No,4.2 /5,280,Basavanagudi,Quick Bites,"Coffee, Masala Dosa, Vada, Idli, Puri Saagu, Upma, Set Dosa",South Indian,150,Dine-out,Basavanagudi
The Sip Shop,Yes,No,3.3 /5,5,Basavanagudi,Quick Bites,,"Pizza, Beverages, Ice Cream",200,Dine-out,Basavanagudi
Sri Krishna Veg,No,No,3.5 /5,4,Basavanagudi,Quick Bites,,South Indian,100,Dine-out,Basavanagudi
Shrinidhi Military Hotel,No,No,3.3 /5,8,Basavanagudi,Quick Bites,,"North Indian, Mughlai",300,Dine-out,Basavanagudi
Ganesh Chats,No,No,3.7 /5,8,Basavanagudi,Quick Bites,,"Street Food, Fast Food",100,Dine-out,Basavanagudi
New Udupi Anand Bhavan,No,No,3.5 /5,5,Basavanagudi,Quick Bites,,South Indian,150,Dine-out,Basavanagudi
Hotel Janatha,No,No,4.1 /5,52,Basavanagudi,Quick Bites,"Masala Dosa, Rava Dosa, Khali Dosa, Vada, Filter Coffee, Kali Dosa, Kesari Bath",South Indian,150,Dine-out,Basavanagudi
Mota Bawarchi,No,No,-,0,Basavanagudi,Quick Bites,,"North Indian, Biryani, Fast Food",300,Dine-out,Basavanagudi
New Chickpete Donne Biryani,Yes,No,3.5 /5,68,Basavanagudi,Quick Bites,,Biryani,250,Dine-out,Basavanagudi
Dakshin Kitchen,No,No,3.6 /5,16,Basavanagudi,Quick Bites,,South Indian,100,Dine-out,Basavanagudi
Nammura Donne Biriyani,Yes,No,3.5 /5,160,Basavanagudi,Quick Bites,,"Mughlai, Biryani",400,Dine-out,Basavanagudi
Chaatimes,Yes,No,3.9 /5,142,Basavanagudi,Quick Bites,"Dabeli, Faluda, Masala Poori, Tokri Chaat, Sandwiches, Pav Bhaji, Basket Chat","Street Food, Fast Food",200,Dine-out,Basavanagudi
New Shanthi Sagar,No,No,2.7 /5,51,Basavanagudi,Quick Bites,"Coffee, Masala Dosa, Masala Poori, Kadhai Paneer, Thali","South Indian, North Indian, Chinese, Street Food",600,Dine-out,Basavanagudi
The Chaat Shop,No,No,2.5 /5,35,Basavanagudi,Quick Bites,"Badam Milk, Potato Twister, Pav Bhaji, Panipuri, Tikki Chaat, Cheese Cutlet",Fast Food,200,Dine-out,Basavanagudi
Shree Venkateshwara North Karnataka Hotel,No,No,4.0 /5,65,Basavanagudi,Quick Bites,"Buttermilk, Jolada Rotti",South Indian,200,Dine-out,Basavanagudi
Faasos,Yes,No,3.4 /5,6,Jayanagar,Quick Bites,,"North Indian, Biryani, Fast Food",500,Dine-out,Basavanagudi
Aahar Cafe,No,No,-,0,Basavanagudi,Quick Bites,,South Indian,100,Dine-out,Basavanagudi
Arya Vysya Refreshment,No,No,-,0,Basavanagudi,Quick Bites,,South Indian,100,Dine-out,Basavanagudi
Victoria Terminus,No,No,-,0,Basavanagudi,Quick Bites,,"Fast Food, Maharashtrian",250,Dine-out,Basavanagudi
Shreyas Upahar & Burger Point,Yes,No,3.2 /5,10,Basavanagudi,Quick Bites,,"South Indian, Burger",200,Dine-out,Basavanagudi
Sri Krishna Darshini,No,No,3.1 /5,4,Basavanagudi,Quick Bites,,"South Indian, North Indian, Chinese",200,Dine-out,Basavanagudi
Kamat Minerva,Yes,No,2.6 /5,72,Basavanagudi,Quick Bites,"Butter Naan, Buttermilk, Jowar Roti, Panneer Butter Masala","South Indian, North Indian, Chinese",300,Dine-out,Basavanagudi
Juice Junction Food Court,Yes,No,3.8 /5,57,Basavanagudi,Quick Bites,,"Juices, South Indian, Chinese, Fast Food",200,Dine-out,Basavanagudi
Food Geek,Yes,No,3.8 /5,25,Basavanagudi,Quick Bites,,"Sandwich, Fast Food, Rolls",350,Dine-out,Basavanagudi
Great Indian Rolls,Yes,No,3.2 /5,4,Basavanagudi,Quick Bites,,Rolls,100,Dine-out,Basavanagudi
Kesar Rajasthani Parotha Point,Yes,No,3.9 /5,34,Basavanagudi,Quick Bites,,"North Indian, Rajasthani",200,Dine-out,Basavanagudi
Kholi Mane,No,No,3.6 /5,46,Basavanagudi,Quick Bites,,"Andhra, South Indian, Biryani, North Indian",450,Dine-out,Basavanagudi
Harshi Super Sandwich,No,No,3.8 /5,150,Basavanagudi,Quick Bites,"Sandwiches, Chocolate Sandwich, Chaat, Veg Cheese Sandwich, Chilli Cheese, Corn Sandwich","Fast Food, Street Food",150,Dine-out,Basavanagudi
Idly Mane,No,No,-,0,Basavanagudi,Quick Bites,,"South Indian, Street Food",200,Dine-out,Basavanagudi
Oasis Food Center,No,No,-,0,Basavanagudi,Quick Bites,,Fast Food,150,Dine-out,Basavanagudi
Hotel Trupthi,No,No,-,0,Basavanagudi,Quick Bites,,"South Indian, Chinese, North Indian",200,Dine-out,Basavanagudi
Shri Vinayaka Ice N Juice,No,No,3.1 /5,12,Basavanagudi,Quick Bites,,"Beverages, Fast Food",150,Dine-out,Basavanagudi
Inchara Restaurant,Yes,No,3.3 /5,4,Basavanagudi,Quick Bites,,"North Indian, Chinese",300,Dine-out,Basavanagudi
Sri Idli Mane,No,No,3.7 /5,16,Basavanagudi,Quick Bites,,South Indian,150,Dine-out,Basavanagudi
Chamarajpet Non Veg Restaurant,No,No,3.6 /5,13,Basavanagudi,Quick Bites,,"South Indian, Biryani",200,Dine-out,Basavanagudi
Sri Vasavi Mane Thindi,No,No,2.9 /5,16,Basavanagudi,Quick Bites,,South Indian,150,Dine-out,Basavanagudi
New Banashankari Donne Biryani,No,No,3.5 /5,13,Basavanagudi,Quick Bites,,"Biryani, North Indian",300,Dine-out,Basavanagudi
Ganga Sagar,No,No,3.7 /5,29,Basavanagudi,Quick Bites,,Street Food,150,Dine-out,Basavanagudi
Joshi's Mumbai Masala,No,No,3.3 /5,6,Basavanagudi,Quick Bites,,"Street Food, Fast Food",150,Dine-out,Basavanagudi
Uphara Kendra,No,No,3.6 /5,34,Basavanagudi,Quick Bites,,South Indian,100,Dine-out,Basavanagudi
Hotel Girish,No,No,3.2 /5,9,Basavanagudi,Quick Bites,,South Indian,300,Dine-out,Basavanagudi
Gowdru Military Hotel,No,No,3.3 /5,6,Basavanagudi,Quick Bites,,"Biryani, Seafood, South Indian",150,Dine-out,Basavanagudi
50-50 EATING HOUSE,No,No,3.2 /5,4,Basavanagudi,Quick Bites,,"South Indian, Biryani",100,Dine-out,Basavanagudi
Lumbini Snax,No,No,3.4 /5,6,Basavanagudi,Quick Bites,,"Burger, Fast Food, Italian",300,Dine-out,Basavanagudi
Chamrajpet Kabab Junction,No,No,3.2 /5,4,Basavanagudi,Quick Bites,,"North Indian, Mughlai",250,Dine-out,Basavanagudi
Subzero Korner,No,No,3.3 /5,5,Basavanagudi,Quick Bites,,Fast Food,250,Dine-out,Basavanagudi
Garage Pizza,No,No,3.2 /5,4,Basavanagudi,Quick Bites,,Pizza,400,Dine-out,Basavanagudi
Om Shiva Shakthi Chats Centre,No,No,3.9 /5,26,Basavanagudi,Quick Bites,,"Street Food, Fast Food",300,Dine-out,Basavanagudi
Swarga Ruchi,Yes,No,3.3 /5,12,Basavanagudi,Quick Bites,,South Indian,200,Dine-out,Basavanagudi
Rolls Corner,No,No,3.6 /5,22,Basavanagudi,Quick Bites,,"Fast Food, Rolls",150,Dine-out,Basavanagudi
Swathi Upahara,No,No,-,0,Basavanagudi,Quick Bites,,"Biryani, Kebab, Chinese",350,Dine-out,Basavanagudi
Brahmin Tiffins & Coffee,No,No,-,0,Basavanagudi,Quick Bites,,"South Indian, Beverages",100,Dine-out,Basavanagudi
Pailwan House,No,No,-,0,Basavanagudi,Quick Bites,,"Fast Food, Biryani",350,Dine-out,Basavanagudi
Mama Mys Cafe,No,No,-,0,Basavanagudi,Quick Bites,,Fast Food,300,Dine-out,Basavanagudi
Sticke2Waffles,No,No,-,0,Basavanagudi,Dessert Parlor,,"Desserts, Ice Cream",100,Dine-out,Basavanagudi
Pizza Stop,Yes,No,3.8 /5,166,Basavanagudi,Quick Bites,"Pizza, White Sauce Pasta, Masala Garlic Bread","Pizza, Italian",600,Dine-out,Basavanagudi
Happy Chopsticks,Yes,No,3.6 /5,18,Basavanagudi,Quick Bites,,"Chinese, Fast Food",300,Dine-out,Basavanagudi
Roofnic,No,No,3.1 /5,9,Basavanagudi,Quick Bites,,"Fast Food, Beverages",300,Dine-out,Basavanagudi
Five Star Chicken,Yes,No,3.3 /5,34,Basavanagudi,Quick Bites,,Fast Food,200,Dine-out,Basavanagudi
Burger King,Yes,No,4.0 /5,157,Basavanagudi,Quick Bites,"Burgers, Chicken Whopper, French Fries","Burger, Fast Food, Beverages",600,Dine-out,Basavanagudi
Rajastani Rasoi,No,No,3.2 /5,6,Basavanagudi,Quick Bites,,North Indian,100,Dine-out,Basavanagudi
Ambur Dum Biriyani,No,No,NEW,0,Basavanagudi,Quick Bites,,Biryani,250,Dine-out,Basavanagudi
Food Plaza,No,No,NEW,0,Basavanagudi,Quick Bites,,"South Indian, North Indian, Chinese",150,Dine-out,Basavanagudi
Subz,Yes,Yes,4.2 /5,2049,Jayanagar,Casual Dining,"Veg Buffet, Salad, Pasta, Chaat, Noodle, Paneer Tikka, Momos","North Indian, South Indian",1000,Dine-out,Basavanagudi
Meghana Foods,Yes,No,4.5 /5,4569,Jayanagar,Casual Dining,"Chicken Boneless Biryani, Hyderabadi Biryani, Paneer Biryani, Vegetable Biryani, Raita, Chicken Kebab, Lemon Chicken","Biryani, Andhra, North Indian, Seafood",600,,
" """"RATED\n  The paneer was very hard to chew. have to throw most of the biryani. Never received such product from Meghana's before. certainly the quality has gone down a lot lower."""")", ('Rated 1.0'," """"RATED\n  Had ordered for paneer biryani. they sent in Non veg biryani.. tried calling for more than an hour and no one seems to be bothered to pick the call..\nIt isn't all on taste.."""")]""",[],Dine-out,,,,,,,
Gufha - The President Hotel,Yes,Yes,4.1 /5,1903,Jayanagar,Casual Dining,"Cocktails, Paneer Tikka, Masala Papad, Rasmalai, Rabri, Chicken Curry, Biryani","North Indian, Mughlai, Afghan",1200,Dine-out,Basavanagudi
1947,No,Yes,4.1 /5,2359,Jayanagar,Casual Dining,"Pasta, Tomato Soup, Salad, Kulcha, Chaat, Kulfi, Panipuri","North Indian, Chinese",950,Dine-out,Basavanagudi
Go Native,Yes,Yes,4.3 /5,1302,Jayanagar,"Casual Dining, Cafe","Salad, Thali, Pumpkin Soup, Millet Pizza, Misal Pav, Mushroom Soup, Chaat","Healthy Food, Cafe, Beverages",800,Dine-out,Basavanagudi
Chutney Chang,Yes,Yes,4.1 /5,2365,Jayanagar,Casual Dining,"Veg Momos, Brownie Chocolate, Palak Chaat, Mutton Biryani, Fish, Sea Food, Rabri","North Indian, Chinese, BBQ",1500,Dine-out,Basavanagudi
Once Upon a Rooftop,No,Yes,4.3 /5,1278,Jayanagar,"Casual Dining, Bar","Pizza, Cocktails, Pasta, Churros, Mushroom Soup, Mocktails, Panna Cotta","Pizza, Italian, Chinese, Thai",1000,Dine-out,Basavanagudi
Thyme & Whisk,Yes,No,4.2 /5,109,Jayanagar,Casual Dining,"Pizza, Momos, Brownie, Hakka Noodles, Nachos, White Pasta, Hot Chocolate","Asian, Chinese, Continental, Italian",800,Dine-out,Basavanagudi
Fusion Theory,Yes,Yes,4.1 /5,336,Jayanagar,Casual Dining,"Pasta, Mocktails, Paneer Tikka, Chinese Bhel, Biryani, Aam Panna, Panipuri","Continental, Biryani, Desserts, Italian, North Indian, Chinese, Modern Indian, Asian",700,,
 'RATED\n  This place is now in my favourites list. Tried the China meets Churchgate Wonton, Thai style panneer kebab biryani, Malai Kofta Pasta and Filter Coffee Rasagula. Loved them all. Good ambience and courteous staff. This place is a must visit.'), ('Rated 3.0', 'RATED\n  I had been here with a few friends to try out this new place a few days ago, was extremely disappointed. This place is trying very hard to be different, but will fail miserably in the long run. The food was okayish in taste, and overpriced for the small quantity they are serving. \n\nFor example, I have been to plenty of places where for the same price of an appetizer, I can get a quantity good enough for 2-3 people. \n\nFurther, and lacking in flavor. Again, quantity for the price we are paying here is a big issue.\n\nWill not visit again.')
Toscano,Yes,Yes,4.3 /5,1161,Jayanagar,Casual Dining,"Pasta, Salads, Calamari, Ravioli, Pumpkin Soup, Verdure Pizza, Wine","Italian, Salad",1300,Dine-out,Basavanagudi
Ranganna Military Hotel,No,No,4.2 /5,760,Jayanagar,Quick Bites,"Mutton Biryani, Mutton Chops, Chicken Fry, Chicken Biryani, Paya, Mutton Fry, Chilli Chicken","South Indian, Biryani",350,Dine-out,Basavanagudi
Kapoor's Cafe,Yes,No,4.0 /5,201,Jayanagar,Casual Dining,"Lassi, Cheese Balls, Paneer Pakora, Chaach, Buttermilk, Thali, Masala Fries",North Indian,800,,
 nice seating (khaats), overwhelming service.\nWent there for a dinner with friends as it was a veg veg day for almost all of us.\nStarted with Lassi and chaach. Trust me the Lassi was heavenly, full of dry fruits and thick curd. Chaach was good, but me having a sweet tooth fell in love with the Lassi.\nIn starters we ordered Punjabi fries, masala papar and cheese balls which were perfectly crispy (as their service is quick quick) and hot. Paneer pakoras we're ok ok.\nIn main course we tried cheese paratha (musttt try for the cheese lovers out there) ," daal and roti. Evening went well thanks to Kapoor's cafe team!!\nAll the best for this new branch. :)"""")", ('Rated 4.0'," """"RATED\n  Kapoor's Cafe has already been synonymous in Bengaluru when it comes to authentic veg food. This branch of restaurant which opened up in Jayanagar has a great ambiance. The lights", the charpai, the synthetic grass below; everything sum upto an exquisite feeling of eating in a modern dhaba.\n\nComing to the service part, Cheese Pops, Cheese Paratha and some other dishes. The food was good and fresh.\n\nIn a nutshell
Central Jail Restaurant,Yes,No,3.7 /5,429,Jayanagar,Casual Dining,"Wings, Lime Soda, Manchow Soup, Biryani, Fried Rice, Chop Suey, Tandoori Roti","Andhra, Seafood, North Indian, Chinese",700,Dine-out,Basavanagudi
Alchemy Coffee Roasters,No,No,4.2 /5,737,Jayanagar,Cafe,"Coffee, Sandwich, Fries, Pancakes, Pizza, Pasta, Hot Chocolate",Cafe,500,,
 'RATED\n  High on standard, they know how to do it right. Friendly staff and welcoming ambiance. Perfect place to have light weight evening snakes or dinner. Variety of coffee flavour. Presentation was simply the brilliant. Food 9/10, Ambiance 10/10, Service 8/10, Value for money 8.75/10')," """"RATED\n  Dim lights", coffee bean bags, wooden chairs - the perfect alchemy setting! This coffee roaster serves really good tea too. We had Rose Oolang and Hibiscus Green Tea, out of which the former was a better option. So soothing, aromatic and almost therapeutic. Today was cheat day, ('Rated 5.0'," """"RATED\n  I wanted to have a good coffeee and thats when my friend Mehul said - let me take you to the best coffee place..\nJust as I walked in I was in love with the yellow lights"
Andhra Ruchulu,Yes,Yes,4.1 /5,682,Jayanagar,"Casual Dining, Bar","Chicken Sholay, Chicken Biryani, Andhra Meal, Mutton Biryani, Chicken Guntur, Andhra Thali, Guava Ice Cream","Andhra, Biryani, North Indian, Chinese",1000,Dine-out,Basavanagudi
Brew Meister,Yes,Yes,4.1 /5,1008,Jayanagar,"Microbrewery, Casual Dining","Cocktails, Paneer Tikka, Corn Paratha, Mocktails, Pesto Pasta, Wheat Beer, Misal Pav","North Indian, Continental, Finger Food, American, Asian",1500,,
 the upper floor is the preferred one when it comes to seating.\n\nI tried the Pilsner and witbier.\nThe pilsner is smooth and fine. One of the best pilsner beer I have had. Belgian Witbier was good but lacked the essentiality of wheat beer.\n\nComing to food," I had a heavy Sunday brunch before crashing at this place so just ordered Dragon Paneer and Corn Peri Peri. The Dragon Paneer was decent.\nThe portion size is undoubtedly wasn't right sized for two people. The food menu is pretty limited and average. Would love to see more options in the menu.\n\nWould surely visit this place again(more because I stay nearby) and try out more of their food on offer and experience the wonderful ambiance.\nCheers!"""")", ('Rated 4.0', 'RATED\n  One of the best breweries in Bangalore. Varieties of food & the ambience is great. But the service is a bit slow but people are good in serving. Great place to hangout with friends.'), ('Rated 4.0', ('Rated 4.0'," """"RATED\n  Place was good..it's pocket friendly..with the rooftop ambience.we had ordered a pizza..a French fries with piri piri which was good and corn with piri piriÃƒÂƒÃ‚Â°ÃƒÂ‚\x9fÃƒÂ‚\x98ÃƒÂ‚\x8d..3 types of beverages ..one was kiss on the lips .and another one was beer\nInstagram and Facebook ","link is below\nhttps://m.facebook.com/Souldarlings\nInstagram :- scribbly_ink\n#foodieforlife#foodphotographyfoodblogger#kannadablogger#writersofinstagram#foodblogger#foodblogging#foodie#eatoutoftheweek#eatouts#instalovers#instafamilia#insta#instafamous#instaloversÃƒÂƒÃ‚Â°ÃƒÂ‚\x9fÃƒÂ‚\x92ÃƒÂ‚\x9c#instalook#dressup#eatenlightened #kannadablogger#bengalurublogger#zomato#zomatoreviewer"""")", ('Rated 4.0', 'RATED\n  This place is a Multi-storey Gastro pub/micro brewery with good ambience and great music. Large seating capacity," """"RATED\n  Finally Jayanagar has a great microbrewery under its belt. Nestled quietly near Jayanagar 4th Block", microbrewery has its own charm.\n\nThe beers are brewed to perfection and guess what it's a rooftop.\nSpread across two floors
Rooftop Cafe,Yes,No,4.1 /5,825,Jayanagar,Cafe,"Pizza, Nachos, Rolls, Veggie Roll, Sandwiches, Red Velvet Shake, Burgers","Cafe, Fast Food, Beverages",400,Dine-out,Basavanagudi
Mini Punjabi Dhaba,Yes,No,4.2 /5,325,Banashankari,Quick Bites,"Lassi, Panneer Butter Masala, Paratha, Jeera Rice, Paneer Parantha, Veg Kolhapuri, Bhindi Fry",North Indian,350,Dine-out,Basavanagudi
Empire Restaurant,Yes,No,4.4 /5,5060,Jayanagar,Casual Dining,"Chicken Grill, Ghee Rice, Butter Chicken, Shawarma, Mutton Shaadi Ki Biryani, Chicken Tikka Masala, Mutton Keema Dosa","North Indian, Mughlai, South Indian, Chinese",750,Dine-out,Basavanagudi
Jalsa,Yes,Yes,4.1 /5,804,Banashankari,Casual Dining,"Pasta, Lunch Buffet, Paneer Lajawab, Masala Papad, Biryani, Tomato Shorba, Dal Makhani","North Indian, Mughlai, Chinese",800,Dine-out,Basavanagudi
Jalpaan,Yes,Yes,4.0 /5,884,Jayanagar,Casual Dining,"Mocktails, Tomato Soup, Nachos, Pasta, Potli Biryani, Palak Chaat, Lassi","North Indian, Continental",900,Dine-out,Basavanagudi
Nagarjuna Chimney,No,No,4.0 /5,950,Jayanagar,Casual Dining,"Chicken Biryani, Andhra Meal, Pepper Chicken, Andhra Thali, Mutton Biryani, Chilli Chicken, Roast Chicken","Andhra, Biryani",600,Dine-out,Basavanagudi
Biryanis And More,Yes,No,4.1 /5,631,Jayanagar,Casual Dining,"Prawn Biryani, Dragon Chicken, Chicken Dum Biryani, Chicken Boneless Biryani, Paneer Tikka, Afghani Biryani, Mughlai Biryani","Biryani, North Indian, Chinese, Andhra, South Indian",750,Dine-out,Basavanagudi
Enerjuvate Studio & Cafe,No,Yes,4.2/5,731,Jayanagar,Cafe,"Pizza, Vegetarian, Momo Platter, Momos, Nachos, Salsa, Salad","Cafe, Continental, Beverages, Healthy Food, Desserts, Sandwich, Pizza, Salad",800,Dine-out,Basavanagudi
Salut,Yes,Yes,4.1/5,442,Jayanagar,"Pub, Casual Dining","Pesto Pizza, Buffalo Wings, Cocktails, Beer, Egg Ghee Roast, Brownie, Pepper Chicken","Continental, Finger Food, Seafood, Pizza",1200,Dine-out,Basavanagudi
Fabcafe,No,Yes,NEW,0,Jayanagar,Cafe,,"Cafe, Healthy Food",800,Dine-out,Basavanagudi
Wamama,Yes,Yes,4.2/5,354,Banashankari,Casual Dining,"Sushi, Noodles, Wine, Khau Suey, Mocktails, Yakisoba, Spring Roll","Asian, Korean, Indonesian, Japanese, Chinese, Thai, Momos",800,Dine-out,Basavanagudi
Cafe Cosy,No,Yes,4.1/5,102,Jayanagar,Cafe,"Pasta, Pizza, Mocktails","Cafe, Chinese, Continental, Fast Food",800,Dine-out,Basavanagudi
Patio 805,Yes,Yes,4.1/5,364,Jayanagar,Casual Dining,"Noodles, Laksa Soup, Coffee, Veg Fritters, Vegetarian, Babycorn Manchurian, Mango Salad","Thai, Vietnamese, Asian, Chinese",1200,Dine-out,Basavanagudi
Rajathadri Food Fort,Yes,No,4.0/5,465,Jayanagar,Casual Dining,"Butter Naan, Filter Coffee, Pav Bhaji, Vada, Babycorn Manchurian, Tea, Paneer Tikka Masala","South Indian, North Indian, Chinese, Street Food",600,Dine-out,Basavanagudi
Mangalore Pearl,Yes,No,3.8/5,242,Jayanagar,Casual Dining,"Neer Dosa, Sea Food, Ghee Rice, Marwai Sukka, Egg Biryani, Kori Roti, Thai Fish","Mangalorean, Seafood, Chinese, Biryani",650,Dine-out,Basavanagudi
Vinny's,Yes,Yes,4.2/5,2115,Banashankari,Casual Dining,"Pizza, Pasta, Garlic Bread, Nachos, Penne Alfredo, Mozzarella Sticks, Salad","Pizza, Italian, Continental, Desserts",800,Dine-out,Basavanagudi
The Caramelts Cafe,No,No,4.2/5,223,Jayanagar,Cafe,"Burgers, Coffee, Pasta, Peri Peri Fries, Kit Kat Shake, Nachos, Paneer Tikka Pizza","Cafe, Salad, Wraps, Beverages",800,Dine-out,Basavanagudi
Prems Graama Bhojanam,Yes,No,4.3/5,322,Jayanagar,Casual Dining,"Veg Thali, Matka Kulfi, Pongal, Buttermilk, Vada, Ragi Mudde, Curd Rice",South Indian,400,Dine-out,Basavanagudi
Eurasia Pasta and Barbeque by Little Italy,Yes,Yes,4.1/5,1063,Jayanagar,"Casual Dining, Bar","Pasta, Pizza, Nachos, Gelato, Ravioli, Jalapeno Poppers, Cocktails","Italian, Fast Food, Salad, BBQ",1200,Dine-out,Basavanagudi
Karma Kaapi,Yes,No,4.4/5,181,Jayanagar,Beverage Shop,"Pasta, Potato Fries, Potato Wedges, Hot Chocolate, Chaat, Filter Coffee, Americano","Beverages, Tea",250,Dine-out,Basavanagudi
Peppy Peppers,No,No,4.2/5,244,Banashankari,Casual Dining,"Pasta, Pepper Pizza, Paneer Pizza, Peppy Paneer, Nachos, Supreme Pizza, Manchow Soup","Italian, North Indian, Mexican",800,,
" peppy paneer.\nThey can greatly improve on their paneer Tikka flavor and it didn't go well with the biriyani (Paneer Tikka biriyani).\nTaste 3/5\nHygiene 3.5/5\nServing size 4/5\nService 4/5\nPrice 3.5/5\nAmbience 3.5/5"""")", ('Rated 4.0', 'RATED\n  Nice place to hangout with friends...and a good ambiance...food is good and pls do try out the cheese cutter chicken fries...tat is sooooo yummy...they have parking at the basement only for 2 wheelers .. nice place to hangout'), ('Rated 5.0', 'RATED\n  Just above Jalsa, spacious with colourful interiors. We asked for staff reconnection in Veg and went ahead with Cajun Spice Potatoes, Quesadillas, Cottage cheese sizzler and some desserts. They offer huge quantity and just two of us with my kid we felt overwhelmed. All the dishes were cooked perfectly and tasted excellent! We visited late for dinner and all the staff assisted us though it was after closing time. Best place to hang out with friends and family. Must visit for a reasonable price some what exotic menu ??'), ('Rated 4.0', 'RATED\n  Peppy Peppers is located right next to the BDA Complex in Banashanki. It is situated right above Jelsa and so they also take Jelsa orders.\n\nWe ordered Butter Chicken Fries here and Dal-Methi and Phulka from Jelsa.\n\nThe Butter Chicken Fries was really good. The fries topped with cheese and chicken (tandoori I guess) was really filling. It is definitely enough for two.\n\nOverall it was a really good place with reasonable price.\n\nPeace.'), the prices are on the expensive side but that's okay as it makes for the quantity. I recommend babycorn Thai manchurian, cheesy fries
Saarangi Fine Dining,No,No,3.9/5,284,Jayanagar,Casual Dining,"Panipuri, Pongal, Paneer Manchurian, Coffee, Palak Paneer, Chaat, Thali","North Indian, Chinese, South Indian",450,Dine-out,Basavanagudi
Chung's Chinese Corner,Yes,No,3.9/5,221,Jayanagar,Casual Dining,"Manchow Soup, Momos, Wonton Soup, Chowmein, American Chopsuey, Chop Suey, Manchurian",Chinese,700,Dine-out,Basavanagudi
Gustoes Beer House,No,No,4.1/5,868,Banashankari,Pub,"Beer, Wedges, Pizza, Nachos, Salads, Papaya Salad, Buffalo Wings","Continental, Italian, Mexican, North Indian, Chinese, Steak",1200,Dine-out,Basavanagudi
SlimSins Cafe,No,No,4.1/5,707,Jayanagar,Cafe,"Hummus Platter, Juicy Lamb Burger, Salmon Steak, Mousse, Pasta, Pizza, Sweet Potato Fries","Cafe, Healthy Food",850,,
" """"RATED\n  Good food but very poor service. Ordered English breakfast and juice", they didn't ask for customization for eggs, and took 40 minutes for the order which didn't even require much preparation ( there was no rush either). This was after repeatedty reminding them we had to go somewhere where we couldn't, because of the delay. Very poor experience," hope this was a one-off."""")", 'RATED\n  The ambience and decor of this place is great! We took a veg tacos, chocolate chia pudding, Vietnamese coffee and all of them were really good! :)\nThe service, however, is very slow and needs to improved.\nCheers!')," they have a lot of healthy options to choose from and also a good variety for the vegans.\nWe ordered pizza and pasta as the zucchini boat starter didn't really satitate out taste buds.\nThe pizza and pasta tasted good though.\nStaff was friendly and served our order quick!\nA must visit for people looking out for healthy food cafes."""")", ('Rated 1.0'
Cafe Ajfan,Yes,No,4.2/5,261,Jayanagar,Cafe,"Sandwiches, Pasta, Cobb Salad, Pizza, Burgers, Calzone, Fries","Cafe, Continental, Beverages",700,,
 ('Rated 4.0', 'RATED\n  The place is easily accessible although may not be suddenly apparent. ItÃƒÂƒ\x83ÃƒÂ‚\x83ÃƒÂƒ\x82ÃƒÂ‚\x82ÃƒÂƒ\x83ÃƒÂ‚\x82ÃƒÂƒ\x82ÃƒÂ‚\x92s right next to their dry fruit shop which is by the way excellent. We ordered a Moroccan chicken pizza followed by Alfredo pasta, as we werenÃƒÂƒ\x83ÃƒÂ‚\x83ÃƒÂƒ\x82ÃƒÂ‚\x82ÃƒÂƒ\x83ÃƒÂ‚\x82ÃƒÂƒ\x82ÃƒÂ‚\x92t in the mood to experiment. But these dishes did not disappoint us. In fact they were splendid. Pasta was made in the creamiest sauce ever. Now the pizza may seem a little small to look at, but mind you itÃƒÂƒ\x83ÃƒÂ‚\x83ÃƒÂƒ\x82ÃƒÂ‚\x82ÃƒÂƒ\x83ÃƒÂ‚\x82ÃƒÂƒ\x82ÃƒÂ‚\x92s heavily loaded with toppings, unless you are the types who likes their pizza plain. So overall a good experience, ('Rated 3.0', 'RATED\n  GOOD AMBIENCE.\nThe place is smaller than what I expected but the Ambience is good.\nFood 3.5 stars\nService 3.5 stars\nAmbience 4 stars.\nI ordered for a pizza and pasta, It was a bit bland, I wanted more flavors to it.'), ('Rated 3.0',[],Dine-out
Jcubez,No,Yes,3.8/5,977,Banashankari,Lounge,"Beer, Chicken Wings, Chilli Chicken, Onion Rings, Fries",Finger Food,1300,Dine-out,Basavanagudi
Cafe Shuffle,Yes,Yes,4.2/5,150,Banashankari,Cafe,"Mocktails, Peri Fries, Lasagne, Pizza, Chicken Bbq Wings, Virgin Mojito, Nachos","Cafe, Italian, Continental",600,Dine-out,Basavanagudi
Krazzy Folds,Yes,Yes,4.2/5,1901,Jayanagar,Cafe,"Pasta, Tacos, Macaroni, Panna Cotta, Salads, Spaghetti, Churros","Cafe, Continental, Sandwich, Beverages",800,,
" """"RATED\n  If you are looking for a different kind of food and a good dim-lit place", then this is it-\n\nLet me begin with their food," their appetizers are definitely different from the many places that I've been to. They have appetizers from beetle leaf which is very interesting and delicious.\n\nThe ambiance of the restaurant is good with a dim-lit lighting. \n\nTheir service is pretty slow. Just make it there when you have plenty of time."""")", ('Rated 5.0', 'RATED\n  OMG!! If youÃƒÂƒ\x83ÃƒÂ‚\x83ÃƒÂƒ\x82ÃƒÂ‚\x82ÃƒÂƒ\x83ÃƒÂ‚\x82ÃƒÂƒ\x82ÃƒÂ‚\x92re in and around jaynagar must visit place! Amazing food! Worth the money and time! Tried tiramasu,BBQ wings, chicken tacos! Chicken tacos was the best'), ('Rated 3.0', 'RATED\n  Food was pretty average and highly priced for the quality of food. The ambiance is nice no doubt and in a busy area like Jayanagar you get to sit and spend time here. But the service is worst. You have to literally go and call the staff to take your orders which is surely not appreciated. I would not visit here again.'), ('Rated 4.0', Veg Lasagna along with Cold coffee. I loved the veggies in my sizzler," however rice could've been better. Lasagna was good overall."""")"
Mayuri,No,No,4.0/5,104,City Market,Casual Dining,"Chicken Biryani, Chilli Chicken, Omelette, Mutton Biryani","North Indian, Chinese",650,Dine-out,Basavanagudi
Penthouse Cafe,Yes,No,4.0/5,324,Banashankari,Cafe,"Pizza, Mocktails, Coffee, Nachos, Salad, Pasta, Sandwiches","Cafe, Italian, Continental",700,Dine-out,Basavanagudi
The Blue Wagon - Kitchen,Yes,No,4.6/5,228,Jayanagar,Cafe,"Pizza, Nachos, Garlic Maggi, Burgers, Cheese Maggi, Bruschetta Bites, Sandwich","Cafe, Beverages",400,Dine-out,Basavanagudi
Smacznego,Yes,No,4.2/5,504,Banashankari,Cafe,"Waffles, Pasta, Coleslaw Sandwich, Choco Waffle, Tacos, Momos, Cheese Nachos","Cafe, Mexican, Italian, Momos, Beverages",550,Dine-out,Basavanagudi
Golden Oak - La Marvella Sarovar Premiere Hotel,No,Yes,4.0/5,370,Jayanagar,Casual Dining,"Salads, Tiramisu, Rasmalai, Biryani, Lunch Buffet, Roti, Chaat","North Indian, Continental, Chinese, South Indian",1000,Dine-out,Basavanagudi
Szechuan Dragon,Yes,No,4.2/5,1647,Banashankari,Casual Dining,"Noodles, Momos, Veg Manchow Soup, Kung Pao Chicken, Chicken Lollipop, Chop Suey, Dragon Chicken","Chinese, Thai, Momos",600,Dine-out,Basavanagudi
The Airos,Yes,No,4.1/5,130,Jayanagar,Cafe,"Pizza, Pasta, Nachos, Burgers, Sandwich, Tea, Cheese Balls","Cafe, Italian, Pizza",650,Dine-out,Basavanagudi
The Royal Corner - Pai Viceroy,Yes,Yes,4.2/5,815,Jayanagar,Casual Dining,"Breakfast Buffet, Kulcha, Almond Soup, Lunch Buffet, Roti, Mocktails, Vegetarian","North Indian, Chinese",900,Dine-out,Basavanagudi
Halli Jonne Biriyani,No,No,4.2/5,380,Jayanagar,Quick Bites,"Chicken Fry, Mutton Fry, Mutton Biryani, Chicken Biryani, Chicken Kebab, Donne Biryani, Chilli Chicken","Biryani, Kebab",400,Dine-out,Basavanagudi
La Casa,No,Yes,3.6/5,571,Jayanagar,Casual Dining,"Beer, Pasta, Burgers, Biryani, Masala Peanuts, Noodles, Au Gratin","Continental, Italian, Chinese, North Indian",800,Dine-out,Basavanagudi
Punjabi Raswada,Yes,Yes,3.5/5,431,Jayanagar,Casual Dining,"Gajar Ka Halwa, Lassi, Jeera Rice, Shahi Paneer, Shikanji, Makke Ki Roti, Kofta Curry",North Indian,800,Dine-out,Basavanagudi
Maiyas,Yes,No,4.0/5,1778,Jayanagar,Quick Bites,"Coffee, Thali, Kharabath, Masala Dosa, Idli Vada, Vanilla Ice Cream, Bisi Bele Bhaath","North Indian, South Indian, Fast Food, Juices",200,Dine-out,Basavanagudi
Starbucks,No,No,4.1/5,108,Jayanagar,Cafe,Coffee,"Cafe, Desserts",700,Dine-out,Basavanagudi
The Krishna Grand Xpress,Yes,No,4.0/5,136,Jayanagar,Quick Bites,"Vada, Masala Dosa, Idli","South Indian, Fast Food",350,Dine-out,Basavanagudi
Euki,Yes,Yes,4.1/5,553,Jayanagar,Casual Dining,"Pasta, Pizza, Nachos, Tiramisu, Peri Peri Fries, Mexican Bowl, Mocktails","Italian, Mexican",900,Dine-out,Basavanagudi
Udupi Sri Krishna Cafe,Yes,No,3.9/5,14,Jayanagar,Casual Dining,,"North Indian, South Indian",600,Dine-out,Basavanagudi
Thamboola,Yes,No,3.9/5,135,Banashankari,Casual Dining,"Spring Roll, Manchow Soup, Babycorn Manchurian, Mint Cooler, Roti, Panneer Butter Masala","North Indian, Chinese, Continental",800,Dine-out,Basavanagudi
San Churro Cafe,Yes,No,3.8/5,918,Banashankari,"Cafe, Casual Dining","Churros, Cannelloni, Minestrone Soup, Hot Chocolate, Pink Sauce Pasta, Salsa, Veg Supreme Pizza","Cafe, Mexican, Italian",800,Dine-out,Basavanagudi
J Spice,Yes,No,3.8/5,59,Banashankari,Casual Dining,"Stuffed Mushroom, Chicken Biryani, Jal-jeera","North Indian, Chinese",750,Dine-out,Basavanagudi
Kailash Parbat,No,No,3.8/5,71,Jayanagar,Food Court,"Chaat, Bombay Bhel, Pav Bhaji","South Indian, Chinese, North Indian",1200,Dine-out,Basavanagudi
Empark Inn Restaurant,No,No,3.7/5,38,Jayanagar,Quick Bites,,"North Indian, Chinese, South Indian",350,Dine-out,Basavanagudi
Ragoo's,Yes,No,3.9/5,233,Jayanagar,Casual Dining,"Corn Augratin, Lasagne, Fries, Garlic Bread, Pili Pili Pizza, Mexican Rice, Ravioli","Italian, Pizza, North Indian, Salad",800,Dine-out,Basavanagudi
Vietnamese Kitchen,Yes,No,3.6/5,105,Banashankari,Casual Dining,"Pho, Papaya Salad, Coffee, Veg Momos, Rolls",Vietnamese,700,Dine-out,Basavanagudi
Desi Inn,Yes,No,3.5/5,13,Shanti Nagar,Quick Bites,,North Indian,300,Dine-out,Basavanagudi
Sukh Sagar,Yes,No,3.8/5,155,Jayanagar,Casual Dining,"Pav Bhaji, Chaat, Sandwiches, Coffee, Noodles, Masala Dosa, Roti","South Indian, North Indian, Chinese, Street Food",450,Dine-out,Basavanagudi
Revoli Hotel,No,No,3.5/5,21,Shanti Nagar,Casual Dining,,"South Indian, Chinese",450,Dine-out,Basavanagudi
Bengaluru Cafe,No,No,4.4/5,134,Jayanagar,Quick Bites,"Kesari Bath, Benne Masala Dosa, Kharabath, Tea, Filter Coffee, Idli Vada, Aloo Palya",South Indian,150,Dine-out,Basavanagudi
Cafe Vivacity,Yes,No,3.8/5,90,Banashankari,Cafe,"Garlic Bread, Burgers, Sandwiches, Pizza, Hot Chocolate Fudge, Waffles, Potato Wedges",Cafe,650,Dine-out,Basavanagudi
Swathi Deluxe Restaurant,Yes,No,3.0/5,73,Shanti Nagar,Casual Dining,"Biryani, Chicken Kebab, Andhra Meal, Lime Soda",North Indian,500,,
 'RATED\n  My parents wanted to have a traditional south indian meal on banana leaf ? so we decided to visit Swathi deluxe and were not disappointd.\nThe andhra meal is closest to north indian food style with the daal presence. Although a bit spicy, it was gud overall.?\nAmbience is good but the service person was not too service oriented? so half mark cut for that.'), ('Rated 1.5', 'RATED\n  Service sucks, biryani tastes more like cinnimon rice- raitha was on the way to hell. Overall bad experience. Pls dont expect ghee rice like imperial/ empire.here they make instant ghee rice which you will get confused whether its ghee rice or fried rice.')," """"RATED\n  I just went here for lunch buffet and it was above my expectations. That doesn't mean it was great"," it just means that I did not expect much but I ended up enjoying most of it.\nHappy Eating :-)"""")", ('Rated 4.0'," """"RATED\n  Don't go by the name and the ambiance of this place. Always got the food home delivered.\nThe mutton pepper dry and sholay kababs are out of the world. Biryani also is a must try here.\nIt is little on the expensive side keeping in mind the aesthetics but the its value for money !"""")", ('Rated 1.0'," """"RATED\n  Bad service!\nWe ordered meals and lime soda - meals took forever to come. Lime soda", we didn't get it!\nFood was OK
De Thaali,Yes,No,3.9/5,144,Jayanagar,Casual Dining,"Malai Kofta, Sandwich, Naan","North Indian, Chinese, Rolls",550,Dine-out,Basavanagudi
The Lounge - Eden Park Restaurants,No,Yes,3.7/5,151,Jayanagar,Lounge,"Mutton Biryani, Mojito, Dal Makhani, Cocktails, Raita","North Indian, Afghani",1350,Dine-out,Basavanagudi
Roving Feast,No,No,4.0/5,1047,Banashankari,Quick Bites,"Pasta, Momos, Rolls, Chicken Roll, Chilli Chicken, Paneer Roll, Spaghetti","Italian, Continental, Fast Food, Chinese, Momos",450,Dine-out,Basavanagudi
Hara Fine Dine,Yes,Yes,4.0/5,633,Banashankari,Casual Dining,"Hara Bhara Kabab, Crispy Corn, Patiala Paneer, Panneer Butter Masala, Dum Biryani, Jal-jeera, Butter Naan","North Indian, Chinese",800,Dine-out,Basavanagudi
Nandhini Deluxe,No,No,3.5/5,334,Jayanagar,Casual Dining,"Hyderabadi Biryani, Veg Thali, Chicken Pepper Dry, Mutton Biryani, Chicken Guntur, Fish Fry, Beer",North Indian,600,Dine-out,Basavanagudi
Hotel New Karavali,Yes,No,3.8/5,133,Banashankari,Quick Bites,,"Mangalorean, South Indian, North Indian",300,Dine-out,Basavanagudi
Al-Madina Restaurant,No,No,3.4/5,22,City Market,Casual Dining,,"Arabian, North Indian, Chinese, Kerala",400,Dine-out,Basavanagudi
NV Naidu Hotel,No,No,3.9/5,36,City Market,Quick Bites,,Biryani,250,Dine-out,Basavanagudi
Taj Restaurant,No,No,3.8/5,68,City Market,Quick Bites,"Chicken Kebab, Ghee Rice, Chicken Grill, Paratha, Chicken Biryani","North Indian, Biryani",400,Dine-out,Basavanagudi
Vakulaa Veg Restaurant,Yes,No,3.9/5,49,Jayanagar,Quick Bites,"Masala Dosa, Coffee, Pongal, Tea, Bonda","South Indian, North Indian",200,Dine-out,Basavanagudi
Blue Wings Bar & Restaurant,No,No,3.7/5,43,Banashankari,"Bar, Casual Dining",,"North Indian, Chinese",700,Dine-out,Basavanagudi
Anand Sweets and Savouries,No,No,3.7/5,46,Banashankari,"Sweet Shop, Quick Bites",,"Mithai, Street Food",400,Dine-out,Basavanagudi
Brahmin Tiffins & Coffee,No,No,4.2/5,421,Jayanagar,Quick Bites,"Filter Coffee, Masala Dosa, Upma, Aloo Palya, Crispy Vada, Kharabath, Idli Vada",South Indian,100,Dine-out,Basavanagudi
Upahara Darshini,Yes,No,3.8/5,339,Jayanagar,Quick Bites,"Rava Dosa, Roti, Masala Dosa, Kulcha, Sandwiches, Vada Pav, Idli","South Indian, North Indian, Chinese",400,Dine-out,Basavanagudi
Alfa Family Restaurant,No,No,3.0/5,27,Wilson Garden,Casual Dining,,"North Indian, Arabian, Chinese",400,Dine-out,Basavanagudi
Cafe Terra,Yes,No,NEW,0,Jayanagar,Cafe,,"Cafe, Continental",700,Dine-out,Basavanagudi
Kirthi's Biryani,Yes,No,3.8/5,144,Banashankari,Cafe,"Pasta, Gelato, Garlic Bread, Mojito, Nachos, Paneer Pizza, Mocktails","Chinese, Cafe, Italian",700,Dine-out,Basavanagudi
The Krishna Grand,Yes,No,3.9/5,888,Banashankari,Casual Dining,"Spring Dosa, Coffee, Spring Roll, Masala Papad, Rava Idli, Panneer Butter Masala, Chaat","North Indian, South Indian, Chinese, Fast Food, Juices",750,Dine-out,Basavanagudi
Clove Rooftop,No,Yes,3.8/5,235,Jayanagar,Casual Dining,"Sea Food, Fish, Masala Papad, Chilli Paneer, Cocktails, Corn Pakoda, Biryani","Konkan, Seafood",1000,Dine-out,Basavanagudi
New Imperial Restaurant,No,No,3.7/5,39,Banashankari,Casual Dining,,"North Indian, Chinese",450,Dine-out,Basavanagudi
La Grande Cafe,No,No,3.8/5,46,Jayanagar,Cafe,"Coffee, Hot Chocolate, Cappuccino, Ice Tea, Corn Balls",Cafe,400,Dine-out,Basavanagudi
Rustic Stove,Yes,No,3.8/5,577,Jayanagar,Casual Dining,"Vegetable Biryani, Pineapple Rasam, Cheese Garlic Naan, Potato Cheese Ball, Bamboo Chicken Biryani, Chicken Skewer, Fish","North Indian, South Indian, Biryani, Beverages",900,Dine-out,Basavanagudi
Pure & Natural,Yes,No,3.9/5,211,Jayanagar,Casual Dining,"Salads, Sandwiches, Pasta, Mocktails, Corn Sandwich, Garden Salad, Miso Salad","Fast Food, Continental, Beverages, Salad, Healthy Food",500,Dine-out,Basavanagudi
Bhattara Bhojana,Yes,No,3.6/5,66,Banashankari,Quick Bites,,South Indian,150,Dine-out,Basavanagudi
Sri Laxmi Venkateshwara Coffee Bar,No,No,4.4/5,343,Banashankari,Quick Bites,"Masala Dosa, Idli Chutney, Kharabath, Filter Coffee, Kesari Bath, Idli Vada, Maddur Vada",South Indian,100,Dine-out,Basavanagudi
Food Springs,Yes,No,4.0/5,232,Jayanagar,Quick Bites,"Honey Chilli Potatoes, Nachos, Lemonade, Hakka Noodles, Babycorn Manchurian, Mushroom Manchurian, Spring Roll","South Indian, Chinese",400,,
 Green Apple ice tea, Spring rolls," tomato paneer nachos and specifically loved d Dragon chopsuey"""")", ('Rated 4.0', 'RATED\n  This is a good , better to order on the higher quantity since most of the dishes are just about enough for one person.'), ('Rated 1.5', 'RATED\n  We had been there to have Paneer pops cos apparently this is the only place where we can get them. Unfortunately they did not have it that day, and we had to settle in for honey chilli potato which was awful. And the ambience here is bad too.'), ('Rated 5.0'," """"RATED\n  Good place to Hangout for some chinese food... It tastes yum ", the seating is a problem otherwise the food is really tasty.. I've tried the Manchurian
Magic Meals,Yes,No,3.7/5,47,Jayanagar,"Quick Bites, Dessert Parlor","Biryani, Thick Shakes, Fries","Fast Food, Desserts, Beverages",400,Dine-out,Basavanagudi
Uphar Dharshni,No,No,3.6/5,15,Jayanagar,Quick Bites,,"South Indian, North Indian",150,Dine-out,Basavanagudi
English Channel,No,No,3.7/5,47,Jayanagar,Pub,,Finger Food,1200,Dine-out,Basavanagudi
Tree Top,Yes,No,3.8/5,74,Wilson Garden,Casual Dining,Friendly Staff,"Continental, Chinese, North Indian, South Indian",1000,Dine-out,Basavanagudi
Sarvam's,No,Yes,3.7/5,44,Jayanagar,Casual Dining,"Supreme Pizza, Sandwich","North Indian, Chinese, Continental, Pizza",550,Dine-out,Basavanagudi
Samskruti - Sanman Gardenia,Yes,No,4.1/5,139,Jayanagar,Casual Dining,"Roti, Butter Kulcha, Fried Rice, Tomato Soup, Curd Rice, Lunch Buffet, Paneer Tikka","North Indian, Chinese, South Indian",550,Dine-out,Basavanagudi
Messy Bowl,No,No,3.8/5,70,Banashankari,Quick Bites,"Tandoori Maggi, Paneer Sizzler, Pasta, Pizza, Butter Garlic Fries, Peri Peri Maggi, Garlic Maggi","Fast Food, Beverages",500,Dine-out,Basavanagudi
Petoo,Yes,No,3.9/5,20,Jayanagar,Quick Bites,,"North Indian, Fast Food, Street Food",800,Dine-out,Basavanagudi
Utsav Restaurant,Yes,No,3.8/5,61,Banashankari,Quick Bites,,"North Indian, Chinese",300,Dine-out,Basavanagudi
Mystique Palate,Yes,No,4.1/5,337,Jayanagar,Quick Bites,"Noodles, Pasta, Schezwan Momos, Chicken Momo, Teriyaki Chicken, Thukpa, Fries","Chinese, Fast Food",300,Dine-out,Basavanagudi
The Trundle,Yes,No,3.7/5,133,Jayanagar,Casual Dining,"Salad, Mocktails, Chocolava, Pesto Pasta, Momos, Jasmine Rice, Tom Yum Soup","Chinese, Thai, Continental, North Indian",700,Dine-out,Basavanagudi
J K Fish Land,Yes,No,3.6/5,35,Jayanagar,Quick Bites,,"Seafood, Mangalorean",300,Dine-out,Basavanagudi
Fanoos Xprss,Yes,No,3.7/5,53,Jayanagar,Quick Bites,,"Arabian, Rolls, North Indian, BBQ",400,Dine-out,Basavanagudi
Udupi Upachar,Yes,No,3.3/5,6,Banashankari,Quick Bites,,"South Indian, North Indian",500,Dine-out,Basavanagudi
Parimala Sweets,No,No,3.5/5,14,Banashankari,Sweet Shop,,"Mithai, Street Food",200,Dine-out,Basavanagudi
Parivar,Yes,No,3.8/5,109,Jayanagar,Casual Dining,"Sea Food, Beer, Prawn, Neer Dosa, Palak Rice, Tandoori Chicken","North Indian, Chinese",500,Dine-out,Basavanagudi
Brahmin Cafe,No,No,3.8/5,19,Banashankari,Quick Bites,,South Indian,150,Dine-out,Basavanagudi
Starlite Bakery & Fastfood,Yes,No,3.7/5,23,Jayanagar,Quick Bites,,"North Indian, Chinese, Rolls, Bakery, Arabian, Charcoal Chicken, Desserts",300,Dine-out,Basavanagudi
Iyengar's Inn,No,No,4.1/5,52,Jayanagar,Quick Bites,"Curd Rice, Bisi Bele Bhaath, Pongal",South Indian,100,Dine-out,Basavanagudi
Bella,Yes,Yes,3.9/5,142,Jayanagar,Casual Dining,"Murgh Ghee Roast, Fish Fry, Ghee Roast Paneer, Neer Dosa, Appam, Sea Food, Chicken Sukha","Mangalorean, Seafood, South Indian",1000,Dine-out,Basavanagudi
Spicy Tandoor,No,No,NEW,0,Banashankari,Quick Bites,,North Indian,150,Dine-out,Basavanagudi
Kaapi Kendra,Yes,No,3.7/5,14,Jayanagar,Quick Bites,,South Indian,100,Dine-out,Basavanagudi
Sandwich Hub,Yes,No,3.4/5,12,Jayanagar,Quick Bites,,"Fast Food, Sandwich",300,Dine-out,Basavanagudi
Bangalore Agarwal Bhavan,Yes,No,3.9/5,134,Jayanagar,Quick Bites,"Paratha, Coffee, Halwa, Lassi","Street Food, North Indian, South Indian",400,Dine-out,Basavanagudi
Naidu Military Hotel,No,No,2.7/5,26,Shanti Nagar,Casual Dining,,"South Indian, Chinese, Biryani",600,Dine-out,Basavanagudi
The Sofraah Kebabs & Kurries - Eden Park Restaurants,No,Yes,3.8/5,176,Jayanagar,Casual Dining,"Mutton Biryani, Cocktails, Dal Makhani, Naan, Fish, Roti, Lamb","North Indian, Afghani",1350,Dine-out,Basavanagudi
Grazers,Yes,Yes,3.9/5,291,Jayanagar,Cafe,"Burgers, Panneer Butter Masala, Pasta, Hot Dog, Fries, Cheesy Pizza, Potato Wedges","Cafe, Burger, Continental, Italian, Desserts",650,Dine-out,Basavanagudi
Dose Manjanna,No,No,NEW,0,Jayanagar,Quick Bites,,South Indian,100,Dine-out,Basavanagudi
Hotel Mangala,No,No,3.9/5,88,Banashankari,Quick Bites,"Khali Dosa, Kali Dosa, Masala Dosa, Vada Sambar",South Indian,250,Dine-out,Basavanagudi
Rolls On Wheels,No,No,3.4/5,145,Banashankari,Quick Bites,,"Fast Food, Rolls, Momos",300,Dine-out,Basavanagudi
Vasudev Adiga's,No,No,3.8/5,265,Jayanagar,Quick Bites,"Puri Saagu, Idli Sambar, Filter Coffee, Plain Dosa, Idli Vada, Vada Sambar, Rava Idli","South Indian, North Indian, Chinese, Street Food, Juices",250,Dine-out,Basavanagudi
Trendz Corner,No,No,3.6/5,31,Jayanagar,Quick Bites,,"South Indian, North Indian",200,Dine-out,Basavanagudi
Matru Sagar,Yes,No,3.6/5,84,Banashankari,Quick Bites,"Coffee, Masala Dosa","South Indian, North Indian, Chinese",250,Dine-out,Basavanagudi
Fishland Deluxe,No,No,3.5/5,9,Jayanagar,Quick Bites,,"South Indian, North Indian, Chinese, Kebab",500,Dine-out,Basavanagudi
Hungry Lion,No,No,3.0/5,16,Wilson Garden,Quick Bites,,"Street Food, Beverages",200,Dine-out,Basavanagudi
36th Cross Coffee Mane,No,No,3.6/5,16,Jayanagar,Quick Bites,,"South Indian, Chinese, Beverages, Cafe, Coffee, Fast Food, Momos, North Indian",200,Dine-out,Basavanagudi
Chilli Flakes,Yes,No,3.6/5,46,Banashankari,Quick Bites,,"Fast Food, Italian, Beverages",500,Dine-out,Basavanagudi
SLV Swadishta,No,No,3.8/5,189,Banashankari,Quick Bites,"Coffee, Jeera Rice, Masala Dosa, Neer Dosa",South Indian,300,Dine-out,Basavanagudi
Kolbeh,No,No,3.7/5,22,Banashankari,Quick Bites,,Fast Food,500,Dine-out,Basavanagudi
Karavali Family Restaurant,Yes,No,3.5/5,90,Jayanagar,Casual Dining,,"Seafood, Biryani, South Indian, North Indian, Chinese",500,Dine-out,Basavanagudi
The Grillo,Yes,Yes,2.8/5,80,Jayanagar,Casual Dining,,"South Indian, Arabian, Chinese, North Indian, Seafood, Mangalorean",500,Dine-out,Basavanagudi
Thrilok Restaurant,No,No,3.4/5,9,Banashankari,Quick Bites,,"Mangalorean, Seafood",350,Dine-out,Basavanagudi
Bunt's Biriyani Palace,Yes,No,3.0/5,213,Banashankari,Quick Bites,"Neer Dosa, Sea Food, Pepper Chicken","North Indian, South Indian, Chinese, Biryani, Seafood",400,Dine-out,Basavanagudi
Upahar Sagar,No,No,3.8/5,39,Banashankari,Quick Bites,Masala Dosa,"South Indian, Chinese, North Indian",350,Dine-out,Basavanagudi
Nandhi Andhra Style Family Restaurant,Yes,No,3.4/5,13,Jayanagar,Quick Bites,,"Seafood, Biryani, South Indian, North Indian, Chinese, Kebab",400,Dine-out,Basavanagudi
Davanagere Benne Dose Hut,Yes,No,3.4/5,10,Banashankari,Quick Bites,,South Indian,100,Dine-out,Basavanagudi
Anand Donne Biriyani,Yes,No,3.6/5,45,Jayanagar,Quick Bites,,Biryani,200,Dine-out,Basavanagudi
Adda,No,No,3.3/5,5,Shanti Nagar,Quick Bites,,South Indian,300,Dine-out,Basavanagudi
New Sagar Fast Food,No,No,3.6/5,71,Banashankari,Quick Bites,"Vegetable Biryani, Masala Dosa, Kulcha, Masala Papad, Tomato Soup","North Indian, South Indian",250,Dine-out,Basavanagudi
The Yellow Chilli,Yes,Yes,3.8/5,584,Jayanagar,Casual Dining,"Spring Roll, Tomato Soup, Mocktails, Sweet Corn Soup, Gulab Jamun, Roti, Paneer Tikka","North Indian, Mughlai, Biryani",1200,Dine-out,Basavanagudi
Desi Cream Junction,Yes,Yes,3.7/5,36,Jayanagar,Casual Dining,Vegetarian,"Chinese, North Indian, Pizza, Italian",650,Dine-out,Basavanagudi
Namma Biryani,Yes,No,3.6/5,24,Banashankari,Quick Bites,,"Biryani, Chinese, North Indian",250,Dine-out,Basavanagudi
Kababs N Biryani,Yes,No,3.4/5,22,Banashankari,Quick Bites,,South Indian,200,Dine-out,Basavanagudi
Udupi Upahar,Yes,No,3.8/5,58,Banashankari,Quick Bites,,"South Indian, Chinese, North Indian, Juices",300,Dine-out,Basavanagudi
Tandoori Knight,Yes,No,3.0/5,290,Banashankari,Quick Bites,"Chicken Grill, Biryani, Roti, Chicken Masala","North Indian, Chinese, Biryani, Kebab",450,Dine-out,Basavanagudi
Brew Bakes,No,No,3.4/5,13,Jayanagar,Cafe,,"Cafe, Continental, Italian",550,Dine-out,Basavanagudi
Karavali Fish Center,No,No,3.4/5,10,Banashankari,Quick Bites,,"Mangalorean, Chinese",300,Dine-out,Basavanagudi
Adiga's,No,No,3.3/5,55,Jayanagar,Quick Bites,"Vada, Idli, Coffee, Masala Dosa",South Indian,150,Dine-out,Basavanagudi
Bread and Circus,Yes,No,3.7/5,50,Shanti Nagar,Cafe,,"Cafe, Fast Food, Pizza, Burger",550,Dine-out,Basavanagudi
Java City,Yes,No,2.6/5,157,Jayanagar,Cafe,"Coffee, Sandwich, Hot Chocolate, Ice Tea, Sandwiches, Chicken Lasagne, Pizza","Cafe, American, Pizza",450,Dine-out,Basavanagudi
Ugadi,Yes,No,2.9/5,177,Jayanagar,Casual Dining,"Prawn Biryani, Andhra Meal, Veg Thali, Fry Piece Biryani, Gongura Chicken, Paratha","North Indian, Chinese, Biryani, Andhra, Mangalorean",700,,
 ('Rated 3.0', 'RATED\n  An an alternative to the meghanas and nandhinis. However the location is quite tricky. The biriyanis will not let you down for sure. As frequently mentioned the service has to improve !'), ('Rated 1.0', 'RATED\n  the worst experience ,i orderd first time thali it was ok but when i orderd second time i was cheated there were so many items was missing.like phulka,and so many ...and apart from this 25/- extra for delivery..very expensive.very bad service.'), ('Rated 3.0', 'RATED\n  I guess they have recently started this place, as I was out of bangalore for a month was craving for andhra meals someone suggested me this place to try out, order for a Thali food was ok though not 100% andhra style but with thali they gave us Phulka it was real phulka ?, 'RATED\n  The first time I visited this place I had a good experience, both ambience and food. However with time the quality of food underwent a steady decline. Since its a few yards away from my work I kept going back to this place in spite of average food. The choices are minimal. Even if you are hungry the taste kills the appetite. Only the service is the saving grace here.')
The Pizzeria,Yes,No,2.8/5,45,Banashankari,Casual Dining,Pesto Pizza,"Pizza, Italian, Salad",800,Dine-out,Basavanagudi
Banashankari Donne Biriyani,Yes,No,3.8/5,104,Banashankari,Quick Bites,,"Biryani, Fast Food",300,Dine-out,Basavanagudi
Big Bites,No,No,3.6/5,21,Jayanagar,Quick Bites,,"Chinese, Fast Food",200,Dine-out,Basavanagudi
The Taj Hotel,No,No,3.5/5,12,City Market,Quick Bites,,"Biryani, Mughlai",350,Dine-out,Basavanagudi
Rasoi,Yes,No,3.3/5,128,Banashankari,Quick Bites,"Lassi, Panneer Butter Masala, Paratha, Thali","North Indian, Chinese",300,Dine-out,Basavanagudi
21 C - La Marvella Sarovar Premiere Hotel,No,No,3.6/5,15,Jayanagar,Casual Dining,,Continental,1000,Dine-out,Basavanagudi
Ayda Persian Kitchen,No,No,3.7/5,39,Banashankari,Casual Dining,,"North Indian, Iranian",950,Dine-out,Basavanagudi
Vybhava,No,No,3.8/5,39,Jayanagar,Quick Bites,"Masala Dosa, Idli, Vada Sambar","South Indian, North Indian",250,Dine-out,Basavanagudi
Vijaya Sagar,No,No,3.6/5,15,Wilson Garden,Quick Bites,,"South Indian, North Indian, Chinese",300,Dine-out,Basavanagudi
Priya Restaurant,No,No,,0,Jayanagar,Quick Bites,,"South Indian, North Indian",250,Dine-out,Basavanagudi
Emerald Green,No,No,,0,City Market,Casual Dining,,South Indian,600,Dine-out,Basavanagudi
Upperdeck,No,No,,0,City Market,Casual Dining,,"North Indian, Chinese, Mughlai, Seafood",900,Dine-out,Basavanagudi
Hatti Punjab Di,No,No,,0,Jayanagar,Casual Dining,,"North Indian, Chinese",600,Dine-out,Basavanagudi
As On Fire,Yes,No,3.5/5,41,South Bangalore,Food Truck,Pizza,"Pizza, Fast Food, BBQ",400,Dine-out,Basavanagudi
Sri Krishna Sagar,Yes,No,3.2/5,119,Banashankari,Casual Dining,,"North Indian, Chinese",400,Dine-out,Basavanagudi
Lassi Stop,Yes,No,3.4/5,12,Banashankari,"Beverage Shop, Quick Bites",,"Beverages, Fast Food, Juices",150,Dine-out,Basavanagudi
Sri Yaksha Shiv Sagar,Yes,No,3.6/5,24,Banashankari,Casual Dining,,"North Indian, Chinese",600,Dine-out,Basavanagudi
Chumma Delicious,Yes,No,3.7/5,237,Banashankari,Quick Bites,Chicken Biryani,"South Indian, Fast Food",200,Dine-out,Basavanagudi
Khan Saheb Grills and Rolls,Yes,No,3.9/5,134,Jayanagar,Quick Bites,"Rolls, Biryani, Mutton Seekh, Egg Roll, Chicken Tikka, Chicken Roll","Fast Food, Rolls",350,Dine-out,Basavanagudi
Leon Grill,Yes,No,4.1/5,414,Jayanagar,Quick Bites,"Burgers, Fries, Chicken Filet Burger, Peri Peri Chicken Wings, Peri Peri Chicken Salad, Peri Peri Chicken Burger, Falafel","Burger, Turkish, Arabian, Fast Food, Salad, Healthy Food, Desserts",500,Dine-out,Basavanagudi
Krishna Sagar,No,No,3.5/5,31,Banashankari,Quick Bites,,North Indian,200,Dine-out,Basavanagudi
Iyer's Tiffin Centre,No,No,3.8/5,62,Banashankari,Quick Bites,"Kesari Bath, Masala Dosa","South Indian, Chinese",150,Dine-out,Basavanagudi
Kydz Adda,No,No,3.4/5,6,Banashankari,Casual Dining,,Continental,500,Dine-out,Basavanagudi
Hotel Anand Vihar,No,No,3.2/5,12,City Market,Casual Dining,,"North Indian, Chinese",400,Dine-out,Basavanagudi
Hanumanthanagar Biryani Junction,No,No,3.5/5,17,Banashankari,Quick Bites,,South Indian,300,Dine-out,Basavanagudi
Annapooraneshwari Mess,No,No,,0,Banashankari,Mess,,South Indian,200,Dine-out,Basavanagudi
Kaumudis Juoice,No,No,,0,Banashankari,"Beverage Shop, Quick Bites",,"Beverages, Fast Food, Juices",150,Dine-out,Basavanagudi
Tejas Bar and Restaurant,No,No,,0,Nagarbhavi,Casual Dining,,"Chinese, South Indian",800,Dine-out,Basavanagudi
Swadesh Tadka,Yes,No,3.5/5,179,Banashankari,Casual Dining,"Gulab Jamun, Roti, Masala Papad, Babycorn Manchurian, Paratha, Clear Soup, Biryani","North Indian, Chinese, Beverages",600,Dine-out,Basavanagudi
Wahab,Yes,No,3.7/5,97,Jayanagar,Quick Bites,"Chicken Biryani, Rolls","North Indian, Mughlai, Chinese",350,Dine-out,Basavanagudi
Vennela Andhra Meals,Yes,No,3.0/5,23,Jayanagar,Quick Bites,,Andhra,400,Dine-out,Basavanagudi
SLV Refreshment,No,No,4.1/5,94,Banashankari,Quick Bites,"Coffee, Masala Dosa, Kharabath, Idli Vada, Kesari Bath",South Indian,100,Dine-out,Basavanagudi
Pavithra Restaurant,No,No,3.4/5,133,Jayanagar,Quick Bites,"Coffee, Tomato Soup, Thali, Vada Sambar, Biryani","South Indian, North Indian, Chinese",300,Dine-out,Basavanagudi
K27 - The Pub,No,No,3.1/5,30,Banashankari,Bar,,"Chinese, North Indian",1000,Dine-out,Basavanagudi
Kotian Karavali Restaurant,No,No,3.5/5,10,Banashankari,Quick Bites,,"South Indian, Biryani",300,Dine-out,Basavanagudi
Biryani Paradise,No,No,3.4/5,6,Shanti Nagar,Quick Bites,,"Biryani, Fast Food",400,Dine-out,Basavanagudi
Ande Ka Funda,Yes,No,3.8/5,120,Banashankari,Quick Bites,,"North Indian, Fast Food, Rolls",250,Dine-out,Basavanagudi
Durga Sagar,Yes,No,3.3/5,8,Shanti Nagar,Quick Bites,,South Indian,150,Dine-out,Basavanagudi
Ruchi's Corner,Yes,No,2.7/5,123,Banashankari,Quick Bites,,Fast Food,200,Dine-out,Basavanagudi
Brews N Bites,Yes,No,2.9/5,62,Jayanagar,"Quick Bites, Cafe","Coffee, Cappuccino","Chinese, Fast Food, Cafe",650,Dine-out,Basavanagudi
Anda Ka Funda,Yes,No,3.4/5,89,Jayanagar,Quick Bites,,"North Indian, Chinese, Rolls",250,Dine-out,Basavanagudi
Kaggis,No,No,3.8/5,64,Banashankari,Quick Bites,,"Fast Food, Bakery",250,Dine-out,Basavanagudi
Darbar,No,No,3.0/5,98,Banashankari,Bar,"Paneer Tikka, Dal Kichadi, French Fries","North Indian, Chinese",800,Dine-out,Basavanagudi
MRS Paradise,No,No,3.4/5,21,Jayanagar,Casual Dining,,"South Indian, North Indian, Chinese",650,Dine-out,Basavanagudi
Shree Sagar,No,No,2.8/5,33,Jayanagar,Casual Dining,,"North Indian, South Indian, Chinese",500,Dine-out,Basavanagudi
Beijing Bites,No,No,2.7/5,128,Banashankari,Casual Dining,"Cantonese Noodles, Basil Chicken, Hunan Chicken Gravy, Manchow Soup, Dragon Chicken, Chicken Grill","Chinese, Thai",850,Dine-out,Basavanagudi
Coffee House,No,No,,0,Jayanagar,Quick Bites,,"Beverages, Bakery",150,Dine-out,Basavanagudi
Juicy Momos,Yes,No,3.5/5,80,Banashankari,Quick Bites,"Rolls, Burgers, Juicy Momos, Chicken Momo, Chocolate Momos, Mushroom Momo, Paneer Momos","Tibetan, Momos",250,Dine-out,Basavanagudi
Meat And Eat,Yes,No,3.1/5,4,Wilson Garden,Quick Bites,,"Fast Food, Burger",500,Dine-out,Basavanagudi
Rakesh Kumar Pani Poori,No,No,3.6/5,13,Jayanagar,Quick Bites,,Street Food,100,Dine-out,Basavanagudi
Sangam Military Hotel,No,No,3.2/5,14,Jayanagar,Quick Bites,,South Indian,250,Dine-out,Basavanagudi
Chatar Patar,No,No,3.7/5,65,Banashankari,Quick Bites,"Panipuri, Chaat, Noodles, Dahi Bhalle","Fast Food, Street Food",300,Dine-out,Basavanagudi
Hotel Sapphire,No,No,,0,City Market,Quick Bites,,"North Indian, Chinese, South Indian",300,Dine-out,Basavanagudi
Rotti Mane,No,No,,0,Banashankari,Quick Bites,,South Indian,100,Dine-out,Basavanagudi
New Ambur Biryani,No,No,,0,Shanti Nagar,Quick Bites,,Biryani,350,Dine-out,Basavanagudi
Hotel Select,No,No,,0,Shanti Nagar,Quick Bites,,South Indian,250,Dine-out,Basavanagudi
Karnataka Bhel House,No,No,,0,Banashankari,Quick Bites,,Street Food,150,Dine-out,Basavanagudi
Kannadigas Karavali,No,No,,0,Banashankari,Quick Bites,,"Mangalorean, South Indian, North Indian",250,Dine-out,Basavanagudi
The Coorg Kitchen,No,No,,0,Banashankari,Quick Bites,,South Indian,400,Dine-out,Basavanagudi
Satkar Upahar,No,No,,0,Shanti Nagar,Quick Bites,,"South Indian, Beverages",100,Dine-out,Basavanagudi
Just Bunny,Yes,No,3.5/5,11,Jayanagar,Quick Bites,,Fast Food,200,Dine-out,Basavanagudi
Aramane Donne Biryani,Yes,No,3.1/5,28,Banashankari,Quick Bites,,Biryani,200,Dine-out,Basavanagudi
VEGeatz,Yes,No,3.4/5,19,Banashankari,Quick Bites,,"South Indian, North Indian",200,Dine-out,Basavanagudi
SSV Upahar,Yes,No,NEW,0,Jayanagar,Quick Bites,,"South Indian, Chinese",300,Dine-out,Basavanagudi
Just Shawarma,Yes,No,3.8/5,66,Banashankari,Quick Bites,,Arabian,300,Dine-out,Basavanagudi
Adithya,No,No,3.7/5,28,Jayanagar,Quick Bites,,"South Indian, North Indian, Chinese",300,Dine-out,Basavanagudi
SVKP Daily Fresh,No,No,3.3/5,5,Banashankari,Quick Bites,,South Indian,350,Dine-out,Basavanagudi
Kidambi's Kitchen,No,No,3.5/5,52,Banashankari,Quick Bites,Rooftop Ambience,South Indian,300,Dine-out,Basavanagudi
Banashankari Nati Style,No,No,,0,Banashankari,Quick Bites,,"Biryani, Chinese, South Indian, North Indian",350,Dine-out,Basavanagudi
Murali Miltary Hotel,No,No,,0,Jayanagar,Quick Bites,,Biryani,300,Dine-out,Basavanagudi
Sea Green Cafe,No,No,3.3/5,4,Banashankari,Cafe,,"Cafe, Fast Food, Beverages",500,Dine-out,Basavanagudi
Hotel Coronation,No,No,3.3/5,5,City Market,Quick Bites,,"North Indian, Chinese, Kebab, Rolls",350,Dine-out,Basavanagudi
Hotel New Guide,No,No,,0,City Market,Quick Bites,,South Indian,200,Dine-out,Basavanagudi
City Kebab Centre,No,No,,0,City Market,Quick Bites,,"Fast Food, Street Food",300,Dine-out,Basavanagudi
Hotel City Light,No,No,,0,City Market,Quick Bites,,"North Indian, Biryani",200,Dine-out,Basavanagudi
Chandra Prakesh Veg Restaurant,No,No,,0,City Market,Quick Bites,,South Indian,100,Dine-out,Basavanagudi
Hotel Annapurna,No,No,,0,City Market,Quick Bites,,South Indian,150,Dine-out,Basavanagudi
Rasoi Family Restaurant,No,No,,0,City Market,Quick Bites,,"North Indian, Chinese",300,Dine-out,Basavanagudi
New Biryani Mane,No,No,,0,Jayanagar,Quick Bites,,"South Indian, Biryani",400,Dine-out,Basavanagudi
Bengaluru Foodies,No,No,,0,Jayanagar,Quick Bites,,"North Indian, South Indian",300,Dine-out,Basavanagudi
Aliyar Cafe Sweet Palace,No,No,,0,Jayanagar,Quick Bites,,"Fast Food, Burger, Rolls, Beverages",250,Dine-out,Basavanagudi
New Sri Udupi Restaurant,No,No,,0,Jayanagar,Quick Bites,,"North Indian, South Indian, Chinese, Beverages, Fast Food",200,Dine-out,Basavanagudi
MM Tiffen Center,No,No,,0,Banashankari,Quick Bites,,"South Indian, Fast Food",150,Dine-out,Basavanagudi
New Indraprasta,No,No,NEW,0,Banashankari,Quick Bites,,"South Indian, Beverages",150,Dine-out,Basavanagudi
Sri Raghavendra Prasanna Coffee Beans Club,No,No,NEW,0,Banashankari,Quick Bites,,South Indian,150,Dine-out,Basavanagudi
Bitez,No,No,NEW,0,Banashankari,Quick Bites,,Fast Food,100,Dine-out,Basavanagudi
Sree Sagar,Yes,No,,0,Banashankari,Quick Bites,,South Indian,200,Dine-out,Basavanagudi
Shawarma Inc,Yes,No,,0,Jayanagar,Quick Bites,,"Rolls, Lebanese",200,Dine-out,Basavanagudi
Lama Restaurant,No,No,,0,City Market,Quick Bites,,"North Indian, Chinese, Biryani",250,Dine-out,Basavanagudi
Sri Balaji Tiffin Centre,No,No,NEW,0,Banashankari,Quick Bites,,"South Indian, Chinese",300,Dine-out,Basavanagudi
360 Atoms Restaurant And Cafe,Yes,No,3.1/5,13,Banashankari,Cafe,,"Cafe, Chinese, Continental, Italian",400,Dine-out,Basavanagudi
Shree Balaji Paratha House,No,No,3.0/5,17,Jayanagar,Quick Bites,,North Indian,200,Dine-out,Basavanagudi
Srinagar Kabab Corner,No,No,3.4/5,10,Banashankari,Quick Bites,,North Indian,250,Dine-out,Basavanagudi
Sri Venkateshwara Chat Centre,No,No,3.5/5,12,Banashankari,Quick Bites,,Street Food,100,Dine-out,Basavanagudi
Donne Biryani,No,No,3.2/5,10,Shanti Nagar,Quick Bites,,Biryani,200,Dine-out,Basavanagudi
Saarangi Express,No,No,3.4/5,6,Jayanagar,Quick Bites,,"Fast Food, South Indian",250,Dine-out,Basavanagudi
Sri Venkateshwara Vishnu Bhavan,No,No,,0,Shanti Nagar,Quick Bites,,"South Indian, North Indian, Chinese",300,Dine-out,Basavanagudi
Sri Udupi Veg,No,No,3.3/5,4,Jayanagar,Quick Bites,,South Indian,250,Dine-out,Basavanagudi
Royal Biryani Center,No,No,NEW,0,Jayanagar,Quick Bites,,"Biryani, Fast Food",200,Dine-out,Basavanagudi
Adithya Veg,No,No,3.3/5,10,Jayanagar,Quick Bites,,"South Indian, Chinese",300,Dine-out,Basavanagudi
Nandi Chats and Juice,No,No,3.6/5,47,Banashankari,Quick Bites,,Street Food,150,Dine-out,Basavanagudi
Nandishwara Lunch Home,No,No,,0,Shanti Nagar,Quick Bites,,South Indian,100,Dine-out,Basavanagudi
Atithi Point Ande Ka Funda,No,No,3.1/5,29,Banashankari,Quick Bites,,North Indian,150,Dine-out,Basavanagudi
FOOD ADDA,No,No,3.2/5,4,Banashankari,Quick Bites,,Fast Food,200,Dine-out,Basavanagudi
Coffee Bytes,No,No,3.1/5,6,Banashankari,Quick Bites,,"Fast Food, South Indian",100,Dine-out,Basavanagudi
Parjanya Chat Zone,No,No,3.3/5,17,Banashankari,Quick Bites,,"Street Food, Fast Food",200,Dine-out,Basavanagudi
Yo Roll Corner,No,No,3.0/5,27,Banashankari,Quick Bites,,"Street Food, Rolls",200,Dine-out,Basavanagudi
Sri Lakshmi Kabab Center,No,No,3.3/5,4,Banashankari,Quick Bites,,Kebab,200,Dine-out,Basavanagudi
Sri Basaveshwar Jolada Rotti Oota,No,No,,0,Banashankari,Quick Bites,,South Indian,150,Dine-out,Basavanagudi
Shree Udupi South kitchen,No,No,NEW,0,Banashankari,Quick Bites,,South Indian,150,Dine-out,Basavanagudi
Foodlieious Multi Cuisine,No,No,NEW,0,Banashankari,Quick Bites,,North Indian,100,Dine-out,Basavanagudi
Sri Cafe Hotel,No,No,,0,Shanti Nagar,Quick Bites,,South Indian,150,Dine-out,Basavanagudi
Tasty Bites,No,No,3.7/5,21,Banashankari,Quick Bites,,"Fast Food, Pizza",150,Dine-out,Basavanagudi
Rustic Treats,No,No,3.3/5,4,Jayanagar,"Quick Bites, Cafe",,"Street Food, Cafe",400,Dine-out,Basavanagudi
Hotel Renowned,No,No,3.3/5,5,City Market,Quick Bites,,"North Indian, Biryani",200,Dine-out,Basavanagudi
Al Madina Family Restaurant,No,No,NEW,0,City Market,Quick Bites,,"North Indian, South Indian, Arabian",500,Dine-out,Basavanagudi
Hotel Kalpaka,No,No,3.4/5,4,City Market,Quick Bites,,"South Indian, Kerala",400,Dine-out,Basavanagudi
Madeena Restaurant,No,No,,0,City Market,Quick Bites,,North Indian,300,Dine-out,Basavanagudi
New Grand Hotel,No,No,,0,City Market,Quick Bites,,"North Indian, Biryani",200,Dine-out,Basavanagudi
Raams Chicken,No,No,3.6/5,22,Banashankari,Quick Bites,,Andhra,300,Dine-out,Basavanagudi
Panchami,No,No,3.0/5,15,Banashankari,Quick Bites,,"North Indian, Chinese",300,Dine-out,Basavanagudi
Poornima Restaurant,No,No,3.3/5,29,Wilson Garden,Quick Bites,,South Indian,200,Dine-out,Basavanagudi
Canton,Yes,No,3.6/5,195,Jayanagar,Casual Dining,"Roast Pork, Tai Pai Chicken, Beer, Sweet Corn Chicken Soup, Masala Peanuts, Chinese Chop Suey, Chicken Lollipop","Chinese, Seafood, Biryani",800,Dine-out,Basavanagudi
Kavali,No,No,4.0/5,42,Banashankari,Quick Bites,"Cheese Dosa, Chocolate Dosa, Corn Dosa, Pesarattu, Bread Dosa","South Indian, Street Food",300,Dine-out,Basavanagudi
Kolkata Restaurant,No,No,3.0/5,7,Jayanagar,Quick Bites,,"Bengali, North Indian, Chinese",300,Dine-out,Basavanagudi
People Tree Cafe,No,No,3.7/5,168,Jayanagar,Cafe,"Chocolate Shake, Nachos, Babycorn Manchurian, Cheese Maggi, French Fries, Tea, Oreo Shake","Cafe, Fast Food, Beverages",400,Dine-out,Basavanagudi
Chung Wah,Yes,No,3.7/5,323,Jayanagar,Casual Dining,"Noodles, Veg Momos, Chowmein, Schezwan Fried Rice, Clear Soup, Sweet Corn Soup, Chicken Wings","Chinese, Thai, Momos",850,Dine-out,Basavanagudi
Chinese House,Yes,No,2.8/5,19,Jayanagar,Quick Bites,,"Chinese, Thai, Momos",300,Dine-out,Basavanagudi
Hotel Empark,Yes,No,3.4/5,16,Wilson Garden,Casual Dining,,"Chinese, North Indian, Arabian",800,Dine-out,Basavanagudi
Davanagere Benne Dosa,No,No,NEW,0,Jayanagar,Quick Bites,,South Indian,150,Dine-out,Basavanagudi
Once Upon a Rooftop,No,Yes,4.3/5,1236,Jayanagar,"Casual Dining, Bar","Pizza, Cocktails, Pasta, Churros, Mocktails, Mushroom Soup, Long Island Iced Tea","Pizza, Italian, Chinese, Thai",1000,Drinks & nightlife,Basavanagudi
Soho Bar & Grill,No,No,2.7/5,377,Basavanagudi,Pub,"Thai Chicken, Chicken Lollipop, Cocktails, Jeera Rice, Rolls, Draught Beer, French Fries","North Indian, Chinese, Thai",1100,Drinks & nightlife,Basavanagudi
Beetle Juice Bar - Springs Hotel & Spa,No,Yes,3.7/5,64,Basavanagudi,Bar,Rooftop Ambience,Finger Food,2200,Drinks & nightlife,Basavanagudi
Brew Meister,Yes,Yes,4.1/5,970,Jayanagar,"Microbrewery, Casual Dining","Cocktails, Pasta, Paneer Tikka, Mocktails, Wheat Beer, Corn Paratha, Misal Pav","North Indian, Continental, Finger Food, American, Asian",1500,Drinks & nightlife,Basavanagudi
Salut,Yes,Yes,4.1/5,442,Jayanagar,"Pub, Casual Dining","Pesto Pizza, Buffalo Wings, Cocktails, Beer, Egg Ghee Roast, Brownie, Pepper Chicken","Continental, Finger Food, Seafood, Pizza",1200,Drinks & nightlife,Basavanagudi
Gustoes Beer House,No,No,4.1/5,868,Banashankari,Pub,"Beer, Wedges, Pizza, Nachos, Salads, Papaya Salad, Buffalo Wings","Continental, Italian, Mexican, North Indian, Chinese, Steak",1200,Drinks & nightlife,Basavanagudi
Jcubez,No,Yes,3.8/5,977,Banashankari,Lounge,"Beer, Chicken Wings, Chilli Chicken, Onion Rings, Fries",Finger Food,1300,Drinks & nightlife,Basavanagudi
The Lounge - Eden Park Restaurants,No,Yes,3.7/5,151,Jayanagar,Lounge,"Mutton Biryani, Mojito, Dal Makhani, Cocktails, Raita","North Indian, Afghani",1350,Drinks & nightlife,Basavanagudi
Blue Wings Bar & Restaurant,No,No,3.7/5,43,Banashankari,"Bar, Casual Dining",,"North Indian, Chinese",700,Drinks & nightlife,Basavanagudi
Clove Rooftop,No,Yes,3.8/5,235,Jayanagar,Casual Dining,"Sea Food, Fish, Masala Papad, Chilli Paneer, Cocktails, Corn Pakoda, Biryani","Konkan, Seafood",1000,Drinks & nightlife,Basavanagudi
K27 - The Pub,No,No,3.1/5,30,Banashankari,Bar,,"Chinese, North Indian",1000,Drinks & nightlife,Basavanagudi
Darbar,No,No,3.0/5,98,Banashankari,Bar,"Paneer Tikka, Dal Kichadi, French Fries","North Indian, Chinese",800,Drinks & nightlife,Basavanagudi
Kava - Fairfield by Marriott,No,Yes,3.9/5,284,Bellandur,Casual Dining,"Tea, Salads, Fish, Chicken Biryani, Breakfast Buffet, Salad, Noodles","North Indian, South Indian, Continental",1500,Buffet,Bellandur
The Fisherman's Wharf,Yes,Yes,4.4/5,4099,Sarjapur Road,"Casual Dining, Bar","Sea Food, Caesar Salad, Jumbo Prawns, Cocktails, Mocktails, Goan Fish Curry, Curry Crab","Seafood, Goan, North Indian, Continental, Asian",1400,,
 'RATED\n  I feel it is a bit of hype and overpriced. Maybe I expected more. Went there with family and friends for a lunch buffet which was booked through Zomato app. They claim to be Goan. I expected Goan fare, but was kind of disappointed. I expected a Xacuti or a Vindaloo or a Balchao or a Sorpotel or a Cafreal or a Recheado. There was none. Probably that was the reason for disappointment. There was a Goan fish curry - but that is something so common and when it is made with Basa, which is not Goan, makes it funny. Other food served was good. Crab was on the menu, but they were small ones. On starters, ('Rated 4.0', 'RATED\n  The restaurant is based on Goa theme with various areas allocated in the name of different beaches of Goa..beautiful ambience with live music and the waiters are also dressed funkily in a beach theme..we went on a weekend which was also a festive occasion, so the place was almost full..we had booked alcoholic lunch buffet..everything was delicious.. especially loved the prawns in starters..their main course also had a lot of varieties but what I loved the most is their wide range of desserts. Loved the different kind of puddings, gulabjamun & ice cream. Lovely place to chill with friends or spend some quality time with family. Must visit??'), ('Rated 5.0', 'RATED\n  One of the best food experiences I had in Bangalore. Awesome ambience that go well with the food and drinks they serve there.\nThe food is of gourmet standard and worth the price. Want to visit it again sometime soon.'), ('Rated 4.0'
MoMo Cafe - Courtyard by Marriott,No,Yes,4.2/5,271,Bellandur,Casual Dining,"Pasta, Lunch Buffet, Butter Chicken, Salads, Bhuna Gosht, Salad, Sea Food","Asian, North Indian, South Indian, Momos",2000,Buffet,Bellandur
Ruh,Yes,Yes,4.1/5,3020,Bellandur,Casual Dining,"Fattoush Salad, Mutton Biryani, Mutton Roganjosh, Panipuri, Mocktails, Choco Bomb, Cocktails","North Indian, Mughlai, Mediterranean, Iranian",1000,Buffet,Bellandur
Tipsy Bull - The Bar Exchange,Yes,Yes,4.4/5,2182,Bellandur,"Bar, Casual Dining","Falafel, Cocktails, Mocktails, Sea Food, Spring Roll, Mutton Pepper Fry, Pasta","North Indian, Chinese, Continental, Mexican",1400,Buffet,Bellandur
Nook - Aloft Bengaluru Cessna Business Park,No,Yes,4.3/5,403,Bellandur,Casual Dining,"Chicken Quesadilla, Breakfast Buffet, Cheesecake, Naan, Cocktails, Biryani, Lamb","North Indian, Continental, Asian",1800,Buffet,Bellandur
Chaarcoal,Yes,No,4.0/5,444,Bellandur,Casual Dining,"Egg Biryani, Raita, Gulab Jamun, Chicken Biryani, Fish, Stuffed Kulcha, Chicken Lollipop",North Indian,1200,Buffet,Bellandur
Sharaab Factory,Yes,Yes,3.9/5,392,Bellandur,Bar,"Chicken Curry, Chicken Tikka, Cocktails, Long Island Iced Tea, Draught Beer","Biryani, North Indian",1500,Buffet,Bellandur
Skylit - Citrus Hotels,No,Yes,3.6/5,255,Bellandur,Lounge,"Chicken Curry, Mocktails, Biryani, Halwa, Beer, Pasta, Fish Tikka","North Indian, Mughlai, Mediterranean",1500,Buffet,Bellandur
Punjabi Times,Yes,Yes,4.1/5,1691,Bellandur,"Casual Dining, Bar","Papdi Chaat, Thandai, Chole Bhature, Lassi, Paan Ice Cream, Mutton Curry, Raita",North Indian,1100,Buffet,Bellandur
Flavors of India,Yes,Yes,3.7/5,37,Bellandur,Casual Dining,"Salads, Fish","Chinese, North Indian, Salad, Fast Food",1500,Buffet,Bellandur
Monsoon,No,No,2.8/5,11,Bellandur,Food Court,,Continental,1000,Buffet,Bellandur
BISO - Citrus Hotels,No,No,3.0/5,120,Bellandur,Casual Dining,"Salads, Gulab Jamun, Pasta, Fish, Rasgulla, Coffee, Lunch Buffet","North Indian, Italian, Chinese, Asian",1000,Buffet,Bellandur
Chef's Gallery,No,No,3.5/5,95,Bellandur,Casual Dining,"Pasta, Lunch Buffet, Pizza, Noodles, Draught Beer","Chinese, Italian, North Indian",700,,
 'RATED\n  Nice ambiance. ..food is also up to the mark'), ('Rated 3.5'," """"RATED\n  Food: 3.5/5 Ambience: 4/5 Service :3/5\nReservation recommended\nTried a Friday lunch buffet here", it has a good mix of starters, salads," even after reservation I got the table 30min late.\nThe arrangement of buffet is such that it makes you wait in a queue making the place crowded and mismanaged"""")", ('Rated 1.0', 'RATED\n  Made us to wait for 30 mins even when we came 10 mins before our reservation time which they had confirmed by calling us in the morning. We left after waiting for 30 mins. The review purely on their quality of service. Wanted to give 0.'), ('Rated 4.0', 'RATED\n  Nice ambiance. ..food is also up to the mark'), it has a good mix of starters, salads
Palki's,No,No,3.0/5,155,Bellandur,Casual Dining,"Outdoor Sitting Arrangement, Vegetable Biryani, Dal Makhani, Veg Thali","North Indian, Biryani",800,Buffet,Bellandur
W XYZ Bar - Aloft Bengaluru Cessna Business Park,No,No,3.8/5,46,Bellandur,"Lounge, Casual Dining",Cocktails,"Finger Food, North Indian",2000,Buffet,Bellandur
The Black Pearl,No,Yes,4.8/5,7023,Marathahalli,"Casual Dining, Bar","Dahipuri, Jal-jeera, Chicken Grill, Mutton Seekh Kabab, Rasmalai, Mutton Curry, Mutton Kebab","North Indian, European, Mediterranean, BBQ",1500,,
 ('Rated 4.0', 'RATED\n  Sitting in the midst of the pirate themed, a nice place to hangout with your friends and spend your evening. A good spread of grill on counter and live music to get along. Thanks to our host Mr. Joydeep for his prompt service.'), ('Rated 5.0'," """"RATED\n  We have visited to this place it's was nice experience food was good"," live counter here are more interesting. I got a good option of unlimited cocktails & mocktails"""")", ('Rated 4.0'," """"RATED\n  Ship Theme Restaurant", The Black Pearl it is a Fictional Ship in the Pirates of the Caribbean Film Series.\n\nWe 4 pax Been here for Buffet Dinner Ambience ? ?, Service also Good.\n\nNow a Day's very very common for Barbecue Style Restaurant. Food taste ? But many varieties in NON VEG especially try if you like OCTOPUS ? First Time i had, 'RATED\n  Best buffet in Banglore.i went with team lunch nice experience. Really I enjoyed the food and ambience. Service was great. Keep it up. ???\nFood 5/4\n\nAmbience 5/4\n\nService 5/5\n\nThank you Team'), ('Rated 4.0'
The Fisherman's Wharf,Yes,Yes,4.4/5,4099,Sarjapur Road,"Casual Dining, Bar","Sea Food, Caesar Salad, Jumbo Prawns, Cocktails, Mocktails, Goan Fish Curry, Curry Crab","Seafood, Goan, North Indian, Continental, Asian",1400,Buffet,Bellandur
Jalsa Gold,No,Yes,4.5/5,3421,Marathahalli,Casual Dining,"Phirni, Butter Chicken, Cocktails, Kadhai Paneer, Chicken Curry, Cucumber Juice, Rabri","North Indian, Mughlai, Italian",1300,Buffet,Bellandur
AB's - Absolute Barbecues,No,Yes,4.7/5,881,Sarjapur Road,Casual Dining,"Fish, Salad, Paan Ice Cream, Mocktails, Chicken Curry, Phirni, Panneer Butter Masala","European, Mediterranean, North Indian, BBQ",1600,Buffet,Bellandur
The Hidden Home,Yes,Yes,4.3/5,994,Sarjapur Road,Casual Dining,"Brownie Chocolate, Manchow Soup, Jalebi, Rabri, Mocktails, Beer, Tandoori Chicken","Asian, Chinese, Continental, North Indian, South Indian",1300,Buffet,Bellandur
Barbecoa,No,No,4.3/5,1303,Marathahalli,Casual Dining,"Chicken Dum Biryani, Egg Curry, Honey Cake, Gajar Halwa, Carrot Halwa, Hakka Noodles, Rabri","North Indian, Continental, Chettinad, Andhra, Bengali",1000,Buffet,Bellandur
Opus Food Stories,No,Yes,4.7/5,163,Sarjapur Road,"Bar, Casual Dining","Cocktails, Sunday Brunch, Rasmalai, Lunch Buffet, Ravioli, Biryani, Sunday Brunches","Goan, Asian, North Indian, European, Continental",1500,Buffet,Bellandur
Village - The Soul of India,No,No,3.9/5,1225,Sarjapur Road,Casual Dining,"Mutton Curry, Fish, Chaat, Naan, Jalebi, Chicken Biryani, Lunch Buffet","North Indian, Lucknowi, Gujarati, Maharashtrian, South Indian, Bengali",1100,Buffet,Bellandur
Little Italy,Yes,Yes,4.3/5,715,Sarjapur Road,Casual Dining,"Pasta, Pizza, Enchiladas, Mushroom Soup, Salads, Mocktails, Salad","Italian, Pizza",1500,Buffet,Bellandur
Xtreme Sports Bar,Yes,Yes,4.0/5,942,Sarjapur Road,Pub,"Lunch Buffet, Boti Kebab, Beer, Potato Wedges, Gulab Jamun, Pizza, Club Sandwich","Continental, Chinese, North Indian",1300,Buffet,Bellandur
RRoyal Rajasthan,Yes,No,4.3/5,754,Sarjapur Road,Casual Dining,"Dal Bati, Gatte Ki Subzi, Churma, Rasmalai, Dahi Vada, Khichda, Chaach","Rajasthani, North Indian",500,,
 Bati, Churma.\n\nService was quick and staff was courteous.\n\nFood was awesome, very nice aroma and lot of ghee. Nice soft Bati's, churma was yummy, dal was nice, ('Rated 5.0', 'RATED\n  If you are a Rajasthani food lover, than this is a must try place for you. Tried their ROYAL thali and it was damm tasty, one of the best thali i had in the long time, its was a complete meal with damm tasty food.'), it serves the flavours of Rajasthan & North Indian which will satisfy your taste buds.\n\nI was so excited and crazy looking at the food, that I missed on clicking the picture and just started having as it looked so tempting ? Dal Baati
Flavours - Octave Hotel & Spa,No,No,3.0/5,197,Sarjapur Road,Casual Dining,"Pasta, Vegetable Biryani, Chole, Chicken Kebab, Lunch Buffet, Chicken Biryani, Chicken Curry","North Indian, Chinese",700,,
 appreciate the quality. You are the guys due to which Indians are stereotyped.  Stop rating and reviewing if you dont appreciate the quality and taste. \n\nQUALITY FIRST, THEN QUANTITY!'), ('Rated 2.5'," """"RATED\n  Well this place is cool & good as per me good looking lounge in the hotel i went for an party in this hotel .So i should tell you 1st thing is party hall very  small & good decorative hall and pleasant place  for kids birthday parties ...\n\nComing to the food i didn't like the food in this hotel it was not cooked properly well it was a party buffet but the chicken biryani is not cooked well and the veg biryani is some how good to taste ",mutton curry not at all good and coming to veg curries Mushroom green piece masala  was good taste , ('Rated 3.5'," """"RATED\n  On an average it was good..\nBut varieties of starters are few . They are having a wide range of salads but average only. . After looking into the salad bowls you won't want to eat.."""")", ('Rated 3.0', 'RATED\n  Went for a lunch with team to flavours. Nice ambience with good variety of food. Salads are good and Non - Veg items are great. Overall a good experience'), ('Rated 1.0', ('Rated 4.5'," """"RATED\n  I celebrated my Son's 1st Birthday in Octave Hotel... It was a marvelous experience and everything was delivered with high quality and as promised. Mr Bimal is very co-operative and and able manager who has the expertise of organizing parties to delight his customers.\n Food was very good and service was excellent by the staff who looked after kids and served the guests well."""")"
The Hub - Ibis Bengaluru,No,No,3.9/5,237,Marathahalli,Bar,"Dal Makhani, Cocktails, Lunch Buffet, Breakfast Buffet, Pasta, Noodles, Fish",Finger Food,,Buffet,Bellandur
Equinox Bar - DoubleTree Suites By Hilton,No,Yes,3.9/5,52,Sarjapur Road,Lounge,Cocktails,"Continental, Thai, Vietnamese, American, Chinese, North Indian, Finger Food",1900,Buffet,Bellandur
Story Time,No,No,3.7/5,15,Bellandur,"Cafe, Quick Bites",,"North Indian, South Indian, Andhra, Cafe",500,Cafes,Bellandur
The Salad Studio,Yes,No,4.0/5,107,Bellandur,Cafe,"Salads, Salad, Sandwiches, Chicken Grill","Cafe, Healthy Food, Salad",400,Cafes,Bellandur
On the Go Cafeteria,No,No,NEW,0,Bellandur,Takeaway,,"Fast Food, Cafe",200,Cafes,Bellandur
Mont Blanc Cafe,Yes,No,3.8/5,35,Bellandur,Cafe,,"Cafe, Bakery, Italian",650,Cafes,Bellandur
Chef Baker's,Yes,No,3.6/5,136,Bellandur,"Bakery, Quick Bites","Pasta, Apple Pie, Sandwich, Chocolate Cake, Burgers, Hot Chocolate, Donut","Bakery, Fast Food, Pizza, Burger, Cafe",600,Cafes,Bellandur
Cafe Jezve,No,No,4.0/5,23,Bellandur,Cafe,,Cafe,500,Cafes,Bellandur
Starbucks,No,No,3.9/5,38,Bellandur,"Cafe, Food Court",,"Cafe, Desserts",700,Cafes,Bellandur
Puro Gusto,No,No,3.9/5,25,Bellandur,Cafe,,Cafe,400,Cafes,Bellandur
Tata Cha,Yes,No,3.6/5,34,Bellandur,"Beverage Shop, Cafe",,"Tea, Fast Food, Cafe",400,Cafes,Bellandur
Cafe Coffee Day,Yes,No,3.1/5,48,Bellandur,Cafe,Hot Coffee,"Cafe, Fast Food",900,Cafes,Bellandur
Tea Totallers,Yes,No,2.9/5,19,Bellandur,Cafe,,"Cafe, Continental, Tea",500,Cafes,Bellandur
Delitz Creamvilla Cafe,Yes,No,4.0/5,74,Bellandur,"Cafe, Dessert Parlor","Waffles, Coffee, Nachos, Rolls, Sandwiches","Cafe, Desserts, Ice Cream",600,Cafes,Bellandur
The Brewing Bean,No,No,3.7/5,47,Bellandur,Cafe,"Coffee, Pasta, Fish",Cafe,500,Cafes,Bellandur
Cuppa,No,No,3.7/5,33,Bellandur,Cafe,,"Cafe, Fast Food",550,Cafes,Bellandur
Re:fuel- Aloft Bengaluru Cessna Business Park,No,No,,0,Bellandur,"Cafe, Bakery",,"Bakery, Beverages, Cafe, Coffee, Desserts, Sandwich",1000,Cafes,Bellandur
Costa Coffee,No,No,3.0/5,6,Bellandur,Cafe,,"Cafe, Fast Food",500,Cafes,Bellandur
Cafe Olive,No,No,3.8/5,114,Bellandur,Cafe,"Pasta, Pizza, Burgers, Sandwiches, Greek Salad, Sandwich, French Fries","Cafe, European, Beverages, Italian",550,,
" """"RATED\n  I simply loved the food here. We were bunch of 5. Had ordered a couple of starters and different main course dishes. Every dish was very good. We liked the starters so much that we ordered a second plate of each type. \nBut Virgin Mojito didn't taste quite like it. That's one thing you could keep away. \nThe place is very small. If you are a big group (more than 4-5) would suggest to go early. Also", the road outside is dusty. If you can forget all that," you definitely will enjoy the food.\nI would certainly go back for more..."""")", ('Rated 5.0'," """"RATED\n  Really good food and its a must try if you are near ORR", ('Rated 5.0', 'RATED\n  This place has awesome Italian food, more than what I had expected :) ..!!! Pizzas and Pastas are just awesome here. And prices are very nominal and the dishes are worth it. I was contented after eating here. I had the best experience. I would encourage everyone to eat atleast once in this place.'), ('Rated 4.5'," """"RATED\n  Small place", ('Rated 2.5'," """"RATED\n  It's a small food joint behind cisco"
Cafe Thulp,Yes,Yes,4.0/5,341,Bellandur,Cafe,"Burgers, Fries, Beef Burger, Pasta, Salad, Mudpie, Falafel Burger","Cafe, Burger, Italian, Salad",1000,Cafes,Bellandur
Chai Resto,No,No,3.6/5,5,Bellandur,Quick Bites,,"Fast Food, Tea",200,Cafes,Bellandur
Stoner,Yes,No,4.3/5,556,Sarjapur Road,"Dessert Parlor, Cafe","Burgers, Cheesy Chicken Burger, Chicken Chilli Pizza, Monster Burger, Peri Peri Chicken Burger, Butter Chicken Pizza, Mojito","Ice Cream, Cafe, Pizza, Burger, Desserts, Beverages",500,,
 ('Rated 5.0', 'RATED\n  used zomato gold for 1+1...ordered choco lava and chocolate decadence. just next to kaikondrahalli lake- its quite easy to spot. interior is quite cosy and comfy. they hv quite some offers going on like the happy hours and the combo offers which I felt is quite good. they are open till 1in night which is really cool for late night sweet pangs.'), ('Rated 4.0'," """"RATED\n  Have tried only the chipotle veggie pizza - no desserts.\n\nBut the look and taste of the pizza - with generous amount of topping and cheese - made me decide that I will definitely try their desserts and other pizzas next time.\n\nCertainly much better than the big chain pizza outlets. If you love cheese - that too", the real one, ('Rated 4.0', 'RATED\n  tried Sticky toffee pudding here. it was very delicious and satisfying. place is very neat and clean + curtious staff. visit here sometime on weekends'), ('Rated 4.0', 'RATED\n  Post dinner ice cream cravings got us here. We ordered Thanda Paan, Oreo Explosion, Coffee crunch and Lots of nuts ice cream. In general the ice creams were nice. But all the chocolate based ice creams had excess of those chocolate nuts which I believe ruined the taste and the ordered flavour could not be enjoyed.\nAppreciation for the cool staff for playing great music which made us dance and we had a great time.'), ('Rated 4.0'
Zoey's,Yes,No,4.3/5,894,Sarjapur Road,Cafe,"Waffles, Sandwiches, Burgers, Pasta Primavera, Veg Burger, Omelette, Chicken Sausages","Cafe, Italian, Continental, Burger",600,Cafes,Bellandur
Eating Love,Yes,No,4.3/5,149,Sarjapur Road,Cafe,"Pizza, White Sauce Pasta","Cafe, Italian, Pizza",800,Cafes,Bellandur
Light House Cafe,Yes,No,3.7/5,94,Marathahalli,Cafe,Chicken Sandwich,"Cafe, Beverages, Continental, North Indian, Chinese",700,,
 'RATED\n  Light Hose Cafe !!!!!\nA perfect place to chillout for people. Ambience is too good! have provided the comfort levels like couch and bean bags, the service people are too friendly who serve the things with a big smile on there face. food is tasty? overall my experience at light house cafe was awesomee!'), ('Rated 5.0', 'RATED\n  Foods is very awesome and Manu also so this is very good....and different different Cocktail mocktail milk shake , juice is there i really like very much.....and hukka is to awesome in Cafe is very incredible nice nice place....'), 'RATED\n  Peacfull place for long chat with friend.Ambience is really good.Not much options in the menu for mocktails..cafe is in the budget.I njoyed being there.'), ('Rated 4.0', 'RATED\n  Really a nice place to chill out. Good Ambience. Good Food and Reasonable Place too. Had a great time here ? Very Peaceful place and Hookah options are also Good here ??\nTotally worth it.'), ('Rated 4.0', 'RATED\n  The newest place in the neighbourhood. A much-needed one, ('Rated 5.0', 'RATED\n  Light Hose Cafe !!!!!\nA perfect place to chillout for people. Ambience is too good! have provided the comfort levels like couch and bean bags
Chaai Resto,Yes,No,4.1/5,33,Sarjapur Road,Cafe,,"Cafe, Rolls, Fast Food",200,Cafes,Bellandur
Imperio Cafe,No,No,3.9/5,22,Whitefield,Quick Bites,,"Cafe, Fast Food, Pizza, Burger, Beverages",200,Cafes,Bellandur
The Shed,No,No,,0,Sarjapur Road,Cafe,,"Cafe, Fast Food",400,Cafes,Bellandur
Biggies Burger 'n' More,No,No,,0,Sarjapur Road,Quick Bites,,"Burger, American, Beverages, Cafe",650,Cafes,Bellandur
eat.fit,Yes,No,4.4/5,632,Bellandur,Delivery,"Buddha Bowl, Chicken Curry, Brownie, Chole, Veg Thali, Idli, Raita","Healthy Food, North Indian, Biryani, Continental, Sandwich, Desserts",500,Delivery,Bellandur
Sher-E-Punjab,Yes,No,3.4/5,414,Marathahalli,Quick Bites,"Jeera Rice, Thali, Roti","North Indian, Chinese",400,Delivery,Bellandur
Blue Berry Restaurant,Yes,No,3.9/5,146,Bellandur,Casual Dining,"Tandoori Chicken, Coffee, Butter Chicken, Fish Curry, Biryani","North Indian, Biryani, Chinese, Beverages",650,Delivery,Bellandur
BOX8- Desi Meals,Yes,No,4.1/5,166,Bellandur,"Takeaway, Delivery","Dal Makhani, Biryani, Sandwiches, Salad, Gulab Jamun, Sandwich, Brownie Chocolate","North Indian, Mughlai, Fast Food",500,Delivery,Bellandur
FreshMenu,Yes,No,3.2/5,113,Marathahalli,Delivery,"Biryani, Burgers","Healthy Food, Chinese, Biryani, North Indian, Continental, Salad, American, Burger",450,Delivery,Bellandur
Udupi Ruchi,Yes,No,3.8/5,240,Bellandur,Quick Bites,"Tea, Biryani","South Indian, North Indian, Chinese, Street Food",200,Delivery,Bellandur
Rangla Punjab,Yes,No,2.9/5,313,Bellandur,Quick Bites,"Naan, Paratha, Sweet Lassi, Egg Masala, Matar Paneer, Dal Tadka, Panneer Butter Masala","North Indian, Chinese",450,Delivery,Bellandur
Thiruvithamkoor Restaurant,Yes,No,3.3/5,294,Sarjapur Road,Quick Bites,"Chicken Curry, Paratha, Fish, Kerala Parotta","Kerala, Seafood, South Indian, Biryani",400,Delivery,Bellandur
The Paratha Company,Yes,No,4.3/5,166,HSR,Delivery,"Dhaniya Chutney, Rabri, Aloo Paratha, Chole, Cheese Paneer Paratha, Rice Kheer, Dal Makhani",North Indian,400,Delivery,Bellandur
nu.tree,Yes,No,4.4/5,278,Sarjapur Road,Delivery,"Aloo Pyaz Paratha, Kheer, Salads, Chocolate Banana, Thali, Matar Paneer, Detox Smoothie","North Indian, Healthy Food, Beverages",400,Delivery,Bellandur
Best Of Bengal,Yes,No,3.8/5,230,Marathahalli,Quick Bites,"Gulab Jamun, Thali, Salad",Bengali,300,Delivery,Bellandur
Kerala Panoor Restaurant,Yes,No,3.5/5,137,Bellandur,Quick Bites,,"Kerala, Seafood, Biryani, South Indian",350,Delivery,Bellandur
Odians,Yes,No,3.2/5,38,Marathahalli,Quick Bites,,"North Indian, Chinese, Oriya",500,Delivery,Bellandur
Pet Full @ 99,Yes,No,3.1/5,15,Sarjapur Road,Quick Bites,,North Indian,200,Delivery,Bellandur
New Punjabi Dhaba,Yes,No,3.9/5,782,HSR,Quick Bites,"Panneer Butter Masala, Butter Chicken, Kadhai Paneer, Egg Biryani, Noodles, Chilli Paneer","North Indian, Chinese",300,Delivery,Bellandur
Punjabi Dawat,Yes,No,2.9/5,248,Bellandur,Quick Bites,"Lassi, Naan, Chicken Biryani, Butter Chicken, Aloo Paratha, Manchurian, Paneer Tikka Masala","North Indian, Chinese",400,Delivery,Bellandur
Burger King,Yes,No,3.8/5,62,Sarjapur Road,Quick Bites,Burgers,"Burger, Fast Food",500,Delivery,Bellandur
Kerala Mess Upahar,Yes,No,3.7/5,123,Bellandur,Mess,,"Kerala, Biryani, South Indian",300,Delivery,Bellandur
Phulke Ghar Ke,Yes,No,4.0/5,532,Bellandur,Quick Bites,"Lassi, Thali, Paratha, Rajma, Malai Kofta, Buttermilk, Phulke Ghar Ke","North Indian, Chinese",300,Delivery,Bellandur
XO Belgian Waffle,Yes,No,4.5/5,141,HSR,Dessert Parlor,"Waffles, Chocolate Coffee, Hot Chocolate, Caramel Coffee, Chocolate Overload, Banoffee Shake, Thick Shakes","Desserts, Beverages",400,Delivery,Bellandur
Lassi Corner,Yes,No,3.8/5,68,Marathahalli,Quick Bites,"Sandwiches, Paratha, Fruit Lassi, Gulab Jamun","Beverages, Juices, Ice Cream, Fast Food, Sandwich",200,Delivery,Bellandur
Coastal Fish Land,Yes,No,NEW,0,Bellandur,Casual Dining,,Mangalorean,500,Delivery,Bellandur
Bathinda Junction,Yes,Yes,4.0/5,533,HSR,Casual Dining,"Lassi, Butter Chicken, Sarson Ka Saag, Rajma Chawal, Naan, Chicken Handi, Chicken Rara",North Indian,600,Delivery,Bellandur
The Meal Story,Yes,No,4.2/5,258,Sarjapur Road,Casual Dining,"Paratha, Chaat, Jalebi Rabri, Kheer, Pav Bhaji, Paneer Pakora, Raj Kachori","North Indian, Street Food",700,Delivery,Bellandur
Meghana Foods Grand,Yes,No,4.2/5,3334,Marathahalli,Casual Dining,"Andhra Thali, Veg Thali, Lollipop Biryani, Chicken Boneless Biryani, Hyderabadi Biryani, Mutton Biryani, Vegetable Biryani","Biryani, Seafood, Andhra, North Indian",600,Delivery,Bellandur
Murli,Yes,No,3.9/5,1233,Bellandur,Casual Dining,"Chole Bhature, Chaat, Paneer Tikka, Jalebi, Samosa Chat, Rasmalai, Rabri","North Indian, Chinese, Street Food, Fast Food, Mithai",500,Delivery,Bellandur
Barbeque Delight,Yes,Yes,3.8/5,188,Sarjapur Road,Casual Dining,"Shawarma, Tandoori Chicken, Chicken Grill, Bbq Chicken","Arabian, Kerala, North Indian, Chinese, BBQ",800,Delivery,Bellandur
Basmati Restaurant,Yes,No,3.8/5,419,Bellandur,Casual Dining,"Paneer Tikka Biryani, Chicken Biryani, Bamboo Chicken, Chicken Kebab, Vegetable Biryani","Biryani, Andhra, North Indian, Chinese",900,Delivery,Bellandur
Empire Restaurant,Yes,No,3.8/5,2084,Bellandur,Casual Dining,"Chicken Masala, Butter Naan, Shaadi Ki Biryani, Chicken Shawarama, Mutton Curry, Chicken Grill, Chicken Satay","North Indian, Mughlai, South Indian, Chinese",750,,
 ('Rated 3.0'," """"RATED\n  Food quality is really bad experience for me and also service....very slow .\nbiriyani",kabab,roti," butter chicken not good at all\nreally bad experience I don't recommend this place\nbut we can visit if thay can improve the quality of food\nabout the food they have workout..."""")", 'RATED\n  Quantity was good. Price nice. Sadly not to my taste at all. Biryani rice had no meat and was bland. Tandoori chicken was dry & tasteless (no marinade). Adding the Lipton tea was a positive touch.'), ('Rated 4.0', 'RATED\n  It is located near Central, and you will find everything here, right from dosas to deserts.\nYou will also find fresh fruit juices, ('Rated 2.0'," """"RATED\n  Went to this restaurant last week with my team mates during the office hours as itÃƒÂƒ\x83ÃƒÂ‚\x83ÃƒÂƒ\x82ÃƒÂ‚\x82ÃƒÂƒ\x83ÃƒÂ‚\x82ÃƒÂƒ\x82ÃƒÂ‚\x92s pretty close to my work place. \nWe tried Chicken Kebab"
Reddy's Restaurant,Yes,No,3.6/5,34,Sarjapur Road,Casual Dining,,"Andhra, Biryani, South Indian, Chinese",500,Delivery,Bellandur
Hyderabad Biryaani House,Yes,No,3.7/5,833,Marathahalli,Casual Dining,"Hyderabadi Style Biryani, Tandoori Chicken, Mutton Biryani, Vegetable Biryani, Dum Biryani, Chicken Boneless Biryani, Lemon Chicken","Biryani, North Indian, Chinese",550,Delivery,Bellandur
Sukhi Bhava,Yes,No,3.6/5,21,Marathahalli,Quick Bites,,"Andhra, Chinese, Biryani",300,Delivery,Bellandur
Kanti Sweets,Yes,No,4.0/5,152,Bellandur,Sweet Shop,"Kaju Katli, Gulab Jamun, Petha","Mithai, Street Food",400,Delivery,Bellandur
Fun Kitchen,Yes,No,3.8/5,87,HSR,Quick Bites,"Momos, Rolls, Paratha, Chaap","North Indian, Chinese, Fast Food",400,Delivery,Bellandur
Hyderabadi Biryani Hub,Yes,No,3.5/5,45,Sarjapur Road,Quick Bites,,"Biryani, North Indian",600,Delivery,Bellandur
Moriz Restaurant,Yes,No,2.9/5,666,Marathahalli,Casual Dining,"Shawarma, Chicken Masala, Chicken Shawarama, Chicken Curry, Hot Wings, Butter Naan, Roti","Arabian, North Indian, Seafood, Chinese, Biryani",800,Delivery,Bellandur
Polar Bear,Yes,No,3.9/5,105,Marathahalli,Dessert Parlor,"Brownie, Hot Chocolate Fudge, Kesar Kulfi, Chocolate Icecreams","Ice Cream, Desserts, Beverages, Sandwich",400,Delivery,Bellandur
Blueberry Restaurant,Yes,No,3.7/5,36,Bellandur,Quick Bites,,"North Indian, Biryani, South Indian",400,Delivery,Bellandur
Biryani Kitchen,Yes,No,3.9/5,214,Bellandur,Quick Bites,"Hyderabadi Biryani, Paneer Biryani",Biryani,400,Delivery,Bellandur
Udupi Aatithya,Yes,No,4.0/5,77,Bellandur,Quick Bites,"Filter Coffee, Vada, Biryani, Masala Dosa","South Indian, North Indian, Chinese",300,Delivery,Bellandur
Pepperwood,Yes,No,3.8/5,132,Sarjapur Road,Quick Bites,"Rolls, Chicken Biryani","Biryani, Rolls",300,Delivery,Bellandur
NY Pizza And Waffles,Yes,No,NEW,0,Sarjapur Road,Quick Bites,,"Pizza, Fast Food",300,Delivery,Bellandur
Biriyani House,Yes,No,3.6/5,27,Bellandur,Casual Dining,,Biryani,400,Delivery,Bellandur
Punjabi Khana,Yes,No,3.0/5,12,Bellandur,Quick Bites,,North Indian,500,Delivery,Bellandur
Al Daaz,Yes,No,4.2/5,567,HSR,Casual Dining,"Pizza, Chicken Kebab, Mocktails, Burgers, Pasta, Chicken Biryani, Salad","North Indian, Continental, BBQ",550,Delivery,Bellandur
Mojo Pizza - 2X Toppings,Yes,No,4.1/5,164,Bellandur,"Takeaway, Delivery","Chicken Wings, Margherita Pizza, Veggie Pizza, Brownie Chocolate, Chocolava Cake, Exotic Garlic Bread, Cheesy Garlic Bread",Pizza,600,Delivery,Bellandur
Chai Point,Yes,No,4.0/5,316,HSR,"Beverage Shop, Quick Bites","Ginger Tea, Poha, Banana Cake, Lemon Chai, Samosa, Masala Tea, Ginger Chai","Tea, Beverages, Fast Food",250,Delivery,Bellandur
Onesta,Yes,Yes,4.4/5,3738,HSR,"Casual Dining, Cafe","Banana Smoothie, Chocolate Pizza, Tiramisu, Barbeque Chicken Pizza, Fish, Pasta, Mushroom Ravioli","Pizza, Cafe, Italian",600,,
" """"RATED\n  The place as a whole is really nice", quite beautiful in terms of decor, while lacking a bit in terms of the quality of the food. The lasagna wasn't anything exclusive, but it certainly paid well for the price I got it for. Extremely affordable to the pocket! I liked the place anyway," and would love to visit again."""")", 'RATED\n  One of the loveliest places i have ever visited.\nBelieve me, the taste is worthier than the cost here.\nVery friendly staff great taste great food great ambiance.'), ('Rated 5.0'," 'RATED\n  Two words that are bound to get people like me sit up straight - """"pizza"""" and """"unlimited""""!\nAround 700 bucks", and you get to gorge on anything they have on the menu - that\'s right - ANYTHING!\nPizzas (Thin/Stuffed crust, Ravioli - you name it, and it will be served hot.\nPro tip: Pizzas might be their mojo
Bihar Ki Shan,Yes,No,3.9/5,343,HSR,Quick Bites,Roti,North Indian,300,Delivery,Bellandur
Sai Santhi Cafe,Yes,No,3.8/5,62,Marathahalli,Casual Dining,"Set Dosa, Thali, Masala Dosa, Roti, Idli, Vada","South Indian, North Indian, Chinese",400,Delivery,Bellandur
Sri Vishnu Veg,Yes,No,3.5/5,11,Marathahalli,Quick Bites,,South Indian,200,Delivery,Bellandur
Shudh,Yes,No,4.1/5,87,Sarjapur Road,Delivery,"Club Kachori, Thepla, Jalebi, Paratha, Poha, Thali",North Indian,300,Delivery,Bellandur
Biryani Miya,Yes,No,3.8/5,44,Sarjapur Road,Delivery,"Chicken Biryani, Raita, Egg Chilli","Biryani, North Indian",600,Delivery,Bellandur
Mani's Dum Biryani,Yes,No,4.0/5,894,Bellandur,Casual Dining,"Vegetable Biryani, Raita, Chicken Boneless Biryani, Biryani Combo, Mutton Biryani, Chicken Kebab Biryani, Fish Biryani","Biryani, Kebab",750,Delivery,Bellandur
Sri Vishnu Grand & Garden Restaurant,Yes,No,3.8/5,7,Sarjapur Road,Quick Bites,,"South Indian, North Indian, Fast Food",500,Delivery,Bellandur
Hyderabadi Bawarchi Biriyani,Yes,No,,0,Bellandur,Casual Dining,,Biryani,450,Delivery,Bellandur
Donne Biriyani House,Yes,No,3.2/5,126,Sarjapur Road,Quick Bites,,Biryani,300,Delivery,Bellandur
Potful,Yes,No,3.8/5,832,Sarjapur Road,Delivery,"Paneer Biryani, Pot Biryani, Calcutta Biryani, Raita, Paneer Tikka, Vegetable Biryani, Hyderabadi Biryani","Biryani, Kebab, Rolls, Mughlai",650,Delivery,Bellandur
Bahar Cafe,Yes,Yes,4.0/5,903,Marathahalli,Casual Dining,"Chicken Biryani, Hyderabadi Biryani, Butter Naan, Vegetable Biryani, Ulvacharu Biryani, Mutton Biryani, Raita","Andhra, Biryani, Chinese, Hyderabadi, North Indian, South Indian",750,Delivery,Bellandur
Subway,Yes,No,3.7/5,38,Marathahalli,Quick Bites,,"Salad, Fast Food",600,Delivery,Bellandur
KFC,Yes,No,3.2/5,380,Sarjapur Road,Quick Bites,"Rice Bowl, Burgers, French Fries, Popcorn Chicken","Burger, Fast Food",450,Delivery,Bellandur
DinePost9,Yes,No,3.8/5,798,Marathahalli,Delivery,"Chicken Manchurian, Biryani, Chicken Butter Masala, Tandoori Chicken, Paneer Curry, Dal Fry, Gulab Jamun","North Indian, South Indian, Chinese, Continental",450,Delivery,Bellandur
Thalassery Restaurant,Yes,No,3.4/5,692,Bellandur,Casual Dining,"Shawarma, Appam, Chai, Tea, Thalassery Biryani, Chicken Grill, Vegetable Stew","Seafood, Biryani, South Indian, North Indian, Chinese, Arabian, Kebab, Kerala",600,Delivery,Bellandur
Sri Vishnu Grand,Yes,No,3.8/5,135,Sarjapur Road,Casual Dining,Prompt Service,"South Indian, North Indian, Chinese",400,Delivery,Bellandur
Paradise,Yes,No,NEW,0,Sarjapur Road,Delivery,,"Biryani, North Indian",600,Delivery,Bellandur
Bathinda Dine,Yes,No,4.0/5,230,Bellandur,Casual Dining,"Butter Chicken, Paneer Methi Malai, Lassi, Butter Naan, Sarso Da Saag, Tandoori Chicken, Gajar Ka Halwa",North Indian,950,Delivery,Bellandur
WOW! Momo,Yes,No,3.5/5,79,Marathahalli,Quick Bites,"Chocolate Momos, Thukpa, Momo Burger, Chicken Momo","Chinese, Momos",400,Delivery,Bellandur
Behrouz Biryani,Yes,No,4.0/5,357,Sarjapur Road,Delivery,"Basmati Rice, Gulab Jamun, Raita, Mutton Biryani, Paneer Subz Biryani, Mughlai Biryani, Dum Gosht",Biryani,650,Delivery,Bellandur
Sri Krishna Kitchen,Yes,No,3.6/5,22,Bellandur,Quick Bites,,"North Indian, Chinese",350,Delivery,Bellandur
Maa Bhook Lagi,Yes,No,4.1/5,152,HSR,Delivery,"Paratha, Chicken Thali, Kheer, Veg Dum Biryani, Raita, Chole, Chicken Curry",North Indian,400,Delivery,Bellandur
Cake Town Cafe,Yes,No,3.9/5,75,Bellandur,"Bakery, Dessert Parlor",Chocolate Cake,"Bakery, Desserts",500,Delivery,Bellandur
Kairali Restaurant,Yes,No,3.9/5,94,Bellandur,Quick Bites,"Beef Fry, Beef Biryani, Fish Curry, Appam, Karimeen Fry",Kerala,200,Delivery,Bellandur
Basaveshwara Khanavali,Yes,No,3.6/5,11,Sarjapur Road,Quick Bites,,South Indian,150,Delivery,Bellandur
Punjabi Food Point,Yes,No,3.3/5,200,Bellandur,Quick Bites,"Aloo Paratha, Panneer Butter Masala","North Indian, Mughlai, Biryani, Chinese",450,Delivery,Bellandur
Punjabi Tadka,Yes,No,2.8/5,188,HSR,Casual Dining,"Paneer Parantha, Mutton Biryani, Lassi, Dal Makhani, Thali, Aloo Paratha","North Indian, Chinese",400,Delivery,Bellandur
Costa Biryanis,Yes,No,3.3/5,10,East Bangalore,Delivery,,"Andhra, Biryani, North Indian, South Indian",300,Delivery,Bellandur
Sri Udupi Park,Yes,No,3.1/5,226,Marathahalli,Casual Dining,"Benne Dosa, Idli Vada, Biryani, Cheese Masala Dosa, Filter Coffee, Paper Plain Dosa","South Indian, North Indian, Chinese, Beverages",500,Delivery,Bellandur
Pizza Hut,Yes,No,2.8/5,105,Bellandur,Quick Bites,Garlic Bread,"Pizza, Fast Food",600,Delivery,Bellandur
The Punjabi Rasoi,Yes,Yes,3.7/5,194,Sarjapur Road,Casual Dining,"Kulcha, Panneer Butter Masala, Paneer Methi Malai, Roti, Tangdi Kabab, Dal Makhani, Tomato Chicken",North Indian,800,Delivery,Bellandur
Punjab Di Shaan,Yes,No,3.0/5,38,HSR,Casual Dining,,North Indian,450,Delivery,Bellandur
Punjabi Nukkad Pure Veg,Yes,No,3.5/5,378,Bellandur,Quick Bites,"Lassi, Paratha, Chur Chur Naan, Raita, Chana Masala, Kheer, Buttermilk","North Indian, Chinese, Juices",500,Delivery,Bellandur
Atithi Sambrama,Yes,No,3.9/5,69,Sarjapur Road,Quick Bites,,"South Indian, North Indian, Chinese",200,Delivery,Bellandur
Navya's,Yes,No,2.9/5,45,HSR,Casual Dining,,"North Indian, Andhra",600,Delivery,Bellandur
Lassi Shop,Yes,No,3.9/5,152,Bellandur,Beverage Shop,,"Beverages, Ice Cream, Fast Food",300,Delivery,Bellandur
Mandya Gowdru Donne Biriyani,Yes,No,3.8/5,281,HSR,Quick Bites,,"Biryani, South Indian",350,Delivery,Bellandur
Marwari Basa,Yes,No,3.1/5,26,Bellandur,Quick Bites,,"Rajasthani, North Indian",300,Delivery,Bellandur
Indori Zaika,Yes,No,2.8/5,105,HSR,Quick Bites,,North Indian,300,Delivery,Bellandur
Mealer.in,Yes,No,3.9/5,432,Sarjapur Road,Delivery,"Rajma, Dal Makhani, Maggi, Roti, Chole, Chicken Biryani, Egg Curry","North Indian, Biryani",450,Delivery,Bellandur
Kya Khaoge,Yes,No,3.7/5,63,Old Airport Road,Delivery,"Bhatti Chicken, Chole, Shahi Tukda","North Indian, Chinese",300,Delivery,Bellandur
Homelicious Food,Yes,No,NEW,0,Bellandur,Quick Bites,,North Indian,200,Delivery,Bellandur
Rayalaseema Chefs,Yes,Yes,3.9/5,225,Marathahalli,Casual Dining,"Bamboo Chicken, Butter Naan, Mutton Biryani, Paneer Pakora, Chicken Pot Biryani, Ulvacharu Biryani, Jowar Roti","North Indian, Biryani, Andhra, Chinese",800,Delivery,Bellandur
Ambur Dum Biriyani,Yes,No,3.4/5,12,Bellandur,Quick Bites,,Biryani,200,Delivery,Bellandur
The Nosh House,Yes,No,4.3/5,220,Sarjapur Road,Delivery,"Sandwich, Pancakes, Sandwiches, Pasta, Waffles, Chocolate Cake, Salted Caramel","American, Italian, Bakery, Desserts, Sandwich, Beverages, Salad, Rolls",600,Delivery,Bellandur
Frozen Bottle,Yes,No,4.0/5,82,Marathahalli,Beverage Shop,,"Beverages, Desserts",400,Delivery,Bellandur
Warm Oven,Yes,No,3.8/5,65,Marathahalli,Bakery,,"Bakery, Desserts",500,Delivery,Bellandur
Firangi Bake,Yes,No,4.1/5,88,Sarjapur Road,Delivery,"Lasagne, Garlic Bread, Veg Lasagna","Mexican, Italian",600,Delivery,Bellandur
Chaarcoal,Yes,No,4.0/5,444,Bellandur,Casual Dining,"Egg Biryani, Raita, Gulab Jamun, Chicken Biryani, Fish, Stuffed Kulcha, Chicken Lollipop",North Indian,1200,Delivery,Bellandur
Savoury Restaurant,Yes,No,2.9/5,827,Sarjapur Road,Casual Dining,"Kerala Parotta, Jumbo Shawarma, Dragon Chicken, Rolls, Vegetarian, Chicken Shawarama, Faluda","Arabian, North Indian, Chinese, Kerala, Seafood, Biryani",800,Delivery,Bellandur
Delhite Food,Yes,No,3.5/5,6,Bellandur,Quick Bites,,North Indian,300,Delivery,Bellandur
Faasos,Yes,No,4.1/5,193,Bellandur,Quick Bites,"Rolls, Chicken Wrap, Veggie Wrap, Thali, Paneer Curry, Sabudana Vada, Sabudana Kheer","North Indian, Biryani, Fast Food",500,Delivery,Bellandur
The Flying Cup,Yes,No,4.2/5,233,Sarjapur Road,Quick Bites,"Tea, Coffee, Sabudana Khichdi, Samosa, Sandwiches, Khichda, Onion Pakoda","Beverages, Fast Food, Tea",150,Delivery,Bellandur
The Rasaganga,Yes,No,3.7/5,404,Bellandur,Casual Dining,"Coffee, Chai, Idli, Pav Bhaji, Vada, Tea, Masala Dosa","South Indian, North Indian, Chinese, Street Food",500,Delivery,Bellandur
Udupi Nalapaka,Yes,No,3.7/5,37,Bellandur,Quick Bites,,"South Indian, North Indian, Chinese",400,Delivery,Bellandur
Sarjapur Social,Yes,No,4.6/5,1193,Sarjapur Road,"Bar, Casual Dining","Cocktails, Mocktails, Momos, Nachos, Crispy Corn, Mojito, Chicken Tennessee Wings","American, North Indian, Chinese, Finger Food",1500,,
 totally clueless parking/valet staff, unimaginably small elevators to get to the joint.. So 4 out of 5 times when I've thought of going there," I stopped at another place enroute as the anticipation of the just described mess caused me (light) panic attacks!\n\nMaybe some day it will get better.."""")", ('Rated 4.0'," """"RATED\n  Ambience is just great with beautiful lights and seating area.. It's good for party with friends and colleagues. They have a very good dance floor too.\n\nThe only thing which disappoints me is their food. I felt every dish had a much taste of just tomato flavour. Food was not served hot. This place is just good to hangout. It's good lively place.\n\nDo follow @explorewithketan1 on Instagram to explore new places and eateries... ?"""")", 'RATED\n  Went to this place on a weekday evening and had to be at bar counter for 20 mins before I got the table. Place has beautiful ambiance, divided into 2 different floors, indoor and outdoor areas. Fantastic cocktails and decent hospitality( they are so busy they donÃƒÂƒ\x83ÃƒÂ‚\x83ÃƒÂƒ\x82ÃƒÂ‚\x82ÃƒÂƒ\x83ÃƒÂ‚\x82ÃƒÂƒ\x82ÃƒÂ‚\x92t have time to listen;-) ) also place needs to improve on there food quality. Rest everything excellent\n************\nSecond visit and they made up for everything!!! Arun and Jankee are wonderful host, loved everything , drinks, 'RATED\n  SOCIAL never disappoints me and this one specially will amaze you as soon as you get in. The ambience is no doubt one of the best in the city.. The high ceilings, the interior
The Fisherman's Wharf,Yes,Yes,4.4/5,4099,Sarjapur Road,"Casual Dining, Bar","Sea Food, Caesar Salad, Jumbo Prawns, Cocktails, Mocktails, Goan Fish Curry, Curry Crab","Seafood, Goan, North Indian, Continental, Asian",1400,,
 ambience - the place to checks all boxes. Tip: Sunday brunches are the best.'), ('Rated 5.0', 'RATED\n  We heard about this place from friends who visited there for their Lunch Buffet and after seeing lot of positive review, we thought of try our luck. And out decision was right. They have a splendid Buffet spread at Fisherman Wharf. As the name suggests it is more famous for its non veg but never the less it has good vegetarian fare as well. The Decor is that off a Traditional house in a fishing village and for a moment you may feel you are in a resort. Beautiful ambience, great job at creating a beach like atmosphere! Service is brilliant! I went for the lunch buffet and the starters and desserts were delicious and wholesome in the number of items. They fill you up with starters of a large variety which are served at your table, ('Rated 5.0'," """"RATED\n  I went to fisherman wharf goa and became a fan of the place. When I heard of one in Bangalore it was in my bucketlist since ever.\nWe went there for dinner on a weekday"," luckily there was no waiting and we got an awesome table.\nFood was good as always they make everything perfectly and the drinks we're decent too.\nSlightly tight on pocket but totally worth it to spend an evening :)"""")]""",[],Delivery,,
Just Shawarma,Yes,No,3.9/5,78,HSR,Quick Bites,"Fries, Whole Meat Shawarma, Rolls",Arabian,300,Delivery,Bellandur
Konaseema Kitchen,Yes,Yes,3.8/5,571,Marathahalli,Casual Dining,"Veg Dum Biryani, Buttermilk, Butter Chicken, Chicken Biryani, Rajugari Kodi Pulao, Tikka, Chicken Curry","North Indian, Biryani, Andhra, South Indian",600,Delivery,Bellandur
PSV's Andhra Paradise,Yes,No,3.5/5,116,HSR,Casual Dining,"Chicken Guntur, Biryani, Thali","Andhra, Chinese, North Indian, Hyderabadi",600,Delivery,Bellandur
Maia - Eat | Bake | Mom,Yes,Yes,4.3/5,996,Bellandur,Casual Dining,"Matar Paneer, Pizza, Pasta, Sandwiches, Calzone, Mocktails, Vegetarian","Continental, North Indian, Beverages",1200,,
 'RATED\n  An Amazing place in Bellandur for veggies has come up in town ?. The spread of food is amazing considering the monotonous veg places in bangalore. Strong thumbs up for this place.'), ('Rated 3.0', 'RATED\n  The menu was limited. Although the place looks really pretty! The food was okay. Overall it was an average experience. Expected more after going through the reviews.'), ('Rated 5.0'," """"RATED\n  Amazing experience! Wonderful interiors and superb ambiance for veg food lovers.\nCheck the pics for ambiance. They have a theme for every corner.\nService is a class apart and the Food is also great.\nWe ordered for a roasted pumpkin soup", though I have tasted slightly better version elsewhere. But the service here was really quick. Tandoori Mustard Gobhi was a revelation.. the slightly stingy taste of mustard, with light cream to neutralize any harsh tastes on big tandoori Gobhi chunks wee a delight for the tastebuds. Can't wait to reorder!!\nThe jasmine rice had its own aroma and the flavours wert delightful. The only thing not upto the mark was the Thai veg curry. I personally felt that it needed a bit more of exotic veggies.. the gravy was good and coconut milk curry was fabulous. I'll give them a benefit of doubt this time.. all in all," a fantastic experience.\nMust visit for vegetarians!!"""")", ('Rated 4.0'," """"RATED\n  Thai was a like hidden gem in Bellandur. I got to know about this restaurant from a colleague. It's an all vegetarian multi cuisine restaurant and boy they are good\nWe tried italian indian and some World cuisine and they were all good. Thw home made pasta was a standout dish for me.\n\nThe ambience I must say is very good and the outdoor seating is clean. They don't have a big selection for desserts but the cupcakes are well presented and tasty"""")", and offers a great ambience. The menu is small, but does have a number of different options. We ordered
Punjab Zone,Yes,No,2.9/5,120,Bellandur,Quick Bites,,North Indian,400,Delivery,Bellandur
Yummy Punjabi,Yes,No,2.9/5,93,Bellandur,Quick Bites,,"North Indian, Chinese",400,Delivery,Bellandur
Happy Endings,Yes,No,4.3/5,490,Bellandur,"Bakery, Dessert Parlor","Brownie Fudge Sundae, Ferrero Rocher Shake, Cheesecake, Chocolate Mocha, Chocolate Truffle, Pasta Alfredo, Chocolate Sundae","Bakery, Desserts, Italian",500,Delivery,Bellandur
Meghana Biryani,Yes,No,2.3/5,235,Bellandur,Casual Dining,"Paneer Biryani, Vegetable Biryani, Chicken Boneless Biryani",North Indian,800,Delivery,Bellandur
Andhra Bhojanam,Yes,No,3.6/5,48,Bellandur,Delivery,Chicken Curry,Andhra,400,Delivery,Bellandur
Cupcake Bliss,Yes,No,3.3/5,8,Bellandur,Bakery,,Bakery,250,Delivery,Bellandur
Spicy Khana Point,Yes,No,3.0/5,68,Marathahalli,Quick Bites,,"North Indian, Chinese, Biryani",500,Delivery,Bellandur
Hyderabad Chefs,Yes,No,4.0/5,717,Marathahalli,Casual Dining,"Bamboo Chicken, Hyderabadi Biryani, Ulvacharu Biryani, Spring Roll, Tandoori Chicken, Vegetable Biryani, Pot Biryani","Hyderabadi, Andhra, North Indian, Chinese, South Indian",800,Delivery,Bellandur
The Hidden Home,Yes,Yes,4.3/5,994,Sarjapur Road,Casual Dining,"Brownie Chocolate, Manchow Soup, Jalebi, Rabri, Mocktails, Beer, Tandoori Chicken","Asian, Chinese, Continental, North Indian, South Indian",1300,,
 ('Rated 4.0', 'RATED\n  Neat and clean space to hang out. They have brew pub and fine dining. We visited fine dining restaurant. The food ordered was juicy , well marinated and cooked well.. staff was humble and courteous. Have ordered Chinese and we were served an authentic one..:). The cottage cheese steak sizzler is a must try. We come across very few places where Cottage cheese (Paneer) served is so fresh that just melts in the mouth :D.. overall good experience. Food for 2 costs an average approx 900/- .\n\nCheers !!'), ('Rated 3.0', 'RATED\n  They have some new kind of starters starting from onion pakoda to hot steamed momos. The starters for veg is limited in comparison to the non veg buffet. Coming to the main course, schezwan chicken , white sauce pasta, murg curry and many more. The star was the biriyani! It was amazing. The salads were really great especially the lettuce with caesar dressing. The dessert section was limited and quite bland. The spread is really small and the main couse had the fish and mutton missing which was a very big let down. However, the staff and the manager were really courteous.'), ('Rated 4.0', ('Rated 4.0', 'RATED\n  Neat and clean space to hang out. They have brew pub and fine dining. We visited fine dining restaurant. The food ordered was juicy 
Byg Brewski Brewing Company,Yes,Yes,4.9/5,16345,Sarjapur Road,Microbrewery,"Cocktails, Dahi Kebab, Rajma Chawal, Butter Chicken, Craft Beer, Chicken Dumplings, Teriyaki Fish","Continental, North Indian, Italian, South Indian, Finger Food",1600,,
 I gave 4 stars because if someone don't wanna drink," there is no point asking him/her to drink repeatedly."""")", ('Rated 5.0', 'RATED\n  Beautiful place. One of the best places probably to visit in Bangalore. Awesome ambience with great atmosphere and food with Amazing brewed beers.'), ('Rated 5.0'," which says a lot about how well itÃƒÂƒ\x83ÃƒÂ‚\x83ÃƒÂƒ\x82ÃƒÂ‚\x82ÃƒÂƒ\x83ÃƒÂ‚\x82ÃƒÂƒ\x82ÃƒÂ‚\x92s being run.')]""",[],Delivery,Bellandur,,,
Nutty Affair,Yes,No,3.7/5,25,HSR,Quick Bites,,Desserts,350,Delivery,Bellandur
Waffle Talesz,Yes,No,3.6/5,18,Sarjapur Road,Dessert Parlor,,Desserts,200,Delivery,Bellandur
Suryawanshi,Yes,Yes,4.5/5,125,Sarjapur Road,Casual Dining,"Misal Pav, Chicken Chatpata, Shrikhand, Puran Poli, Vada, Mutton Thali, Kokum Sharbat","Maharashtrian, Seafood",700,Delivery,Bellandur
Chili's American Grill & Bar,Yes,Yes,4.5/5,1365,Bellandur,"Casual Dining, Bar","Pork Ribs, Chicken Soup, Veg Fajitas, Cocktails, Burgers, Tacos, Pasta","American, Tex-Mex, Burger, BBQ",1800,Delivery,Bellandur
Hyderabadi Zaiqa,Yes,No,3.1/5,41,Bellandur,Casual Dining,,"Hyderabadi, North Indian, Biryani",700,Delivery,Bellandur
RRoyal Rajasthan,Yes,No,4.3/5,754,Sarjapur Road,Casual Dining,"Dal Bati, Gatte Ki Subzi, Churma, Rasmalai, Dahi Vada, Khichda, Chaach","Rajasthani, North Indian",500,,
" """"RATED\n  Another favourite restaurant that I visited on my voyage across the country during my college", was Rroyal Rajasthan in Bangalore.\n\nIt's located above the Bata Showroom at Bhumi Plaza and is absolutely beautiful. It's interiors are well decorated and you are taken straight to the warmth and vibrance of North India and Rajasthan.\n\nThey have this concept of the Unlimited Rajasthani Thali for ?300+ and is a super life saver for any North Indian in Bangalore. The thali offers 18 kinds of items and you'll probably be done in one round of the thali! But the food is so good," you'll be going back for seconds!\n\nThis is my go-to place for anytime I'm in Bangalore!"""")", ('Rated 5.0'," """"RATED\n  If you want authentic north indian ", I can't thought of that I could find this much good north indian food in Bangalore , but Royal Rajasthan was there and I had a full main course meal here and best part of it was tasty and super awesome . They will serve you the best of North indian , I order masala thumbs up , Jal jeerra ," Chole bhature platter and paneer pratha platter and all the things were too good\nOverall\nFood : 5/5\nAmbiance : 5/5\nService : 4.5/5"""")", I visited them as was craving for some tasty North Indian food and then I order their dal badi thali and in drinks I had rose soda and mango lassi , both were just too awesome and were great in taste and is very affordable 
Indiana Burgers,Yes,No,3.5/5,28,Sarjapur Road,Delivery,,Burger,300,Delivery,Bellandur
Abhiruchi Restaurant,Yes,No,3.4/5,5,Sarjapur Road,Casual Dining,,"Andhra, North Indian, Chinese",400,Delivery,Bellandur
9 Bowls,Yes,No,,0,Marathahalli,Quick Bites,,"Healthy Food, Continental, North Indian, Chinese",500,Delivery,Bellandur
Pasta Twist Plus,Yes,No,2.6/5,20,Bellandur,Casual Dining,,"Fast Food, Continental",400,Delivery,Bellandur
Delite Chaat House,Yes,No,3.5/5,178,HSR,Quick Bites,"Chaat, Vada Pav, Fafda, Sandwiches, Kutchi Dabeli, Sev Puri","Street Food, Gujarati",300,Delivery,Bellandur
Hyderabadi Biriyani,Yes,No,3.4/5,33,Bellandur,Casual Dining,,"Biryani, Hyderabadi, Chinese, North Indian",800,Delivery,Bellandur
Sri Krishna Sagar,Yes,No,3.5/5,234,HSR,Quick Bites,"Coffee, Vada, Chaat, Rava Idli","South Indian, North Indian, Chinese, Street Food, Juices",400,Delivery,Bellandur
Momo Rice Noodles,Yes,No,3.4/5,68,Sarjapur Road,Quick Bites,,"Chinese, Momos",600,Delivery,Bellandur
Bombay Sandwich Company,Yes,No,3.5/5,32,Sarjapur Road,Delivery,,"Sandwich, Beverages",400,Delivery,Bellandur
Frosty Fills,Yes,No,NEW,0,Bellandur,Quick Bites,,"Desserts, Ice Cream",250,Delivery,Bellandur
Hungry Bird,Yes,No,3.6/5,15,Bellandur,Quick Bites,,"North Indian, Chinese, Biryani",400,Delivery,Bellandur
The Good Bowl,Yes,No,3.6/5,10,Sarjapur Road,"Takeaway, Delivery",,"Italian, North Indian, Biryani",500,Delivery,Bellandur
The Salad Studio,Yes,No,4.0/5,107,Bellandur,Cafe,"Salads, Salad, Sandwiches, Chicken Grill","Cafe, Healthy Food, Salad",400,Delivery,Bellandur
Veg Rasoi,Yes,No,3.9/5,92,HSR,Delivery,,"North Indian, Rajasthani",600,,
 'RATED\n  The food is awesome here.The real meaning of home made food is visible here.\nAlso,with the quality of food served,the price is very genuine.Would love to reorder again.'), ('Rated 5.0', 'RATED\n  Best Hygiene and tasty Home made food in HSR with an affordable rate for Vegeterians. Items were really with less oil. If you want to have healthy & Tasty Veg food, ('Rated 4.0', 'RATED\n  The food is amazing over here!! Perfect place for vegetarians!!! And yet so affordable! Loved the different thalis which they serve!! Tastes like home cooked food.'), ('Rated 4.0', 'RATED\n  This is my favorite place to order North Indian cuisines like Rajma, Dal Fry and Aloo cabbage etc. Preparation are awesome. Worth for money.'),"chole masala and phulka....it was too tasty...overall a very good experience..."""")", ('Rated 5.0'
Curry Flavours,Yes,No,3.7/5,59,Sarjapur Road,Casual Dining,,"Tamil, South Indian, North Indian, Chinese",200,Delivery,Bellandur
Petoo,Yes,No,4.1/5,103,HSR,Quick Bites,"Biryani, Gulab Jamun, Shikanji, Kulfi, Chaat","North Indian, Fast Food, Street Food",800,Delivery,Bellandur
Xung Fu,Yes,No,,0,Bellandur,Quick Bites,,"Asian, Chinese",350,Delivery,Bellandur
Dhaba Estd 1986 Delhi,Yes,Yes,4.4/5,1209,Marathahalli,"Casual Dining, Bar","Mutton Curry, Lassi, Dal Makhani, Chicken Butter Masala, Pav Bhaji, Chicken Curry, Paneer Tikka",North Indian,1100,,
 'RATED\n  I have been here for a dinner with friends.\n\nThe place has got the vibe of North India Dhabha with vintage bollywood posters and truck frame selfie corner. I love their playlist. These days we rarely found playlist Full of dhol, Punjabi and street songs.\nThe food presentation is great. I was amused by the taste of Gulabo Lassi. We ordered Dal Dhabha, Butter Chicken 1986, Malai Kofta for main course and Veg Galouti , Murgh Seekh Tawa Masala and Masala papad for starters.\nVeg Galouti just melted in the mouth.\nAn applaud to service too.\nWould definitely visit this place again on the bollywood night.\n\nOne tip: Please serve masala on the papad not on the sides.'), 'RATED\n  Had been here with an office colleague.\nThe ambience here is amazing, with proper Punjabi songs playing in the background, cots for seating and small quirky Punjabi quotes all over the walls.\nWe had ordered\nBalti meat\nButter naan\nHighway chicken Tikka\nRasmalai( was too sweet)\nEach and every dish was perfect (proper Punjabi) ??but the quantity was less ?\nThe service is perfect ??\nPrices are too high ?\nHygienic place ??\nOverall a good place to go for proper Punjabi food.'), ('Rated 4.0', 'RATED\n  Had been planning to go here since long and finally made it through a team outing. The place is Punjabi themed with colourful and witty captions around. You get a ÃƒÂƒ\x83ÃƒÂ‚\x83ÃƒÂƒ\x82ÃƒÂ‚\x82ÃƒÂƒ\x83ÃƒÂ‚\x82ÃƒÂƒ\x82ÃƒÂ‚\x93bante ki bottleÃƒÂƒ\x83ÃƒÂ‚\x83ÃƒÂƒ\x82ÃƒÂ‚\x82ÃƒÂƒ\x83ÃƒÂ‚\x82ÃƒÂƒ\x82ÃƒÂ‚\x94 as welcome drink.\nStarters - Non veg starters were quite tasty but the veg ones were a little sweet for our liking.\nMain course - Tried a little bit of few items and couldnÃƒÂƒ\x83ÃƒÂ‚\x83ÃƒÂƒ\x82ÃƒÂ‚\x82ÃƒÂƒ\x83ÃƒÂ‚\x82ÃƒÂƒ\x82ÃƒÂ‚\x92t find a flaw. There was lesser variety though which didnÃƒÂƒ\x83ÃƒÂ‚\x83ÃƒÂƒ\x82ÃƒÂ‚\x82ÃƒÂƒ\x83ÃƒÂ‚\x82ÃƒÂƒ\x82ÃƒÂ‚\x92t do justice to the price.\nDesserts - Jalebis were amazing and so were gulab jamuns.\nService was a little slow at start but a nice place to visit.'), with the iconic dal makhni and ever mouthwatering panner butter masala. Nans were soft and great in taste. Dal makhni is by far the best I have had ever. Panner gravy was dissapoting as it was bit sour in taste.\n\nService was lighting fast.\n\nAgain one more restaurant in town who charges service charge.\n\nThis is place is worth trying but I give one ? less because of the parking," sour gravy and service charge.\n\nI paid a recent visit to this place again to explore the non-vegetarian options. Food was good. On the second visit I tried to compare the food and price with others and found this place is a bit costly than others."""")"
Inhouse Burger,Yes,No,4.0/5,167,Marathahalli,Quick Bites,"Burgers, Jerk Chicken Salad, Salads, Lemon Mojito, Lemonade, Chicken Patty, Veg Burger",Fast Food,400,Delivery,Bellandur
Manchow,Yes,Yes,3.8/5,157,Bellandur,Casual Dining,"Veg Manchow Soup, Garlic Butter Noodle, Chop Suey, Chicken Dim Sum","Chinese, Asian, Momos",600,Delivery,Bellandur
Andhra Vilaas,Yes,No,3.7/5,52,Sarjapur Road,Quick Bites,,"Andhra, North Indian, Biryani",350,Delivery,Bellandur
Bangaliana,Yes,No,3.7/5,309,HSR,Casual Dining,"Chicken Curry, Mutton Curry, Mutton Kosha, Dhokar Dalna, Fish Curry, Mocha Chingri, Luchi",Bengali,600,Delivery,Bellandur
La Casa Brewery And Kitchen,Yes,Yes,4.4/5,1381,Sarjapur Road,"Microbrewery, Casual Dining","Salads, Wheat Beer, Craft Beer, Pepperoni Pizza, Prawn Ghee Roast, Cocktails, Curry Leaf Chicken","Finger Food, Continental, Seafood",1500,,
" """"RATED\n  La Casa Brewery"," located off of Sarjapur Road has some delicious items.\n\nWe tried:\n\nStarters -\n\nBBQ'ed Pulled Pork Salad\n\nCoorg Pork Fry\n\nPin wheel Nachos\n\nJalapeÃƒÂƒ\x83ÃƒÂ‚\x83ÃƒÂƒ\x82ÃƒÂ‚\x83ÃƒÂƒ\x83ÃƒÂ‚\x82ÃƒÂƒ\x82ÃƒÂ‚Ã‚Â±o Cheesy Bites\n\nBelgian Style Pork Racks\n\nThe Curry Leaves Chicken\n\nThe Canadian\n\nPoutine\n\nVodka Alfredo Pasta\n\nVeg Pepperoncini pizza\n\nSalads -\n\nThe Classic Greek Salad\n\nMain Course -\n\nLa Casa special Lamb Shanks\n\nFish Steak with Caper Sauce\n\nDesserts -\n\nPeanut Pie\n\nCanadian Nanaimo\n\nMini Dessert\n\nChocolate Cheesecake\n\nThey make some of the best White Wine & Red Wine Sangrias I've had in a long time.\n\nfoodnwine.in"""")", ('Rated 2.0'," """"RATED\n  Honestly speaking we ( me and my office teammates) had a very bad experience at La Casa. We went for team dinner last week and to our nightmare the food turned out to be too bad. Ambiance is good but when it comes to food it's just the opposite. For the first time in my life I ate nachos which was not at all crispy. Inspite being a brewery they have very less option of beers available. Most of the foods were either loaded with sauces or salt.\n\nSorry but we were really very disappointed."""")", ('Rated 4.0', this place is like shelter for the troubled soul. One can unwind with their fabulous brewed beers and insane pork dishes, to compliment the beer.\nOne should definitely try their carb shorba, Belgium styled pork ribs, classic Ceasar salad and chocolate cheesecake'), ('Rated 2.0', 'RATED\n  Tucked away in the buzz of the noisy Sarjapur, this place is like shelter for the troubled soul. One can unwind with their fabulous brewed beers and insane pork dishes
Biriyani Zone,Yes,No,3.9/5,667,HSR,Casual Dining,"Sea Food, Vegetable Biryani, Mushroom Manchurian, Hyderabadi Biryani, Chicken Biryani, Mutton Biryani, Chicken Guntur","Biryani, North Indian, Chinese, Seafood",800,Delivery,Bellandur
Tata Cha,Yes,No,3.6/5,34,Bellandur,"Beverage Shop, Cafe",,"Tea, Fast Food, Cafe",400,Delivery,Bellandur
Soup'ermanz Kitchen,Yes,No,4.1/5,433,HSR,Cafe,"Crispy Chicken, Burgers, Pizza, Pasta, Chicken Burger, Clear Soup, Brownie","Cafe, Continental, Burger",750,Delivery,Bellandur
North Indian Kitchen,No,No,3.2/5,13,HSR,Takeaway,,North Indian,,Delivery,Bellandur
MAP- My Appetite Place,Yes,No,3.8/5,29,HSR,"Takeaway, Delivery",,"North Indian, Italian, Chinese",600,Delivery,Bellandur
Healthie,Yes,No,3.9/5,70,Sarjapur Road,Delivery,"Rice Bowl, Sandwich, Sandwiches, Chicken Grill","Healthy Food, Beverages",600,,
 'RATED\n  I never knew there are healthy desserts also available. I ordered the chocolate & chia seeds pudding it tasted better than the normal desserts which I eat.\nAmazing work and thanks for making healthy desserts .'), ('Rated 5.0', 'RATED\n  I ordered the grilled chicken and egg sandwich, Emerald energiser and Green glow smoothies. Loved it! Great place for healthy & delicious food! Thank you Healthie!'), ('Rated 5.0', must try for all health conscious people. The food was light and delicious. Keep it up! Looking forward to trying some sandwiches next time!'), ('Rated 5.0'," """"RATED\n  Healthie is a new venture. It's solely focused on delivering fresh"," wholesome and delicious meals. My favourite part of the menu is the healthy Super Bowls. I love the Chicken super bowl with brown rice and vegetables. It's both tasty and nutritious. Other favourite of mine is the selection of yogurt Parfaits. Highly recommend it"""")", ('Rated 5.0', fresh oranges," pomegranates and a very interesting dressing to go with it. Fabulous. Beautifully packed and presented. Pricing is a tad bit on the higher side but money well spent.')]"""
Sri Dalma,Yes,No,3.8/5,77,HSR,Quick Bites,"Thali, Mutton Handi","Oriya, Bengali",350,Delivery,Bellandur
Artinci Artisanal Ice Cream,Yes,No,NEW,0,HSR,Dessert Parlor,,"Ice Cream, Desserts",300,Delivery,Bellandur
Chai World,Yes,No,3.5/5,18,Sarjapur Road,Quick Bites,,"Tea, Beverages, Sandwich, Fast Food",300,Delivery,Bellandur
Baker's Home,Yes,No,4.0/5,175,Bellandur,"Bakery, Dessert Parlor",Designer Cakes,"Bakery, Desserts",300,Delivery,Bellandur
Paratha Treat,Yes,No,3.6/5,51,Bellandur,Quick Bites,,North Indian,200,Delivery,Bellandur
New Cool Joint,Yes,No,3.5/5,23,Sarjapur Road,Quick Bites,,"Fast Food, Beverages, Ice Cream, Juices, Sandwich",150,Delivery,Bellandur
Al Khansah,Yes,No,3.9/5,370,Bellandur,Casual Dining,"Chicken Tikka Masala, Chicken Biryani, Mutton Biryani, Chicken Curry, Gajar Ka Halwa, Malai Kebab, Gulab Jamun","Biryani, Mughlai, Chinese, North Indian, Kebab",550,Delivery,Bellandur
Chullah Bhatti,Yes,Yes,4.0/5,557,Marathahalli,Casual Dining,"Masala Papad, Malai Kofta, Panneer Butter Masala, Fish, Vegetable Biryani, Paneer Tikka, Lassi","North Indian, Chinese",900,Delivery,Bellandur
Matka,Yes,Yes,3.6/5,25,HSR,Casual Dining,,"North Indian, Biryani",500,Delivery,Bellandur
Feel@Home,Yes,No,3.6/5,42,Marathahalli,"Takeaway, Delivery",Thali,"North Indian, Chinese",300,Delivery,Bellandur
Mangala Hotel,Yes,No,3.8/5,27,Sarjapur Road,Quick Bites,,"Kerala, Chinese, North Indian",300,Delivery,Bellandur
Kabab Magic,Yes,No,3.1/5,281,HSR,Quick Bites,"Chicken Grill, Grape Juice, Tandoori Chicken, Shawarma Roll, Wings, Rolls, Chicken Curry","North Indian, Kebab, Chinese, Fast Food",400,Delivery,Bellandur
Keventers,Yes,No,3.6/5,18,Bellandur,"Beverage Shop, Dessert Parlor",,"Desserts, Beverages, Ice Cream",400,Delivery,Bellandur
The Kebab House,Yes,No,4.3/5,49,Bellandur,Quick Bites,"Cheese Naan, Biryani, Onion Rings","Kebab, Biryani",250,Delivery,Bellandur
Daniyal's,Yes,No,3.6/5,6,Sarjapur Road,"Takeaway, Delivery",,"North Indian, Biryani, Mughlai, Kebab",800,Delivery,Bellandur
Poha On Wheels,Yes,No,4.1/5,65,Bellandur,"Takeaway, Delivery",Indori Poha,Street Food,100,Delivery,Bellandur
Float,Yes,Yes,4.4/5,3061,Marathahalli,"Casual Dining, Bar","Butter Fish, Chicken Burritos, Cocktails, Mocktails, Rabri, Exotic Veg Pizza, Potato Wedges","North Indian, Japanese",1500,,
 'RATED\n  Extremely slow service. We ordered Spaghetti Mutton rara and they made us wait for 25 mins. The staff wasnt so cordial and friendly. Didnt serve properly. Ambience is so so. Music tooo loud. Prawn Starter was good .Thats it'), ('Rated 4.0', 'RATED\n  Decent place. Nothing too great.. Nothing too bad... Music was way too loud for my liking. Rainbow bites is a cute piece of art. Food is average. Great service by Suraj.'), ('Rated 4.0', 'RATED\n  Great place to hangout with friends, will drink over vast options of starter , then this is the place to go in Marathahalli\n\nThe food is delicious and service is good'), ('Rated 3.0'," """"RATED\n  ? Value for money 3/5\n? Service 3/5\n? Food taste 3/5\n? Food quantity 3/5\n? Parking is troublesome !!!!\n\nThe ambience and seating space of the place is good", service is laggard, ('Rated 3.0', 'RATED\n  Been to this place for lunch on a sunny day . The part where the setup is nice with sofas was occupied which made us adjust onto the wooden tables. Place is little open which made it hot during afternoon.\nComing to the food we ordered mushroom and paneer which were tasty and few mocktails which were not that great. Should visit this place for dinner for the great ambience i feel. Overall a good place for some quality tym')
Domino's Pizza,Yes,No,3.6/5,260,Bellandur,Quick Bites,"Pizza Burger, Garlic Bread, Chocolava","Pizza, Fast Food",800,Delivery,Bellandur
Makers of Milkshakes,Yes,No,3.9/5,39,HSR,Beverage Shop,,Beverages,300,Delivery,Bellandur
Shake It Off,Yes,No,4.0/5,60,Bellandur,Beverage Shop,"Momos, Thick Shakes, Sandwiches, Veg Maggi, Burgers","Beverages, Fast Food",600,Delivery,Bellandur
Udupi Savi Thindi,Yes,No,3.6/5,14,Sarjapur Road,"Takeaway, Delivery",,"South Indian, North Indian, Chinese",300,Delivery,Bellandur
Karavali Kitchen,Yes,No,3.1/5,85,Sarjapur Road,Casual Dining,,Mangalorean,400,Delivery,Bellandur
InnerChef,Yes,No,3.9/5,231,Sarjapur Road,Delivery,"Butter Chicken, Salads, Dal Makhani, Paratha, Vada, Brownie Chocolate, Chole","North Indian, Continental",500,Delivery,Bellandur
RP Sweets,Yes,No,3.4/5,7,Bellandur,Quick Bites,,"Mithai, Fast Food",300,Delivery,Bellandur
Broadway - The Gourmet Theatre,Yes,Yes,4.2/5,1142,HSR,Casual Dining,"Sushi, Cocktails, Mocktails, Bamboo Chicken Biryani, Coconut Soup, Pasta, Sea Food","Japanese, North Indian, Italian, Korean, Mexican, Thai",1800,,
 however, I am not much of a Sushi lover, so I didn't try it. We also ordered Hakka Noodles which was also 5 on 5. You will also face a bit of difficulty understanding their menu, but the waiters are really cool clearing all your doubts on menu. Overall rating :\nFood : 4.5/5\nAmbience: 5/5\nService: 4/5\nPrice: A bit costly," but worth it\n\nFollow our instagram page and Facebook.\n\nhttps://www.instagram.com/hunger_daddy/\n\nGo Places.. Explore food.."""")"," """"RATED\n  We went there one night for a great dinner.\nFirstly the place is on terrace where you can have your food with the city view. The food was really mouthwatering", try the bamboo biryani, it's highly recommended. I even had Vietnamese Basa," it just melts inside your mouth.\nLoved the place."""")", ('Rated 4.0', Chef Special Tiramisu and Berry Baked Cheese Cake. If you want to indulge yourself then go for the Melting Globe. It was surely the showstopper. It is a hollow ball of chocolate with a hidden dessert inside. As soon as you pour some warm sauce on top, the ball melts away to reveal all its delicious secrets! Not to mention
Appetite Workstation,Yes,No,3.6/5,16,Sarjapur Road,Quick Bites,,"North Indian, Chinese, Biryani",500,Delivery,Bellandur
Mango Tree Grand,Yes,No,3.8/5,112,Bellandur,Quick Bites,,"Andhra, North Indian",700,Delivery,Bellandur
Grigliato,Yes,No,3.9/5,715,HSR,Casual Dining,"Beer, Steak, Burgers, Fritters, Caramel Custard, Pasta Alfredo, Pizza","Italian, Chinese, Continental, Steak",1000,Delivery,Bellandur
Crunch Pizzas - Express Delivery,Yes,No,3.0/5,237,Indiranagar,Delivery,"Pizza, Pepperoni",Pizza,500,Delivery,Bellandur
Parrattha Ssinghh,Yes,No,4.2/5,45,Marathahalli,Quick Bites,"Aloo Paratha, Dal Makhani, Paneer Parantha, Chaat",North Indian,250,Delivery,Bellandur
Atithi Aramane Veg,Yes,No,3.9/5,48,Bellandur,Quick Bites,,"South Indian, North Indian, Chinese",300,Delivery,Bellandur
Yummy Tummy,Yes,No,3.0/5,111,Bellandur,Quick Bites,"Rolls, Paratha","Rolls, North Indian, Chinese, Biryani",400,Delivery,Bellandur
Beijing Bites,Yes,No,3.9/5,396,HSR,Casual Dining,"Dragon Chicken, Salad, Hakka Noodles, Chicken Momo, Chop Suey, Fish Chilli, Golden Fried Prawns","Chinese, Thai",850,Delivery,Bellandur
AKSHAYA BIRYANI,Yes,No,3.6/5,20,Sarjapur Road,Quick Bites,,"Biryani, North Indian",300,Delivery,Bellandur
Lungees Foods,Yes,No,3.7/5,160,Sarjapur Road,Casual Dining,"Beef Curry, Kerala Parotta, Tea, Appam, Paratha, Beef Fry, Biryani",Kerala,500,Delivery,Bellandur
Reddy's Paradise,Yes,No,3.4/5,9,Sarjapur Road,Quick Bites,,"Fast Food, Chinese, North Indian, Biryani",400,Delivery,Bellandur
Tarbouche,Yes,No,3.5/5,18,Sarjapur Road,Kiosk,,Turkish,300,Delivery,Bellandur
Bombay Brasserie,Yes,No,4.3/5,555,Bellandur,Casual Dining,"Butter Chicken, Beer, Vegetable Biryani, Kulfi, Cocktails, Chur Chur Paratha, Keema Pav",Modern Indian,1800,,
 'RATED\n  Bombay Brasserie a North Indians delight in South India. Thats how I would define it...from their adaptation of famous Chur Chur paratha of North India to Punjabi style butter chicken tikka masala....! Everything was just perfectly balanced!To top it all was the beautiful ambience of the place!Would definitely recommend it to my friends in Bangalore!'), ('Rated 4.0', 'RATED\n  Had been there few days ago on a weekday for a team lunch. It is a neat small place in The Bay amidst all the tech companies.  The food over there is good, starters were excellent, main course I would say was average+, a rating of 4-4.5. The menu is different with exotic names, presentation of food is very unique and service is good (always room for improvement).  Definitely a must visit place and will visit again very soon.'), ('Rated 5.0', 'RATED\n  My first time here was a great experience. Service is great, food is amazing and the ambience is very relaxing. Looking forward to visiting again'), the service was lethargic, the food unappetising and the entire experience was below average. For such a lovely setup
Biriyani Adda,Yes,No,NEW,0,Bellandur,Quick Bites,,"North Indian, Chinese, Biryani, Kebab",350,Delivery,Bellandur
Ajwa Thalassery Biryani,Yes,Yes,3.9/5,42,Sarjapur Road,Quick Bites,"Thalassery Biryani, Chicken Fry, Chicken Biryani","Biryani, South Indian",500,Delivery,Bellandur
YumYumDilli,Yes,No,3.5/5,16,Sarjapur Road,Delivery,,North Indian,500,Delivery,Bellandur
Folklore Restaurant,Yes,No,3.4/5,262,Sarjapur Road,Casual Dining,"Duck Roast, Appam, Kadala Curry, Chicken Curry, Chicken Biryani, Fish Fry, Egg Curry",Kerala,450,,
 'RATED\n  Kozhi roast and paratha was my first order and it went really nice. Another day I ordered Kappa meen curry and Karimeen fry. Kappa and Meen curry was nice but the karimeen was too bad to describeit felt like weeks old and really made me pissed off.\n\nGuys dont spoil your quality,if you cant serve a dish fresh dont put it in menu. Over all good experience.'), ('Rated 1.0'," """"RATED\n  Had a bad experience", waited 45 minutes after order and they couldn't serve the food,cleanliness is a question here," finally waiter forgot my order and ask me to repeat it. I will not recommend this place"""")", ('Rated 3.0', 'RATED\n  Firstly, a small and nice setup, we ordered Chicken Biryani & Fish Fry. It was delicious. Only thing is, the amount of Spice is relatively less.\n\nOverall
Napoli Italian Bistro,Yes,Yes,4.1/5,1056,HSR,"Casual Dining, Bar","Pasta, Pizza, Chocolate Bomb, Wine, Ginger Lime Mojito, Tiramisu, Watermelon Mojito","Italian, Mexican, Continental, Pizza",1200,Delivery,Bellandur
Uptown Sliders & Shakes,Yes,No,3.9/5,112,HSR,Quick Bites,"Burgers, Strawberry Shake, Fries, Pancakes, Chicken Salad, Lamb","Burger, Fast Food, Beverages",600,Delivery,Bellandur
The Grub Central,Yes,Yes,4.0/5,797,HSR,Cafe,"Barbeque Chicken Pizza, Paneer Pizza, Burgers, Crispy Chicken, Aglio Olio Pasta, Chicken Wings, English Breakfast","Cafe, Italian, Continental",700,Delivery,Bellandur
Cold Smith Ice Creams,Yes,No,3.9/5,41,Sarjapur Road,Dessert Parlor,,"Ice Cream, Desserts",450,Delivery,Bellandur
Keerthi Restaurant Andhra Style,Yes,No,NEW,0,Marathahalli,Quick Bites,,Andhra,300,Delivery,Bellandur
Thalis Of India,Yes,No,3.3/5,7,Sarjapur Road,Delivery,,"South Indian, North Indian, Beverages",500,Delivery,Bellandur
Singh Saheb Di Rasoi,Yes,No,3.2/5,10,Bellandur,Quick Bites,,North Indian,800,Delivery,Bellandur
Slurpy Shakes,Yes,No,3.3/5,6,Marathahalli,Delivery,,Beverages,300,Delivery,Bellandur
The Milkshake Theory,Yes,No,3.7/5,29,Sarjapur Road,Beverage Shop,,"Beverages, Fast Food",400,Delivery,Bellandur
Cake Box,Yes,No,2.9/5,24,Marathahalli,Bakery,,"Bakery, Desserts",400,Delivery,Bellandur
Wangs Kitchen,Yes,No,2.4/5,438,HSR,Casual Dining,"Chicken Lollipop, Spring Roll, Momos, Singapore Noodles, Chop Suey, Clear Soup, Sweet Corn Soup",Chinese,1000,Delivery,Bellandur
Quick Bites Food Junction,Yes,No,3.8/5,30,Sarjapur Road,Quick Bites,,"North Indian, Chinese, Bengali",300,Delivery,Bellandur
Poha On Wheels,Yes,No,NEW,0,Sarjapur Road,Quick Bites,,Fast Food,100,Delivery,Bellandur
Kidilum,Yes,No,3.6/5,32,Marathahalli,Casual Dining,,"North Indian, Chinese, Kerala",450,Delivery,Bellandur
Juice Junction Food Court,Yes,No,3.8/5,210,HSR,Quick Bites,"Sandwiches, Maggi, Rolls, Chole Bhature, Ginger Tea, Paratha, Rava Masala Dosa","Juices, South Indian, Chinese, Fast Food",200,Delivery,Bellandur
World In A Bowl,Yes,No,3.5/5,17,Sarjapur Road,Delivery,,"Continental, North Indian, Desserts, Beverages",600,Delivery,Bellandur
Sintales,Yes,No,3.6/5,44,Sarjapur Road,Cafe,"Pizza, Burgers, Brownie, Oreo Shake, Thai Fries","Cafe, Continental, Pizza, Burger, Beverages",600,Delivery,Bellandur
The Litti Company,Yes,No,3.7/5,33,HSR,"Takeaway, Delivery","Liti Chokha, Aloo Litti, Dal Halwa",Bihari,400,Delivery,Bellandur
Tanoor Tandoori,Yes,No,NEW,0,Bellandur,Delivery,,"North Indian, Mughlai, Chinese, Kebab, Biryani",550,Delivery,Bellandur
Myrasoiya.com,Yes,No,3.4/5,20,Sarjapur Road,Delivery,,North Indian,350,Delivery,Bellandur
Punjabi Times,Yes,Yes,4.1/5,1691,Bellandur,"Casual Dining, Bar","Papdi Chaat, Thandai, Chole Bhature, Lassi, Paan Ice Cream, Mutton Curry, Raita",North Indian,1100,Delivery,Bellandur
Stoner,Yes,No,4.3/5,556,Sarjapur Road,"Dessert Parlor, Cafe","Burgers, Cheesy Chicken Burger, Chicken Chilli Pizza, Monster Burger, Peri Peri Chicken Burger, Butter Chicken Pizza, Mojito","Ice Cream, Cafe, Pizza, Burger, Desserts, Beverages",500,Delivery,Bellandur
Vandana Andhra and Multi Cuisine,Yes,Yes,4.1/5,481,Sarjapur Road,Casual Dining,"Chicken Guntur, Thali, Prawn Pepper Fry, Chicken Biryani, Gulab Jamun, Mutton Biryani, Halwa","Andhra, Hyderabadi, Biryani, Chinese, North Indian",900,Delivery,Bellandur
American Bites,Yes,No,3.0/5,4,Marathahalli,Quick Bites,,"Pizza, American, Fast Food, Seafood",300,Delivery,Bellandur
Roti's Ghar,Yes,No,NEW,0,Bellandur,"Takeaway, Delivery",,"North Indian, Juices",200,Delivery,Bellandur
Telugu Velugu,Yes,No,NEW,0,HSR,Quick Bites,,"South Indian, Andhra",500,Delivery,Bellandur
Aashish Foods,Yes,No,3.8/5,34,Marathahalli,Quick Bites,"Paratha, Thali, Rajma",North Indian,150,Delivery,Bellandur
Laddoos,Yes,No,2.9/5,163,Bellandur,"Quick Bites, Sweet Shop","Paratha, Samosa, Chole Bhature, Pav Bhaji, Kachori, Vada Pav","North Indian, Street Food, Mithai",250,Delivery,Bellandur
Omleterian,Yes,No,,0,Bellandur,Delivery,,"American, Continental",200,Delivery,Bellandur
Little Italy,Yes,Yes,4.3/5,715,Sarjapur Road,Casual Dining,"Pasta, Pizza, Enchiladas, Mushroom Soup, Salads, Mocktails, Salad","Italian, Pizza",1500,Delivery,Bellandur
Rusbury Fresh Sweets And Savouries,Yes,No,4.0/5,65,HSR,Sweet Shop,"Panipuri, Samosa, Rasmalai","Mithai, Street Food",200,Delivery,Bellandur
Shree Khana Khazana,Yes,No,4.2/5,166,Bellandur,Quick Bites,"Thali, Lassi, Dal Bati Churma, Paratha, Buttermilk, Paneer Malai Kofta, Dal Tadka","North Indian, Chinese",450,Delivery,Bellandur
Moti Mahal Delux,Yes,Yes,4.0/5,547,HSR,Casual Dining,"Butter Chicken, Kadhai Paneer, Tawa Chicken, Murgh Lababdar, Dal Makhani, Vegetable Biryani, Palak Paneer","North Indian, Mughlai",1000,Delivery,Bellandur
Shri Vishnu Grand,Yes,No,3.0/5,139,Marathahalli,Casual Dining,"Rava Idli, Tea, Coffee, Rava Dosa, Biryani, Masala Dosa, Pav Bhaji","North Indian, South Indian, Chinese",450,Delivery,Bellandur
Andhra Paris,Yes,No,3.2/5,5,Sarjapur Road,Quick Bites,,Andhra,250,Delivery,Bellandur
Annapurna Foods,Yes,No,3.5/5,11,Bellandur,Casual Dining,,"North Indian, Chinese, Hyderabadi",400,Delivery,Bellandur
Spicy Punjabi Pharatha,Yes,No,2.9/5,76,Marathahalli,Quick Bites,,"North Indian, Chinese, Biryani",400,Delivery,Bellandur
Kitchen On Table,Yes,No,4.3/5,787,HSR,Casual Dining,"Sushi, Mocktails, Noodles, Salad, Fish, Miso Soup, Sashimi","BBQ, Chinese, Japanese, Asian",1000,Delivery,Bellandur
Chai Point,Yes,No,,0,Marathahalli,"Beverage Shop, Quick Bites",,,200,Delivery,Bellandur
Charcoal Eats,Yes,No,4.0/5,55,HSR,Quick Bites,"Pizza, Hyderabadi Chicken Biryani, Chicken Tikka Biryani","Italian, Biryani, Fast Food, North Indian, Rolls",500,Delivery,Bellandur
Foodbell,Yes,No,NEW,0,Sarjapur Road,"Takeaway, Delivery","Spring Roll, Kheer, Chilli Paneer","North Indian, Chinese, Biryani",300,Delivery,Bellandur
Only Parathas,No,No,3.3/5,6,HSR,"Takeaway, Delivery",,North Indian,,Delivery,Bellandur
Zayakedar,Yes,No,4.0/5,250,Bellandur,Quick Bites,"Rajma, Fried Rice, Lassi, Butter Phulkas, Bhindi Fry, Thali, Butter Chicken",North Indian,250,Delivery,Bellandur
S S Popular Frozen Stone,Yes,No,3.7/5,24,Bellandur,"Beverage Shop, Quick Bites",,"Beverages, Ice Cream, Sandwich, Fast Food",250,Delivery,Bellandur
Park N Eat,Yes,No,3.7/5,16,Marathahalli,Quick Bites,,"Chinese, North Indian",300,Delivery,Bellandur
Amrutha Grand Restaurant,Yes,No,3.2/5,204,Sarjapur Road,Casual Dining,"Malai Kofta, Chicken Boneless Biryani, Naan, Sweet Corn Soup, Noodles, Thali, Hyderabadi Dum Biryani","North Indian, Biryani, Chinese",500,Delivery,Bellandur
YumYumSouth,Yes,No,3.6/5,55,Sarjapur Road,Delivery,,South Indian,600,Delivery,Bellandur
Nanda's,Yes,No,2.9/5,361,HSR,Casual Dining,"Butter Chicken, Andhra Meal, Murgh Ghee Roast, Vegetable Biryani, Butter Naan, Roti, Hyderabadi Chicken Biryani","North Indian, Chinese, Andhra",450,Delivery,Bellandur
Ramji Chaiwale,Yes,No,3.3/5,30,Bellandur,Quick Bites,,"Beverages, Fast Food",250,Delivery,Bellandur
Supreme Biryani,Yes,No,3.3/5,18,South Bangalore,Delivery,,Biryani,400,Delivery,Bellandur
Bombay Kulfi,Yes,No,3.8/5,38,Marathahalli,Dessert Parlor,,"Desserts, Ice Cream",150,Delivery,Bellandur
Shahi Zaikha,Yes,No,3.2/5,6,Sarjapur Road,Quick Bites,,"Chinese, North Indian, Mughlai",300,Delivery,Bellandur
MAD Belgian Waffles,Yes,No,NEW,0,Sarjapur Road,Quick Bites,,Fast Food,300,Delivery,Bellandur
Srinathji's,Yes,Yes,3.9/5,661,Marathahalli,Casual Dining,"Thai Soup, Panneer Butter Masala, Pav Bhaji, Paneer Lajawab, Dahi Papadi Chaat, Butter Naan, Lassi","North Indian, Chinese, Continental, Street Food",750,Delivery,Bellandur
Sichuan,Yes,No,4.1/5,268,Bellandur,Casual Dining,"Singapore Noodles, Fish, Clear Soup, Manchow Soup, Lemongrass Tea, Nasi Goreng, Pad Thai","Chinese, Asian, Seafood",800,Delivery,Bellandur
Bellandur Kitchen,Yes,No,3.4/5,17,Bellandur,Quick Bites,,"North Indian, Chinese",400,Delivery,Bellandur
Ovenstory Pizza,Yes,No,4.0/5,200,HSR,Delivery,"Chocolava Cake, Bruschettas, Chicken Keema, Lava Cake, Tikka, Thick Crust Pizza",Pizza,750,Delivery,Bellandur
Parathe Ghar Ke,Yes,No,3.2/5,4,Bellandur,Quick Bites,,North Indian,300,Delivery,Bellandur
Stoned Monkey,Yes,No,3.9/5,228,HSR,Dessert Parlor,"Smoothie Chocolate, Vanilla Ice Cream, Hot Chocolate Fudge, Nachos, Waffles, Garlic Bread","Desserts, Ice Cream",500,Delivery,Bellandur
Cakes Wagon,Yes,No,3.4/5,6,Bellandur,"Dessert Parlor, Bakery",,"Desserts, Bakery",300,Delivery,Bellandur
Sri Ganesh Juice Junction,Yes,No,3.5/5,5,Bellandur,Beverage Shop,,"Juices, Fast Food",200,Delivery,Bellandur
Ooty Chocolates,Yes,No,3.3/5,9,Sarjapur Road,Dessert Parlor,,Desserts,300,Delivery,Bellandur
Kanua,Yes,Yes,4.4/5,889,Sarjapur Road,Casual Dining,"Neer Dosa, Murgh Ghee Roast, Sea Food, Crab Fry, Fry Prawns, Biskoot Roti, Prawn Curry","Konkan, Mangalorean, Seafood",1400,Delivery,Bellandur
Foreign CafÃƒÂƒÃ‚ÂƒÃƒÂ‚Ã‚ÂƒÃƒÂƒÃ‚Â‚ÃƒÂ‚Ã‚ÂƒÃƒÂƒÃ‚ÂƒÃƒÂ‚Ã‚Â‚ÃƒÂƒÃ‚Â‚ÃƒÂ‚Ã‚Â©,Yes,No,3.5/5,43,Sarjapur Road,Delivery,,Continental,500,Delivery,Bellandur
Delitz Creamvilla Cafe,Yes,No,4.0/5,74,Bellandur,"Cafe, Dessert Parlor","Waffles, Coffee, Nachos, Rolls, Sandwiches","Cafe, Desserts, Ice Cream",600,Delivery,Bellandur
Apna Veg Dhaba,Yes,No,3.1/5,35,Bellandur,Casual Dining,,"North Indian, Chinese",400,Delivery,Bellandur
Zeeshan,Yes,No,2.6/5,155,Sarjapur Road,Casual Dining,"Mutton Biryani, Raita, Firni, Chicken Biryani, Rolls, Chicken Tikka Kebab, Naan","North Indian, Mughlai, Biryani, Rolls",600,Delivery,Bellandur
Dad's Cookhouse,Yes,No,4.0/5,44,Sarjapur Road,Quick Bites,"Liti Chokha, Noodles, Litti, Paratha, Pav Bhaji","North Indian, Street Food, Chinese, Fast Food",300,Delivery,Bellandur
Five Star Chicken,Yes,No,3.4/5,9,Bellandur,Quick Bites,,"Fast Food, Burger",200,Delivery,Bellandur
McDonald's,Yes,No,3.2/5,258,Bellandur,Quick Bites,"Burgers, Fries","Burger, Fast Food",500,Delivery,Bellandur
Abbabi Chicken,Yes,No,3.8/5,133,Bellandur,Quick Bites,"Rolls, Chicken Shawarama, Chicken Shwarma Roll, Abbabi Chicken, Shawarma Roll",Fast Food,200,Delivery,Bellandur
Azura Restaurant,Yes,No,2.8/5,95,Bellandur,Casual Dining,"Egg Biryani, Dum Biryani, Naan","North Indian, Mughlai, Chinese, Arabian, Kerala",500,Delivery,Bellandur
Freshies Gourmet Salads,Yes,No,3.2/5,31,Bellandur,Quick Bites,,"Salad, Healthy Food",350,Delivery,Bellandur
Ritomi's Lov,Yes,No,3.7/5,48,Bellandur,Quick Bites,"Paratha, Thali, Rajma, Poha",North Indian,400,Delivery,Bellandur
Southinn,Yes,No,3.2/5,97,Sarjapur Road,Quick Bites,"Vada, Coffee, Idli, Masala Dosa, Tea, Onion Dosa, Podi Dosa","South Indian, Fast Food, Chinese, North Indian, Street Food",250,Delivery,Bellandur
Smoor,Yes,No,3.7/5,44,Bellandur,Dessert Parlor,"Cheesecake, Red Velvet, Chocolate Cake","Desserts, Beverages",900,Delivery,Bellandur
Cafe Thulp,Yes,Yes,4.0/5,341,Bellandur,Cafe,"Burgers, Fries, Beef Burger, Pasta, Salad, Mudpie, Falafel Burger","Cafe, Burger, Italian, Salad",1000,Delivery,Bellandur
Goli Vada Pav No. 1,Yes,No,3.3/5,84,Bellandur,Quick Bites,"Masala Vada Pav, Kulfi",Street Food,200,Delivery,Bellandur
Karachi Bakery,Yes,No,3.7/5,16,Sarjapur Road,Bakery,,"Bakery, Desserts",400,Delivery,Bellandur
Mughal Treat,Yes,No,3.6/5,109,Sarjapur Road,Casual Dining,"Charcoal Chicken, Shawarma Roll, Chicken Curry, Chicken Biryani, Roti, Garlic Naan, Paneer Tikka Masala","Mughlai, North Indian, Chinese",700,Delivery,Bellandur
Chai Point,Yes,No,,0,Bellandur,"Beverage Shop, Quick Bites",,"Tea, Beverages, Fast Food",250,Delivery,Bellandur
Le Charcoal Xpress,Yes,No,4.0/5,162,HSR,Quick Bites,"Pita Bread, Rolls, Shawarma Roll, Lebanese Shawarma, Chicken Grill, Barbeque Chicken","Arabian, BBQ, Rolls, Chinese",500,Delivery,Bellandur
Foxtrot,Yes,Yes,4.4/5,1146,Marathahalli,"Pub, Casual Dining","Cocktails, Mocktails, Mai Thai, Murgh Platter, Pizza, Soya Chaap, Keema Samosa","North Indian, Chinese, Continental, Momos",1200,,
 ('Rated 4.0', 'RATED\n  The ambiance is what you can look forward. Food is great. Need to visit again to sit on all the tables for once. Laslty the Mango Bite which took me to 90s.'), ('Rated 5.0', 'RATED\n  This place has won my heart with its ambience and food. The food is amazing here be it starters or main course. The fish finger.. the noodles.. the pizza are all just perfect in its taste. In drinks , I have tried the Cosmopolitan which is absolutely perfect. The dance floor here is small but the DJ.. take a bow man. Old English songs to just make you move and groove. This place is alwaz on my favourite places in this area.'), 'RATED\n  This place is amazing!!!!! The shooters were great. Food was lip smacking. But the best part was the service. The staff there went out of their way to make sure that we had a great evening. I will surely come back soon.'), ('Rated 4.0', 'RATED\n  A cool place to hang around with friends specially if u r around outer ring road. ambiance is cool. music is nice, but could have been better. Food is tasty. Service is also good. Would recommend as a good hang out place'), ('Rated 5.0', ('Rated 4.0', 'RATED\n  The ambiance is what you can look forward. Food is great. Need to visit again to sit on all the tables for once. Laslty the Mango Bite which took me to 90s.')
Sweet Truth,Yes,No,3.9/5,34,Sarjapur Road,Delivery,,"Bakery, Desserts",500,Delivery,Bellandur
Le Gateau - The Cake Shop,Yes,No,4.4/5,536,Old Airport Road,Delivery,"Cup Cake, Fruit Gateau, Sponge Cake, Mango Cake, Eggless Cake, Chocolate Truffle Cake, Cheesecake","Desserts, Bakery",600,Delivery,Bellandur
Deli Chats and Sweets,Yes,No,4.1/5,39,Marathahalli,Quick Bites,"Kulcha, Samosa Chaat, Panipuri, Sev Puri, Chai, Filter Coffee, Aloo Tikki Chole","Street Food, Mithai",200,Delivery,Bellandur
Eden Huts Restaurant,No,No,4.0/5,213,Bellandur,Casual Dining,"Roti, Chicken Kebab, Panneer Butter Masala, Ghee Rice, Butter Naan, Biryani, Jeera Rice","Chinese, North Indian",400,Delivery,Bellandur
Shekhawati Restaurant,Yes,No,3.7/5,62,Sarjapur Road,Quick Bites,,North Indian,300,Delivery,Bellandur
Baithak,Yes,Yes,4.2/5,1383,HSR,"Casual Dining, Bar","Wood Fire Pizza, Cocktails, Ferrero Rocher Shake, Falafel, Peri Peri Chicken, Pasta, Nachos","Continental, North Indian, Mughlai",1100,Delivery,Bellandur
Ice Treat,Yes,No,3.8/5,42,HSR,Quick Bites,,"Juices, Ice Cream",200,Delivery,Bellandur
Ustaad Biryani,Yes,No,,0,Marathahalli,Delivery,,Biryani,250,Delivery,Bellandur
Mumbai Xpress,Yes,No,2.9/5,89,Bellandur,Quick Bites,"Chai, Vada Pav, Pizza","Fast Food, Street Food",350,Delivery,Bellandur
Chung Wah,Yes,No,2.9/5,29,Marathahalli,Delivery,,"Chinese, Momos, Vietnamese, Thai",500,Delivery,Bellandur
Filmy Kitchen,Yes,No,3.7/5,182,Bellandur,Quick Bites,"Paneer Tikka, Dal Bati, Gulab Jamun, Thali, Tandoori Mushrooms, Chole, Chinese Bhel","North Indian, South Indian, Italian, Chinese, Fast Food",400,Delivery,Bellandur
The Belgian Waffle Co.,Yes,No,4.1/5,129,HSR,Dessert Parlor,"Belgian Waffles, Belgian Chocolate Waffle","Desserts, Beverages",350,Delivery,Bellandur
Samaroh,No,No,4.0/5,246,Bellandur,Casual Dining,"Kulfi, Rajasthani Thali, Sweet Paan, Buttermilk, Rasmalai, Chaat, Lassi",North Indian,1200,Delivery,Bellandur
Fusion Tadka,Yes,No,3.7/5,34,Bellandur,Delivery,"Gulab Jamun, Lassi, Manchurian Roll","North Indian, Chinese",450,Delivery,Bellandur
@ The Bbq,Yes,No,NEW,0,Bellandur,Casual Dining,,"BBQ, Continental, North Indian, Chinese, Beverages",700,Delivery,Bellandur
Orchard Fresh,Yes,No,,0,Sarjapur Road,Dessert Parlor,,Ice Cream,150,Delivery,Bellandur
Pizza Stop,Yes,No,3.2/5,44,Sarjapur Road,Quick Bites,"Pasta, Pizza, Garlic Bread","Pizza, Italian",600,Delivery,Bellandur
NH-1,Yes,No,3.8/5,376,Bellandur,Delivery,"Lassi, Aloo Gobhi, Butter Chicken, Roti, Afghan Chicken, Matar Paneer, Laccha Paratha",North Indian,600,Delivery,Bellandur
Madurai Meenakshi Vilas,Yes,No,3.6/5,27,Bellandur,Quick Bites,,South Indian,300,Delivery,Bellandur
Rampyari Chaiwala Netaji Bhajiawala,Yes,No,3.1/5,25,Sarjapur Road,Quick Bites,,"Street Food, South Indian",150,Delivery,Bellandur
Sharaab Factory,Yes,Yes,3.9/5,392,Bellandur,Bar,"Chicken Curry, Chicken Tikka, Cocktails, Long Island Iced Tea, Draught Beer","Biryani, North Indian",1500,Delivery,Bellandur
Biryani House,Yes,No,3.5/5,11,Bellandur,Casual Dining,,"Andhra, Biryani, Chinese, North Indian",600,Delivery,Bellandur
Karavali Naati Mane,Yes,No,3.1/5,40,Sarjapur Road,Quick Bites,,South Indian,350,Delivery,Bellandur
Chaai Resto,Yes,No,4.1/5,33,Sarjapur Road,Cafe,,"Cafe, Rolls, Fast Food",200,Delivery,Bellandur
The Punjabi,Yes,No,2.9/5,32,Bellandur,Casual Dining,,"North Indian, Mughlai, Biryani, Chinese",550,Delivery,Bellandur
Biruva's Biryani House,Yes,No,,0,Sarjapur Road,Quick Bites,,"Biryani, North Indian, Chinese",200,Delivery,Bellandur
Matinee Bar & Kitchen,Yes,Yes,4.2/5,340,Marathahalli,Casual Dining,"Khao Suey, Pizza, Virgin Mojito, Cocktails, Sushi, Fish, Ramen","BBQ, Continental, North Indian, Pizza, European",1700,Delivery,Bellandur
Spicy Paratha House,Yes,No,3.0/5,9,Marathahalli,Quick Bites,,"North Indian, Chinese",450,Delivery,Bellandur
Cafe Coffee Day,Yes,No,2.9/5,27,Sarjapur Road,Cafe,,"Cafe, Fast Food",900,Delivery,Bellandur
Foodies Hub,Yes,No,3.1/5,8,Sarjapur Road,Quick Bites,,"North Indian, South Indian, Seafood",500,Delivery,Bellandur
The Modak,Yes,No,3.6/5,18,Bellandur,Quick Bites,,"North Indian, Street Food, Desserts, Chinese",400,Delivery,Bellandur
Delhi Restaurant,Yes,No,3.8/5,54,Marathahalli,Quick Bites,Dal Tadka,"North Indian, Mughlai, Chinese",400,Delivery,Bellandur
Chatorezz,Yes,No,3.6/5,26,Marathahalli,Quick Bites,Paratha,"North Indian, Chinese",250,Delivery,Bellandur
Aapni Rasoi,Yes,No,3.2/5,127,Bellandur,Quick Bites,"Dal Tadka, Matar Methi Malai, Malai Kofta, Jeera Rice, Roti",North Indian,400,,
 please use less oil. I will be ordering again from here!'), ('Rated 4.0', 'RATED\n  I accidentally stumbled upon this restaurant while browsing in Zomato ordered one veg thali was pleasantly surprised by the food which was delivered it was nicely packed, the quality and quantity was also very good, it felt like I was eating home cooked food and tasty specially the pepper aloo preparation was just awesome keep the good work going try some other dishes also.'), 'RATED\n  M meri family ke sath bangalore gyi wha maine apni rasoi restaurant me ek thali order ki wow mtlb kya khana tha missi roti ,lassi lazawaab the .agr muje dobara banglore jane ka mouka mila to m apni rasoi restaurant me jrur jaungi.'), ('Rated 1.0', 'RATED\n  Ordered gobhi Manchurian and Kadhi pakoda with roti.While kadhi pakoda was ok gobhi was stale.No more ordering from this place.\n\nThey need to make sure they serve fresh food'), ('Rated 5.0', 'RATED\n  Good, simple and value for money food. We have ordered from here a couple of times and we were very satisfied. The delivery is very fast - food reaches to you hot. We loved the Alu 65 starter 
Chef Baker's,Yes,No,3.6/5,136,Bellandur,"Bakery, Quick Bites","Pasta, Apple Pie, Sandwich, Chocolate Cake, Burgers, Hot Chocolate, Donut","Bakery, Fast Food, Pizza, Burger, Cafe",600,Delivery,Bellandur
Melting Melodies,Yes,No,3.6/5,11,Bellandur,"Dessert Parlor, Bakery",,"Desserts, Bakery",300,Delivery,Bellandur
Deccan Kitchen,Yes,No,3.7/5,31,Marathahalli,Casual Dining,,"South Indian, North Indian",700,Delivery,Bellandur
Tapout Tavern,Yes,Yes,4.1/5,322,Sarjapur Road,"Casual Dining, Pub","Cocktails, Noodles, Chips, Shephards Pie, Lamb, Pizza, Mocktails","American, Asian, Continental, North Indian, South Indian, Chinese",1200,Delivery,Bellandur
Shanghai Bistro,Yes,No,4.1/5,248,Sarjapur Road,Casual Dining,"Noodles, Chicken Momo, Chicken Manchurian, Crabmeat Soup, Momos, Chop Suey, Chicken Manchow Soup","Chinese, Thai, Vietnamese",800,Delivery,Bellandur
Tipsy Bull - The Bar Exchange,Yes,Yes,4.4/5,2182,Bellandur,"Bar, Casual Dining","Falafel, Cocktails, Mocktails, Sea Food, Spring Roll, Mutton Pepper Fry, Pasta","North Indian, Chinese, Continental, Mexican",1400,,
 'RATED\n  The place is really trendy and happening!\nThe ambiance is really nice to come with friends and chill! Spectacular ambiance with good food and reasonably priced alcohol!\nIf you want to have a social gathering or party then this place is the best.\nI shall come here again for sure..'), ('Rated 4.0'," 'RATED\n  Good place to hangout if youÃƒÂƒ\x83ÃƒÂ‚\x83ÃƒÂƒ\x82ÃƒÂ‚\x82ÃƒÂƒ\x83ÃƒÂ‚\x82ÃƒÂƒ\x82ÃƒÂ‚\x92re working person and you have night shift to cover? ambiance was good they had good crowd on weekdays too! Loved the food and they have all varieties of alcohol! ThatÃƒÂƒ\x83ÃƒÂ‚\x83ÃƒÂƒ\x82ÃƒÂ‚\x82ÃƒÂƒ\x83ÃƒÂ‚\x82ÃƒÂƒ\x82ÃƒÂ‚\x92s the best part! Loved everything here! ItÃƒÂƒ\x83ÃƒÂ‚\x83ÃƒÂƒ\x82ÃƒÂ‚\x82ÃƒÂƒ\x83ÃƒÂ‚\x82ÃƒÂƒ\x82ÃƒÂ‚\x92s is kinda expensive side but worth giving a shot! Cheers to the team.')]""",[],Delivery,,,,,,,
Hyderabad Biryaani Home,Yes,No,3.0/5,137,South Bangalore,Takeaway,"Chicken, Hyderabadi Biryani, Mutton Biryani","North Indian, Hyderabadi, Chinese",650,,
 'RATED\n  A blot in the name of the original branch which is there at the Victoria Road. The worst of all the branches of Hyderabad Biryaani Home. Taste is good. But they only give rice. Last time when ordered there was just crap piece of chicken in chicken biryani regular and 2 pcs of mutton in a regular mutton Biryani. I thought it would be just a mistake of one off staff so today went again and told them that last time it was not good exp. This time also when i ordered mutton biryani family pack. Was surprised to see only 4 small pieces of mutton in a family pack even after telling them last exp. Totally fool they are making. A big big blot in the name of the original and main Hyderabad biryani home which is at Victoria road. Will never go again and pay rs 425 just biryani rice.'), ('Rated 3.5', 'RATED\n  Ordered through food panda, the biryani was awesome. Quantity is also as expected. Pocket friendly. This is my 5th order I guess from this hotel'), ('Rated 1.0', veg kadai, hyderabadi chicken curry, one chicken biryani. Quality of chicken biryani was pathetic and quantity was in a bowl. They do not know how to prepare biryani. They are cheating people by the name of hyderabadi biryani. When asked about the same the owner was so rude. Rotis are like papad. Service was awful. Please do not visit this place and waste money. Cheaters.'), ('Rated 1.0', 'RATED\n  TLDR;Never visit or order from here.\nMy experience with this restaurant was so horrible that I had to write my first review. We ordered one Hyderabad special chicken biryani and one egg biryani. Rice masala had no taste, ('Rated 5.0'," """"RATED\n  I am a regular at this joint in HSR and I am surprised by the negative reviews for the place. Probably one of those days when the food didnt come out well. The biryani served - chicken or mutton is definitely good and the starters are pretty decent as well.  Probably not a place for fine diners but that's evident from the pricing .  Dining here is always better than take away which is usually the case for anything ( apart from probably a pizza ). Would definitely recommend ."""")"
Pabrai's Fresh & Naturelle Icecreams,Yes,No,4.3/5,324,HSR,Dessert Parlor,"Gur Ice Cream, Nolen Gurer Ice Cream, Pizza, Nolen Gur, Paan Ice Cream, Filter Coffee Ice Cream, Chocolate Hazelnut","Ice Cream, Desserts",180,Delivery,Bellandur
Drunken Monkey,Yes,No,4.0/5,119,HSR,"Beverage Shop, Quick Bites","Sandwiches, Chicken Tikka Sandwich","Beverages, Fast Food",400,Delivery,Bellandur
Kritunga Restaurant,Yes,No,3.8/5,1972,Marathahalli,Casual Dining,"Mushroom Biryani, Bamboo Chicken, Paneer Biryani, Mutton Biryani, Chicken Pot Biryani, Dum Biryani, Ragi Mudde","Andhra, Biryani, North Indian, Chinese",650,Delivery,Bellandur
Desi Chulha,Yes,No,3.7/5,19,Sarjapur Road,Quick Bites,,North Indian,250,Delivery,Bellandur
Pop Hop,Yes,No,4.0/5,57,Bellandur,Dessert Parlor,Cheesecake,"Ice Cream, Desserts",300,Delivery,Bellandur
Kabab Mandra,Yes,No,2.9/5,243,Sarjapur Road,Quick Bites,"Chicken Grill, Butter Chicken, Shawarma, Chicken Shwarma Roll, Chicken Lollipop, Rumali Roti, Rolls","North Indian, Chinese, Rolls",300,Delivery,Bellandur
Chicken Man,Yes,No,3.7/5,48,Bellandur,Kiosk,"Burgers, Wings","Roast Chicken, Burger",400,Delivery,Bellandur
Oogway Express,Yes,No,3.7/5,19,Marathahalli,Casual Dining,,"Chinese, Thai, Momos",600,Delivery,Bellandur
Hoot,Yes,Yes,4.2/5,7193,Sarjapur Road,"Microbrewery, Pub","Sea Food, Craft Beer, Cocktails, Tempura Prawns, Dahi Ke Kebab, Tandoori Platter, Mocktails","Continental, Italian, North Indian",1400,,
 'RATED\n  Thanks Raju ;(hope thatÃƒÂƒ\x83ÃƒÂ‚\x83ÃƒÂƒ\x82ÃƒÂ‚\x82ÃƒÂƒ\x83ÃƒÂ‚\x82ÃƒÂƒ\x82ÃƒÂ‚\x92s his correct name)our server\nEnjoyed the evening\nHad couple of drinks ?\nDidnÃƒÂƒ\x83ÃƒÂ‚\x83ÃƒÂƒ\x82ÃƒÂ‚\x82ÃƒÂƒ\x83ÃƒÂ‚\x82ÃƒÂƒ\x82ÃƒÂ‚\x92t like the cocktail though ?\nRest all the snacks n service\nBy Raju was top notch ??\nWings ,ceaser salad n fries were excellent\nGarlic bread was ok\nBut service was 5* ??'), ('Rated 4.0', 'RATED\n  When this place opened up it was the biggest in Bangalore.So spacious and very well spread out place.\nFood was good,they offer a wide variety of items on their menu.\nEven the drinks menu is pretty good and even have their own brewery.\nWe tried out the Indian and chinese and they were good.\nFood-5\nDrinks-4.5\nAmbience-5\nService-4.5'), 'RATED\n  Disappointed with our first visit. Crowd was decent no doubt about it but the music and dj was hardly audible. It\'s a noisy place. Coming to food, it\'s very expensive in comparison to the other pubs n breweries. Taste of the food is very mediocre which we would get in any other normal restaurant, so definitely not worth the money they charge. Also the staff is not very helpful. I agree it\'s a crowded place,"more so on a weekend but that doesn\'t mean you don\'t offer any assistance to your guests and tell them """"Find a place for yourself","we can\'t find you one""""..If there\'s no place available inside then you should tell inform the guests right at the entrance that it\'s full house and not something like this.. I don\'t think we will visit this place again..')", for drinks, we ordered Melon cooler which is a blend of green melon
Homifoo,Yes,No,3.5/5,11,HSR,Quick Bites,,North Indian,300,Delivery,Bellandur
Rajasthan Sweets,Yes,No,,0,Sarjapur Road,Sweet Shop,,Mithai,150,Delivery,Bellandur
Ghar Ki Rasoi,Yes,No,3.7/5,50,Bellandur,Casual Dining,,North Indian,500,Delivery,Bellandur
Swaadam Biryanis,Yes,No,,0,Marathahalli,Delivery,,"Andhra, Biryani, North Indian, South Indian",300,Delivery,Bellandur
Ice N Fries Cafe,Yes,No,3.7/5,39,Sarjapur Road,Quick Bites,Burgers,"Ice Cream, Fast Food, Burger, Pizza, Sandwich, Desserts, Beverages",200,Delivery,Bellandur
Nutty Squirrel,Yes,No,3.8/5,72,Bellandur,Kiosk,"Brownie Chocolate, Ice Cream Sandwich, Brownie Sundae, Waffles","Ice Cream, Desserts",300,Delivery,Bellandur
Cooking Mom,Yes,No,2.9/5,182,Bellandur,Casual Dining,"Fish Chilli, Kadhai Paneer, Vegetable Biryani, Chicken Kebab, Veg Thali, Chicken Butter Masala, Butter Naan","North Indian, Andhra",800,Delivery,Bellandur
INDULGE by InnerChef,Yes,No,3.6/5,22,Sarjapur Road,Bakery,,"Desserts, Bakery",400,Delivery,Bellandur
Biriyani Bungalow,Yes,No,3.9/5,222,Sarjapur Road,Casual Dining,"Chicken Biryani, Vegetable Biryani, Hyderabadi Biryani, Mutton Biryani, Paneer Biryani, Chicken Guntur, Tandoori Chicken","Biryani, North Indian, Chinese",800,Delivery,Bellandur
Absolute Shawarma,Yes,No,3.8/5,116,Marathahalli,"Takeaway, Delivery",Mexican Shawarma,Lebanese,150,Delivery,Bellandur
The Irish House,Yes,No,4.2/5,793,Bellandur,"Casual Dining, Pub","Beer, Cocktails, Burgers, Mini Tacos, Sweet Corn Pizza, Fries, Sea Food","European, American",1700,Delivery,Bellandur
Gusto's Pizza,Yes,No,3.0/5,289,Bellandur,Casual Dining,"Pasta, Salads, Cheesy Garlic Bread, Mint Mojito, Chicken Salad, Veg Extravaganza Pizza, Pane Pizza","Pizza, Italian",500,Delivery,Bellandur
Artinci Artisanal Ice Cream,Yes,No,NEW,0,Bellandur,Dessert Parlor,,"Ice Cream, Desserts",300,Delivery,Bellandur
Mak n Vak - Fyn,Yes,No,3.9/5,337,HSR,Quick Bites,"Liti Chokha, Chilli Chicken, Chicken Litti, Paratha, Lassi, Pan Fried Momos, Egg Curry","North Indian, Chinese",500,Delivery,Bellandur
Ruh,Yes,Yes,4.1/5,3020,Bellandur,Casual Dining,"Fattoush Salad, Mutton Biryani, Mutton Roganjosh, Panipuri, Mocktails, Choco Bomb, Cocktails","North Indian, Mughlai, Mediterranean, Iranian",1000,Delivery,Bellandur
Lassi Shop,Yes,No,3.5/5,9,Sarjapur Road,Beverage Shop,,"Beverages, Juices, Ice Cream, Sandwich",200,Delivery,Bellandur
Bawarchi Khaana,Yes,No,3.3/5,56,Bellandur,Quick Bites,,"North Indian, Chinese",600,Delivery,Bellandur
Tumbites,Yes,No,NEW,0,Bellandur,Quick Bites,,North Indian,200,Delivery,Bellandur
Biryani Bar,Yes,No,NEW,0,Marathahalli,Delivery,,Biryani,500,Delivery,Bellandur
Wimpie Cafe & Restaurant,Yes,No,NEW,0,Bellandur,Casual Dining,,"Andhra, North Indian",500,Delivery,Bellandur
Freshkicho,No,No,NEW,0,Bellandur,Delivery,,"North Indian, South Indian, Chinese",200,Delivery,Bellandur
Mr. Cane,Yes,No,,0,Marathahalli,Food Court,,Juices,100,Delivery,Bellandur
Carlos Cake Cafe,Yes,No,3.8/5,81,Sarjapur Road,Bakery,"Pasta, Chocolate Truffle, Burgers, Blueberry Cheesecake","Bakery, Desserts",300,Delivery,Bellandur
Mighty Paws,Yes,No,4.0/5,136,Sarjapur Road,Cafe,"Waffles, Coffee, Salads, Burgers, Pasta, Paneer Burger, Sandwiches",Cafe,500,Delivery,Bellandur
Cake Dilim,Yes,No,3.6/5,27,Sarjapur Road,Bakery,,Bakery,400,Delivery,Bellandur
Raja Bhojaun,Yes,No,3.4/5,20,Marathahalli,"Takeaway, Delivery",,"Chinese, North Indian, South Indian",250,Delivery,Bellandur
Mirchi Bites- Spice Heaven,Yes,No,3.1/5,9,Marathahalli,Casual Dining,,"Hyderabadi, Biryani",650,Delivery,Bellandur
Hotel Sapthagiri,Yes,No,3.6/5,13,Marathahalli,Casual Dining,,"Andhra, North Indian, Chinese",700,Delivery,Bellandur
Baker's Cafe,Yes,No,3.5/5,8,Marathahalli,Bakery,,"Bakery, Desserts",200,Delivery,Bellandur
Oz Pies,Yes,No,3.8/5,37,Bellandur,Delivery,,"Australian, Continental",400,Delivery,Bellandur
Tandoori Club,Yes,No,NEW,0,HSR,Casual Dining,,"North Indian, Chinese, Continental",750,Delivery,Bellandur
Brimstone Cafe,Yes,Yes,4.0/5,387,HSR,"Cafe, Casual Dining","Pasta, Pizza, Sandwiches, Chilli Cheese Garlic Bread, Hazelnut Latte, Tea, Cappuccino","Cafe, Continental, Salad, Italian",1300,Delivery,Bellandur
Jhanavi Restaurant,Yes,No,,0,Sarjapur Road,Casual Dining,,"South Indian, North Indian",400,Delivery,Bellandur
Xtreme Sports Bar,Yes,Yes,4.0/5,942,Sarjapur Road,Pub,"Lunch Buffet, Boti Kebab, Beer, Potato Wedges, Gulab Jamun, Pizza, Club Sandwich","Continental, Chinese, North Indian",1300,Delivery,Bellandur
Jashn,Yes,No,3.7/5,132,Marathahalli,Casual Dining,"Chicken Curry, Lunch Buffet, Chicken Biryani, Paratha, Lassi, Gajar Halwa, Chicken Grill",North Indian,750,Delivery,Bellandur
T.A.K - That Affordable Kitchen,Yes,No,3.2/5,4,HSR,"Takeaway, Delivery",,"Continental, North Indian",400,Delivery,Bellandur
Up Shawarma,Yes,No,3.4/5,13,Bellandur,Quick Bites,,Arabian,150,Delivery,Bellandur
Happy Eat,Yes,No,,0,Sarjapur Road,Quick Bites,,"Biryani, Chinese, North Indian",300,Delivery,Bellandur
Bombay Kulfi,Yes,No,,0,Sarjapur Road,Dessert Parlor,,Ice Cream,200,Delivery,Bellandur
Health Zingo,No,No,3.8/5,368,Bellandur,Casual Dining,"Sattu Paratha, Pasta, Idli, Salads, Thali, Khichda, Masala Dosa","North Indian, Salad, Healthy Food",600,Delivery,Bellandur
Corner Huts,Yes,No,3.8/5,30,Bellandur,Quick Bites,,"North Indian, Chinese, Biryani, South Indian",300,Delivery,Bellandur
Half & Half Food Box,Yes,No,3.1/5,13,Bellandur,Quick Bites,,"North Indian, Chinese, Biryani",500,Delivery,Bellandur
North Tadka Restaurant,Yes,No,,0,HSR,Quick Bites,,"North Indian, Chinese",500,Delivery,Bellandur
Food Treat,Yes,No,3.3/5,12,Bellandur,Quick Bites,,"North Indian, South Indian",300,Delivery,Bellandur
Five Senses,Yes,No,NEW,0,Bellandur,"Takeaway, Delivery",,"Continental, North Indian, Fast Food",500,Delivery,Bellandur
Canopus Multicuisine Restaurant,Yes,No,NEW,0,Marathahalli,Casual Dining,,"North Indian, Seafood, Biryani, Chinese",800,Delivery,Bellandur
Hotel Tanish,Yes,No,3.6/5,13,HSR,Quick Bites,,South Indian,250,Delivery,Bellandur
Royale Dine,Yes,No,3.5/5,16,Sarjapur Road,Casual Dining,,"North Indian, South Indian, Biryani",600,Delivery,Bellandur
Baskin Robbins,Yes,No,3.7/5,48,Bellandur,Dessert Parlor,,"Ice Cream, Desserts",250,Delivery,Bellandur
Atithi Family Bar & Restaurant,Yes,No,3.6/5,31,Bellandur,"Casual Dining, Bar",,"North Indian, South Indian, Andhra",500,Delivery,Bellandur
Meat And Eat,Yes,No,2.8/5,39,Sarjapur Road,Quick Bites,,"Fast Food, Burger",500,Delivery,Bellandur
Eatwell Restaurant,Yes,No,3.0/5,8,Sarjapur Road,Quick Bites,,"Biryani, Chinese, North Indian",400,Delivery,Bellandur
Angiie's Cafe,Yes,No,3.7/5,29,Sarjapur Road,Quick Bites,,"Burger, Fast Food",450,Delivery,Bellandur
Apsara Ice Cream,No,No,4.1/5,83,Bellandur,Dessert Parlor,"Blueberry Cheesecake, Panipuri, Sitaphal Ice Cream","Ice Cream, Desserts",200,Delivery,Bellandur
Zing Roll,Yes,No,,0,HSR,Quick Bites,,"Rolls, Sandwich",300,Delivery,Bellandur
Muscat Restaurant,Yes,No,3.0/5,47,Marathahalli,Quick Bites,,"North Indian, Chinese",400,Delivery,Bellandur
Rajtilak Sweets,Yes,No,2.8/5,20,Sarjapur Road,"Quick Bites, Sweet Shop",,"Street Food, Fast Food, Mithai",250,Delivery,Bellandur
The Chocolate Heaven - Cakes,Yes,No,,0,Bellandur,"Dessert Parlor, Bakery",,"Desserts, Bakery, Beverages",600,Delivery,Bellandur
Cake Delights,Yes,No,3.6/5,24,Sarjapur Road,Bakery,,"Bakery, Desserts",500,Delivery,Bellandur
Lassi Shack,Yes,No,3.7/5,35,Sarjapur Road,"Beverage Shop, Dessert Parlor",,"Beverages, Ice Cream",200,Delivery,Bellandur
Kaka Singh,Yes,No,2.6/5,42,Bellandur,Casual Dining,,North Indian,400,Delivery,Bellandur
Smoke - The Sizzler House,Yes,No,3.3/5,4,Bellandur,Casual Dining,,"Continental, Chinese, Thai, BBQ, Steak",900,Delivery,Bellandur
As On Fire,Yes,No,3.8/5,174,HSR,Quick Bites,"Chicken Drumsticks, Wood Fire Pizza, Thin Crust Pizza, Barbeque Chicken, Lime Soda, Veggie Pizza, Bbq Chicken","Pizza, Fast Food, BBQ",400,Delivery,Bellandur
Soul Treat,Yes,No,4.3/5,269,Sarjapur Road,Bakery,"Fruit Cake, Blueberry Cake, Brownie, Chocolate Walnut Cake, Carrot Cake, Chocolate Blueberry, Meetha Paan","Bakery, Desserts, Healthy Food",750,Delivery,Bellandur
My Tea House,Yes,Yes,NEW,0,Banashankari,Casual Dining,,"Continental, Asian, North Indian, Tea",500,Delivery,Bellandur
Kadala Teera,Yes,No,3.8/5,46,Sarjapur Road,Casual Dining,"Sea Food, Chicken Kebab, Crab Sukha, Veg Fried Rice","Seafood, South Indian",600,Delivery,Bellandur
Biryani Hut,Yes,No,3.5/5,9,Sarjapur Road,Quick Bites,,"North Indian, Biryani",300,Delivery,Bellandur
Sri Vishnu Garden Family Bar & Restaurant,Yes,No,,0,Sarjapur Road,"Bar, Casual Dining",,"North Indian, South Indian, Chinese, Hyderabadi",700,Delivery,Bellandur
CakeZone,No,No,3.7/5,20,Bellandur,Bakery,,"Bakery, Desserts",500,Delivery,Bellandur
Red Stone Kitchen,Yes,No,3.8/5,91,Marathahalli,Casual Dining,Friendly Staff,"North Indian, Chinese, Seafood",750,Delivery,Bellandur
Second Wife Cafe,Yes,No,3.8/5,60,HSR,Quick Bites,"Paneer Tikka, Tandoori Momos, Soya Chaap, Afghani Chaap","Arabian, North Indian",400,Delivery,Bellandur
Khan Saheb Grills And Rolls,Yes,No,3.2/5,135,Sarjapur Road,Quick Bites,"Rolls, Beda Roti, Chicken Baida Roti, Chicken Tikka Roll, Aloo Tikka Roll, Mushroom Roll","Biryani, Fast Food, Rolls",400,Delivery,Bellandur
Paratha's Kitchen,Yes,No,2.8/5,32,Bellandur,,"Paratha, Chole","North Indian, South Indian",200,Delivery,Bellandur
Asia In A Box,Yes,No,3.1/5,9,Bellandur,Casual Dining,,"Thai, Asian",550,Delivery,Bellandur
Ram Bhog,Yes,No,3.8/5,24,Marathahalli,Quick Bites,,"Chinese, North Indian",200,Delivery,Bellandur
Silsila Restaurant,Yes,No,3.7/5,31,Sarjapur Road,Casual Dining,,"Chinese, North Indian",600,Delivery,Bellandur
Keerthi Restaurant,Yes,No,3.3/5,11,Sarjapur Road,Quick Bites,,"North Indian, Chinese",300,Delivery,Bellandur
Cafe Mondo,Yes,No,3.6/5,484,HSR,"Cafe, Casual Dining","Coffee, Pasta, Sandwiches, Pizza, Nachos, Blueberry Cheesecake, Burgers","Cafe, Italian, Pizza, Chinese",700,Delivery,Bellandur
Zoey's,Yes,No,4.3/5,894,Sarjapur Road,Cafe,"Waffles, Sandwiches, Burgers, Pasta Primavera, Veg Burger, Omelette, Chicken Sausages","Cafe, Italian, Continental, Burger",600,Delivery,Bellandur
Flying Cakes,Yes,No,3.1/5,15,Sarjapur Road,Bakery,,"Bakery, Desserts",500,Delivery,Bellandur
Sri Ganesh Juice Junction,Yes,No,,0,Bellandur,Quick Bites,,"Fast Food, Juices",200,Delivery,Bellandur
The Vape,Yes,No,4.0/5,600,HSR,Casual Dining,"Pasta Primavera, Mocktails, Cheese Corn Balls, Noodles, Pad Thai, Sushi, Pasta Alfredo","Asian, Beverages",800,,
 but my nonvegetarian friends ordered thai for first time and they loved it alot. The options are yummy and quite cost friends. So I ordered Mediterranean sizzler and spring roll. The bill was 1000 RS for 5 people.\n\nAlthough a rating less because we were kicked out for playing games loudly :/'), ('Rated 5.0'," """"RATED\n  The restaurant has decent sitting capacity and the view is just wow. The music is good. They offer a wide variety of Asian food ranging from starters and noodles and rice along with some drinks and shakes. The staff is courteous. The service is quick and excellent", it didn't even falter for a min in spite of such heavy rush. Ordered a number of dishes. The drinks were soooo refreshing and delicious. The corn crushed chicken timder were absolutely scrumptious. The spicy roast chilli lamb was beautifully prepared and tasted great. For mains, had three black pepper chicken with noodles. It comes in a hot sizzling bowl where the contents are mixed by the staff. It was mouth watering with perfect flavour. And to finish our dinner," it was amazing. A must visit place for all the lovers of Asian food and for others too."""")", ('Rated 3.0'," """"RATED\n  It is on top floor. Nice breeze at night. It has Zomato gold on food and that's how I went there. It serves hukka. Food is nice. Place is small and has limited menu."""")", ('Rated 4.0', 'RATED\n  Great location but I wish they had all the things that are mentioned on the menu. The steaks are really good, 'RATED\n  ÃƒÂƒ\x83ÃƒÂ‚\x83ÃƒÂƒ\x82ÃƒÂ‚\x82ÃƒÂƒ\x83ÃƒÂ‚\x82ÃƒÂƒ\x82ÃƒÂ‚\x91The VapeÃƒÂƒ\x83ÃƒÂ‚\x83ÃƒÂƒ\x82ÃƒÂ‚\x82ÃƒÂƒ\x83ÃƒÂ‚\x82ÃƒÂƒ\x82ÃƒÂ‚\x92 is a beautiful breezy rooftop cafe in HSR layout. The place looks lovely with wooden patio furniture, a small vertical garden and some beautiful planters. We were out for some chores over the weekend and went here for a late lunch. Both of us were famished and ended up ordering a lot of food ? Our order comprised of veg noodles
Indy Palate,Yes,No,3.6/5,14,Bellandur,Quick Bites,,"Continental, Biryani, Italian, North Indian, Chinese",250,Delivery,Bellandur
Food Theory,No,No,3.0/5,88,Bellandur,,"Pasta, Tandoori Roti, Brownie","Biryani, North Indian, Italian, Chinese, Sandwich, Desserts",500,Delivery,Bellandur
Sri Vasavi Restaurant,Yes,No,3.6/5,30,Bellandur,Quick Bites,,"Chinese, Biryani",250,Delivery,Bellandur
Flavors of India,Yes,Yes,3.7/5,37,Bellandur,Casual Dining,"Salads, Fish","Chinese, North Indian, Salad, Fast Food",1500,Delivery,Bellandur
Nukkad,Yes,No,3.0/5,106,Bellandur,Casual Dining,"Biryani, Pepper Chicken, Ghee Rice, Dal Fry","North Indian, Chinese",500,Delivery,Bellandur
Pita Pit,Yes,No,3.3/5,7,Bellandur,Quick Bites,,"Healthy Food, Salad",600,Delivery,Bellandur
Milkyway Ice Creams,Yes,No,3.7/5,25,Bellandur,Food Court,,Ice Cream,300,Delivery,Bellandur
Gooey & Fluffy,No,No,NEW,0,Bellandur,Delivery,,"Desserts, Bakery",200,Delivery,Bellandur
Kerala Tiffin,No,No,NEW,0,Bellandur,"Takeaway, Delivery",,South Indian,400,Delivery,Bellandur
Reddy's Restaurant,Yes,No,3.4/5,6,Bellandur,Quick Bites,,"Andhra, Biryani, South Indian, Chinese",500,Delivery,Bellandur
Take EAT Easy,Yes,No,3.6/5,20,Sarjapur Road,"Takeaway, Delivery",,North Indian,200,Delivery,Bellandur
Rasoiya,Yes,No,3.5/5,43,Sarjapur Road,Delivery,,"North Indian, Chinese, Momos",450,Delivery,Bellandur
Burrito Boys,No,No,2.7/5,39,Bellandur,Food Court,Rice Bowl,"Mexican, Tex-Mex",330,Delivery,Bellandur
Dhaba Shaba,Yes,No,3.2/5,61,Sarjapur Road,Quick Bites,"Paratha, Rajma Chawal","North Indian, Fast Food",250,Delivery,Bellandur
Just Bake,Yes,No,2.9/5,65,Sarjapur Road,Bakery,,"Bakery, Desserts",400,,
 ('Rated 3.0', 'RATED\n  JUST BAKE is just one of the bakery options you have a sarjapur road with nothing fancy or great about its products.\nThe feedback has been mixed from my friends who stay in the vicinity.\nSo you must take care about buying from here only after ensuring that the product you want is fresh.\nI still have a lack of trust for this place as consistency is an issue here.\nThey have however wide variety of Birthday and Theme cakes to choose from.\nMy Rating\nCakes / Bakery Products 3/5\nService 3/5\nOverall 3/5\n\nI am looking for better options on Sarjapur Road near Total Mall.\nAny suggestions guys ?\n\nthefoodietales.com'), ('Rated 2.0'," """"RATED\n  Wrong promises. very bad. don't even provide candles with cake"""")", ('Rated 2.5', ('Rated 2.0', 'RATED\n  I had been a frequent visitor to Just Bake. The pastries and other savories are really good and are a yum to your taste buds.\n\nTheir concept of Ice Cream and choosing your own variety of toppings was very interesting and was an attraction. The quality was good initially and I loved to visit the place experimenting with their varieties. Somehow these days I have seen a drastic decrease in their service and quality.\n\nThe choco and white choco sauce are usually gluey as they are not heated up. I tend to find some ants these days around the toppings. Have stopped going there since then.'), ('Rated 1.0', 'RATED\n  The cake collection is okay. However the place is maintained poorly in an unhygienic manner. They never switch on their AC and keep the main door open. The dust from the Sarjapur Road are inside the store, which they hardly care to keep it clean. There are open toppings counters which requires AC and proper maintenance. Someone needs to make sure that this place maintain properly.'), ('Rated 2.0'," """"RATED\n  Wrong promises. very bad. don't even provide candles with cake"""")"
Sri Murali Krishna,Yes,No,NEW,0,Bellandur,Casual Dining,,"North Indian, Chinese, Biryani",600,Delivery,Bellandur
Ghar Ka Chulha,Yes,No,3.1/5,117,Sarjapur Road,Casual Dining,"Paratha, Panneer Butter Masala, Roti, Khichda","North Indian, Chinese",550,Delivery,Bellandur
Cafe Daily Bread,No,No,3.7/5,128,Bellandur,"Bakery, Quick Bites","Pasta, Sandwich, Sandwiches, Caesar Salad, Salads, Fries, Egg Wrap","Bakery, Fast Food, Italian",600,Delivery,Bellandur
Biriyani's & Curries,No,No,,0,Bellandur,Quick Bites,,"Andhra, Biryani",400,Delivery,Bellandur
Lassi Corner,No,No,3.2/5,9,Bellandur,Beverage Shop,,"Beverages, Desserts",300,Delivery,Bellandur
Dessi Cuppa,Yes,No,3.7/5,35,HSR,"Quick Bites, Beverage Shop",,"Beverages, Fast Food",300,Delivery,Bellandur
The Zaika Of Banaras,Yes,No,3.4/5,26,Marathahalli,Quick Bites,,"North Indian, Street Food",350,Delivery,Bellandur
Mishmash,Yes,No,3.9/5,1240,HSR,"Casual Dining, Bar","Cocktails, Tandoori Chicken, Paneer Tikka, Stuffed Mushroom, Pasta Alfredo, Mocktails, Salads","Mediterranean, Continental, North Indian, Mughlai, Salad",1400,Delivery,Bellandur
Happy Eats,Yes,No,NEW,0,Sarjapur Road,Delivery,,"North Indian, Continental",300,Delivery,Bellandur
Eating Love,Yes,No,4.3/5,149,Sarjapur Road,Cafe,"Pizza, White Sauce Pasta","Cafe, Italian, Pizza",800,Delivery,Bellandur
Shri Sai Ram Andhra Hotel,No,No,NEW,0,Bellandur,Quick Bites,,"South Indian, North Indian",300,Delivery,Bellandur
T Square,Yes,No,3.2/5,4,Sarjapur Road,Quick Bites,,"Fast Food, Street Food",150,Delivery,Bellandur
Club Food,Yes,No,,0,Sarjapur Road,Quick Bites,,"North Indian, Chinese",250,Delivery,Bellandur
Sri Sai Mango Tree Restaurant,No,No,3.6/5,336,Bellandur,Casual Dining,"Chicken Biryani, Kastoori Chicken, Rice, Mushroom Biryani, Mutton Biryani, Paneer Biryani, Tandoori Chicken","North Indian, Biryani, Chinese",600,,
 'RATED\n  If you are looking for tasty non veg food this is the place in budget. Ambience is not great but service is good and food tastes good. Try the maharaja kabab and andhra kodi vepadu for starters. Kalmi kabab and tandoori chicken also tastes good. Special chicken biryani also tastes good.'), ('Rated 3.0'," """"RATED\n  Have tried this place many a times as this is near my office and we tend to order food from here but never really liked much.\nBut recently Heard a lot of this place because of their maharaja chicken which is basically minced chicken inside tandoori chicken. So it's a nice mix up.\nTasty definitely seven with green chutney and onions lemon. It was good not great"," but something u can try if u r here.\nThe place also serves you decent chicken biryani which has humongous quantity for1 serving for sure.\nOverall a decent one.."""")", ('Rated 4.5', had a great time here with my friends.\nWonderful and friendly staff.\n Food quality is good and fast service'), ('Rated 4.0', 'RATED\n  Food was quite good  and fast service.\nKaju paneer and starters like shimla chicken is superb.\nfood 4/5\nservice 4.5/5\ndelivery 4/5'), ('Rated 4.5', 'RATED\n  Had visited this place many times which is near to my office and food was quite good.\nKaju paneer and Kebab biryani is superb , 'RATED\n  If you are looking for tasty non veg food this is the place in budget. Ambience is not great but service is good and food tastes good. Try the maharaja kabab and andhra kodi vepadu for starters. Kalmi kabab and tandoori chicken also tastes good. Special chicken biryani also tastes good.'), ('Rated 3.0'
Night Diaries,Yes,No,3.1/5,16,Whitefield,Quick Bites,,North Indian,300,Delivery,Bellandur
Carnival Cakes & Breads,No,No,3.7/5,23,Bellandur,"Dessert Parlor, Quick Bites",,"Bakery, Fast Food, Fast Food",200,Delivery,Bellandur
Get Ur Fix,Yes,No,,0,Marathahalli,Food Court,,"Fast Food, Beverages",300,Delivery,Bellandur
Sai Ram Andhra Mess,No,No,3.2/5,6,Bellandur,Mess,,"South Indian, North Indian",300,Delivery,Bellandur
Juice n Cafe,Yes,No,,0,Sarjapur Road,"Quick Bites, Beverage Shop",,"Burger, Sandwich, Beverages, Juices",150,Delivery,Bellandur
Delight Foods,No,No,,0,Bellandur,"Takeaway, Delivery",,"Andhra, Beverages, Biryani, Chinese, Fast Food, Hyderabadi, North Indian, South Indian",750,Delivery,Bellandur
Samosa Corner,No,No,3.7/5,32,Bellandur,Quick Bites,,Street Food,100,Delivery,Bellandur
Bhagini,No,No,2.3/5,131,Bellandur,Casual Dining,"Masala Peanuts, Chicken Biryani, Roti","Andhra, South Indian, Chinese, North Indian",800,,
 ('Rated 1.5'," """"RATED\n  The place is very shady with no proper lighting. Air conditioning doesn't work. It almost looks like a restaurant that is about to be shut down. Food was just edible."""")", ('Rated 3.0'," """"RATED\n  Just can't rate it below 3...\n\nI love this place ...the peanut chart with the Masala paper and ...obviously the chilled beer!!\n\nRemembering the times after office when you could just chill and come here\n\n\n:)"""")", ('Rated 1.0', it was like tomato puree! #pissed'), ('Rated 1.0', 'RATED\n  Never ever ever order chinese here. They serve SHIT. For rest of the items I bet they do the same. And funny, the price : they shoud better sell their rest for this noodles price.'), ('Rated 1.0', ('Rated 1.5'," """"RATED\n  The place is very shady with no proper lighting. Air conditioning doesn't work. It almost looks like a restaurant that is about to be shut down. Food was just edible."""")"
Kettle & Kegs,Yes,No,3.3/5,9,Sarjapur Road,Delivery,,"Tea, Beverages",200,Delivery,Bellandur
Unico,Yes,No,3.7/5,66,Bellandur,Casual Dining,"Orange Juice, Garlic Naan","North Indian, Biryani, Chinese",550,Delivery,Bellandur
New Andhra Spicy,Yes,No,3.6/5,11,Bellandur,,,"North Indian, Chinese, Andhra, South Indian, Biryani",200,Delivery,Bellandur
Eat N Drinks,Yes,No,3.4/5,7,Bellandur,Quick Bites,,"Kerala, Beverages",150,Delivery,Bellandur
Dosa Time,Yes,No,3.8/5,106,Sarjapur Road,Takeaway,"Pizza Dosa, Pav Bhaji Dosa",South Indian,200,Delivery,Bellandur
Ammi's Biryani,No,No,2.8/5,43,Bellandur,Quick Bites,"Chicken Biryani, Mutton Biryani","Biryani, North Indian",500,Delivery,Bellandur
Chef's Gallery,No,No,3.5/5,95,Bellandur,Casual Dining,"Pasta, Lunch Buffet, Pizza, Noodles, Draught Beer","Chinese, Italian, North Indian",700,Delivery,Bellandur
Annalakshmi,No,No,3.5/5,28,Bellandur,Casual Dining,,"Andhra, Chettinad",700,Delivery,Bellandur
Light House Cafe,Yes,No,3.7/5,94,Marathahalli,Cafe,Chicken Sandwich,"Cafe, Beverages, Continental, North Indian, Chinese",700,Delivery,Bellandur
Hotel Shreekshetra,Yes,No,3.6/5,10,Sarjapur Road,Quick Bites,,"North Indian, Chinese",300,Delivery,Bellandur
Payohima Ice Creams,Yes,No,3.9/5,20,Sarjapur Road,Dessert Parlor,,Desserts,300,Delivery,Bellandur
Tea Totallers,Yes,No,2.9/5,19,Bellandur,Cafe,,"Cafe, Continental, Tea",500,Delivery,Bellandur
Mirapakaya,Yes,No,,0,Bellandur,Quick Bites,,"South Indian, Fast Food",300,Delivery,Bellandur
ReadyBowl,Yes,No,3.6/5,76,Bellandur,"Takeaway, Delivery","Chicken Biryani, Rice, Punjabi Chicken, Vegetable Biryani","Andhra, South Indian, North Indian, Biryani",300,,
" """"RATED\n  Ordered chicken boneless biryani from here. The food arrived after two hours", they only delivered two biryanis, food was cold, chicken was tasteless," and the rice was different in two biryanis. I don't recommend this place."""")", 'RATED\n  We ordered 3kgs of Special chicken biriyani & 2 kgs Chicken 65 for a group of 25 people, and i must say we were equally impressed with the service, quality & quantity of the food.\nDuring our test order, we found the biriyani very spicy, but tasty, 'RATED\n  I ordered lunch today from here. The dishes are as follows.\n1.ginger fish dish :quite nice but a bit too oily. ?\n2.chicken curry :extremely oily ,taste was kind of missing due to it. ??\n3.rice:good quality sona masoori .?\n4.rotis :was good but I suspect it had maida in the rotis.\nI had great expectations but I am kind of sad about the food quality.\nBut they delivered on promised time.')
The Paratha Stories,Yes,No,3.3/5,35,Koramangala 1st Block,Delivery,,North Indian,400,Delivery,Bellandur
Devanshi Foods,Yes,No,,0,Marathahalli,Quick Bites,,"Andhra, Biryani, North Indian, South Indian",400,Delivery,Bellandur
Al Zaiqa Hotel,Yes,No,3.5/5,14,Marathahalli,Quick Bites,,"Chinese, South Indian, Fast Food",200,Delivery,Bellandur
Tandurust,No,No,3.6/5,27,Bellandur,"Takeaway, Delivery",,"North Indian, South Indian",300,Delivery,Bellandur
Kawaii,Yes,No,3.8/5,138,HSR,Dessert Parlor,"Mochi Ice Cream, Milk Tea","Desserts, Ice Cream",500,Delivery,Bellandur
B.M.W - Bhookh Mitaane Wala,Yes,No,3.7/5,500,Koramangala 1st Block,Delivery,"Butter Chicken, Pasta, Gulab Jamun, Rolls, Fruit Custard, Masala Maggi, Gajar Ka Halwa","North Indian, South Indian, Chinese",500,,
" """"RATED\n  first of all very bad delivery experience it's very late and food was very very cold very bad experience"""")", ('Rated 5.0', 'RATED\n  Good awasome taste'), ('Rated 1.0'," """"RATED\n  Zomato is always a good service and helpful. (besides occasionally getting lost occasionally) but the food we purchased was terrible. I love food and can usually eat anything. but the amount of food wouldn't feed a child. They definitely take advantage of the person ordering online. the noodles were hard and chicken was constant fat or dry. no balance piece to even pretend it was good. also requested them to put extra salt and soy sauce which they did not. just broken fork and spoon with baby-sized food. Zomato I recommend you don't use these restaurants to increase the quality care of your customers. thanks :}"""")"," """"RATED\n  you didn't deliver the order on time and it's not hot.."""")", ('Rated 4.0', 'RATED\n  price is more , but paneer was good'), ('Rated 2.0', 'RATED\n  curd rice has not gud because of its too sweety.but i ve ordering a curd rice it was getting a sweet curd rice.'), ('Rated 4.0'
Hyderabad Biryaani Palace,No,No,3.3/5,12,Bellandur,Casual Dining,,"Chinese, South Indian, North Indian, Biryani",700,Delivery,Bellandur
Pasta Twist,No,No,,0,Bellandur,Quick Bites,,"Italian, Fast Food",400,Delivery,Bellandur
Nawab's Kitchen,No,No,,0,Bellandur,Quick Bites,,"Biryani, Chinese",400,Delivery,Bellandur
The Ganache Factory,No,No,,0,Bellandur,"Dessert Parlor, Bakery",,"Desserts, Bakery",400,Delivery,Bellandur
Lucknow Central,Yes,No,3.0/5,21,Marathahalli,Quick Bites,,North Indian,350,Delivery,Bellandur
Lovely Knights,Yes,No,3.5/5,356,Bellandur,Delivery,"Dragon Chicken, Noodles","North Indian, Chinese",500,Delivery,Bellandur
All In One Desi Khana,No,No,,0,Bellandur,Quick Bites,,"North Indian, Chinese, Biryani",500,Delivery,Bellandur
California Burrito,No,No,3.7/5,23,Bellandur,"Food Court, Quick Bites",,"Mexican, Fast Food",400,Delivery,Bellandur
Archana's First Crush,Yes,No,3.7/5,31,Sarjapur Road,Bakery,,"Bakery, Desserts",400,Delivery,Bellandur
Punjabi,No,No,,0,Bellandur,Quick Bites,,"North Indian, Chinese",500,Delivery,Bellandur
Me And My Cake,No,No,,0,Bellandur,"Takeaway, Delivery",,"Bakery, Desserts",500,Delivery,Bellandur
Taste of Chettinad,No,No,,0,Bellandur,Delivery,,"Chettinad, South Indian",400,Delivery,Bellandur
Noodle Oodle,No,No,,0,Bellandur,"Takeaway, Delivery",,Chinese,400,Delivery,Bellandur
Elaz Rannaghor,No,No,,0,Bellandur,"Takeaway, Delivery",,"Bengali, North Indian",350,Delivery,Bellandur
Telugu Velugu,No,No,3.0/5,6,Bellandur,Food Court,,"South Indian, Biryani",300,Delivery,Bellandur
Gowdaaa Mane Oota,No,No,3.4/5,7,Bellandur,Quick Bites,,South Indian,200,Delivery,Bellandur
Mast Kalandar,No,No,2.1/5,337,Bellandur,Casual Dining,"Khichda, Gaon Ki Thali, Buttermilk, Dal Makhani, Paratha, Shikanji, Paneer Bhurji",North Indian,450,Delivery,Bellandur
Lazeez,No,No,2.7/5,52,Bellandur,"Takeaway, Delivery",,"North Indian, Mughlai, Biryani",600,Delivery,Bellandur
RICE BAR,No,No,,0,Bellandur,Delivery,,"North Indian, Biryani",500,Delivery,Bellandur
Ghar Ka Aahar,No,No,,0,Bellandur,Delivery,,North Indian,400,Delivery,Bellandur
Burger & Kulfi Plaza,No,No,,0,Bellandur,"Food Court, Quick Bites",,Fast Food,300,Delivery,Bellandur
Pitta Biryani,No,No,,0,Bellandur,Delivery,,Biryani,400,Delivery,Bellandur
Eat Repeat Express,No,No,,0,Bellandur,Delivery,,"North Indian, Chinese, Continental",600,Delivery,Bellandur
Teekhi Mirrchi,No,No,,0,Bellandur,"Takeaway, Delivery",,"Chinese, North Indian",700,Delivery,Bellandur
The French Loaf,No,No,,0,Bellandur,"Bakery, Quick Bites",,"Bakery, Desserts",400,Delivery,Bellandur
Hotel Thansika,No,No,,0,Bellandur,Quick Bites,,"South Indian, Biryani",200,Delivery,Bellandur
Biryani Factory,No,No,,0,Bellandur,Delivery,,Biryani,400,Delivery,Bellandur
VM Amul Ice Cream,No,No,,0,Bellandur,Dessert Parlor,,Ice Cream,100,Delivery,Bellandur
Shiv Shakti Hotel,No,No,,0,Bellandur,Quick Bites,,North Indian,200,Delivery,Bellandur
Basaveshwara Khanavali,No,No,,0,Bellandur,Quick Bites,,North Indian,200,Delivery,Bellandur
Bonfooder,Yes,No,3.9/5,36,Sarjapur Road,Delivery,"Dahi Bhalle, Thali",North Indian,400,Delivery,Bellandur
Cafe At The Atelier,Yes,No,4.2/5,500,Sarjapur Road,Cafe,"Coffee, Pasta, Burgers, Chocolate Milkshake, Spaghetti, Sandwich, Pancakes","Cafe, Continental, Italian, Salad",800,Delivery,Bellandur
Hotel Aahaa,No,No,3.7/5,25,Bellandur,Quick Bites,,South Indian,200,Delivery,Bellandur
Best Biryani,No,No,,0,Bellandur,Quick Bites,,"North Indian, Biryani, Desserts",300,Delivery,Bellandur
Indori Zaika,No,No,3.2/5,7,Bellandur,"Takeaway, Delivery",,North Indian,300,Delivery,Bellandur
Crack That,No,No,3.3/5,6,Bellandur,"Food Court, Quick Bites",,Continental,500,Delivery,Bellandur
Yummy Punjabi Delight,No,No,3.2/5,6,Bellandur,Quick Bites,,North Indian,500,Delivery,Bellandur
Ande Ka Funda,No,No,3.0/5,21,Bellandur,Quick Bites,,Fast Food,150,Delivery,Bellandur
Nandana Mess,No,No,3.4/5,7,Bellandur,Mess,,"South Indian, Chinese",350,Delivery,Bellandur
Pots N Pans,No,No,3.3/5,5,Bellandur,Delivery,,"North Indian, Chinese, Biryani",600,Delivery,Bellandur
Litti Chokha Junction,No,No,,0,Bellandur,Quick Bites,,"Bihari, Chinese",250,Delivery,Bellandur
Northern Tadka,No,No,,0,Bellandur,"Takeaway, Delivery",,North Indian,400,Delivery,Bellandur
Wangchuk Trail,No,No,,0,Bellandur,"Takeaway, Delivery",,Chinese,200,Delivery,Bellandur
Neetu's Kitchen,No,No,3.8/5,21,Bellandur,"Takeaway, Delivery",,"Bengali, North Indian",350,Delivery,Bellandur
Chatorr,No,No,2.9/5,78,Bellandur,Quick Bites,,"Fast Food, Street Food",400,Delivery,Bellandur
New Desi Paratha Point,No,No,,0,Bellandur,Quick Bites,,"North Indian, Chinese",400,Delivery,Bellandur
Paani Puri Adda,No,No,,0,Bellandur,Delivery,,North Indian,300,Delivery,Bellandur
Flamin Grill,No,No,3.5/5,10,Bellandur,Casual Dining,,"Lebanese, Turkish, BBQ, Burger",600,Delivery,Bellandur
Sultan's Biryani,No,No,3.1/5,5,Bellandur,Delivery,,"Biryani, North Indian",700,Delivery,Bellandur
Eatsomnia,Yes,No,3.5/5,435,Koramangala 1st Block,Delivery,"Naan, Chicken Biryani, Butter Chicken, Pasta, Noodles, Rajma Chawal, Maggi","North Indian, South Indian, Chinese, Continental",500,Delivery,Bellandur
#FeelTheROLL,No,No,3.4/5,7,Bellandur,Quick Bites,,Fast Food,200,Delivery,Bellandur
38 Sugar Lane,No,No,,0,Bellandur,"Takeaway, Delivery",,"Bakery, Desserts",850,Delivery,Bellandur
Mast Biryani - Fresh Indian Kitchen,No,No,3.2/5,4,Bellandur,"Takeaway, Delivery",,"Biryani, North Indian, Mughlai, Fast Food",500,Delivery,Bellandur
BTM Bawarchi Biryani,No,No,,0,Bellandur,Casual Dining,,"Biryani, North Indian, Chinese",600,Delivery,Bellandur
Hotel Masthi Kabab,No,No,3.1/5,9,Bellandur,Quick Bites,,"North Indian, Chinese",300,Delivery,Bellandur
Palki's,No,No,3.0/5,155,Bellandur,Casual Dining,"Outdoor Sitting Arrangement, Vegetable Biryani, Dal Makhani, Veg Thali","North Indian, Biryani",800,,
 DID NOT EXPECT IT WOULD BE TOO GOOD. HATS OFF TO THE MANAGER & TEAM. THOUGH SMALL RESTAURANT BUT DYNAMIC ONE LIKE OTHERS BIG BRANDS.\n\nAMBIENCE IS OKAY, BUT THE FOOD - CHICKEN BHARTA & RAILWAY MUTTON CURRY WAS OUT OF THE WAY.\nSERVICE WAS TOO GOOD, LIKE THE BUTLER SERVICE. PRADEEP KEEP UP THE GOOD WORK.\n\nWILL VISIT SOON. CHEERS!!!'), ('Rated 1.0', 'RATED\n  Pathetic place to order food from. Have had 2 very very bad experiences, please order from other place if you want to get your food delivered in time and hot. There are many good places around!!'), ('Rated 3.0'," """"RATED\n  Pros : very tasty north indian food. We have tried malai kofta", tandoori chicken," soups and most of the items were good. Food price Palki deserve a rating of 4.\n\nPrice: seeing the ambience and location the price is on the higher side and matches the rates of any upmarket restaurant.\n\nCon's: ambience. This is a small resturant just on the service road so there is no notion of privacy. The resturant is just down below bellndur flyover next to apollo pharmacy. You may want to go for a home delivery rather."""")", FOR LUNCH, DID NOT EXPECT IT WOULD BE TOO GOOD. HATS OFF TO THE MANAGER & TEAM. THOUGH SMALL RESTAURANT BUT DYNAMIC ONE LIKE OTHERS BIG BRANDS.\n\nAMBIENCE IS OKAY
Al Khwaja,No,No,3.0/5,13,Bellandur,Casual Dining,,"North Indian, Chinese",400,Delivery,Bellandur
Spice Of Kolkata,No,No,2.8/5,116,Bellandur,Food Court,"Rolls, Biryani, Dum Aloo","Bengali, Rolls, Chinese",400,Delivery,Bellandur
Spicy Hub,No,No,3.0/5,26,Bellandur,Quick Bites,,North Indian,400,Delivery,Bellandur
Devi's Cakes N Bakes,No,No,3.6/5,31,Bellandur,Bakery,,"Bakery, Desserts",200,Delivery,Bellandur
Ramana Hotel,No,No,,0,Bellandur,Quick Bites,,"South Indian, North Indian",300,Delivery,Bellandur
Annabell,No,No,,0,Bellandur,"Quick Bites, Beverage Shop",,"Continental, Beverages",700,Delivery,Bellandur
Taste Of India,No,No,3.1/5,5,Bellandur,Quick Bites,,"North Indian, Rolls",400,Delivery,Bellandur
Tyohaar Restaurant,No,No,,0,Bellandur,Quick Bites,,"Hyderabadi, Biryani",400,Delivery,Bellandur
Cravingz,No,No,,0,Bellandur,Quick Bites,,"Fast Food, Beverages",400,Delivery,Bellandur
PiÃƒÂƒÃ‚ÂƒÃƒÂ‚Ã‚ÂƒÃƒÂƒÃ‚Â‚ÃƒÂ‚Ã‚ÂƒÃƒÂƒÃ‚ÂƒÃƒÂ‚Ã‚Â‚ÃƒÂƒÃ‚Â‚ÃƒÂ‚Ã‚Â±ata,No,No,3.7/5,19,Bellandur,Bakery,,Bakery,400,Delivery,Bellandur
Coffee Tea & More,No,No,,0,Bellandur,Quick Bites,,"Fast Food, Coffee",100,Delivery,Bellandur
Biryani Treat,No,No,,0,Bellandur,Quick Bites,,Biryani,400,Delivery,Bellandur
Biryani Treat,No,No,,0,Bellandur,Quick Bites,,Biryani,400,Delivery,Bellandur
MK Dabbawala,No,No,,0,Bellandur,"Takeaway, Delivery",,North Indian,400,Delivery,Bellandur
Vandana Mess,No,No,,0,Bellandur,Mess,,South Indian,200,Delivery,Bellandur
Biryani Cart,No,No,,0,Bellandur,Delivery,,"Biryani, North Indian",400,Delivery,Bellandur
Five Satr Chiken,No,No,NEW,0,Bellandur,Quick Bites,,Fast Food,300,Delivery,Bellandur
Savi Sagar,No,No,3.2/5,6,Bellandur,"Food Court, Quick Bites",,"North Indian, South Indian, Chinese",400,Delivery,Bellandur
Spice Garden by Dum Mast Biryani,No,No,3.2/5,59,Bellandur,Casual Dining,"Biryani, Paneer Pasanda","North Indian, South Indian, Biryani, Continental",550,Delivery,Bellandur
Mumichi,No,No,,0,Bellandur,Delivery,,North Indian,150,Delivery,Bellandur
Cafe Olive,No,No,3.8/5,114,Bellandur,Cafe,"Pasta, Pizza, Burgers, Sandwiches, Greek Salad, Sandwich, French Fries","Cafe, European, Beverages, Italian",550,,
 'RATED\n  A very new place with very tasty Italian and south indian food,great food at very low price,worth eating. Very hygienic and value for money.'), ('Rated 5.0'," """"RATED\n  I've been to this cafÃƒÂƒ\x83ÃƒÂ‚\x83ÃƒÂƒ\x82ÃƒÂ‚\x83ÃƒÂƒ\x83ÃƒÂ‚\x82ÃƒÂƒ\x82ÃƒÂ‚Ã‚Â© for few times now.\nTaste - Starters", worthy each penny.\nService - Very friendly and courteous\nQuality - They are very particular when it comes to quality. They always use fresh produce, ingredients. The place is neat, clean too.\nI would really like to see some more additions to their already impressive menu.\nOverall, its a CafÃƒÂƒ\x83ÃƒÂ‚\x83ÃƒÂƒ\x82ÃƒÂ‚\x83ÃƒÂƒ\x83ÃƒÂ‚\x82ÃƒÂƒ\x82ÃƒÂ‚Ã‚Â© worth trying at and soon," you will be a regular.... :)"""")", pasta and pizza all were super delicious and reasonably priced.\nThe place looked very hygienic , though a bit small (there is only one table inside and 2 outside ) . \nAlso the service was a bit slow
La Mirch,No,No,,0,Bellandur,Delivery,,"North Indian, Kashmiri",400,Delivery,Bellandur
Starve Nights,No,No,,0,Bellandur,Food Court,,"Biryani, Chinese, North Indian",450,Delivery,Bellandur
Parathabox,No,No,3.8/5,63,Bellandur,Delivery,"Cheesy Corn, Paneer Cheese","Fast Food, North Indian",150,Delivery,Bellandur
Sona's Kitchen,No,No,,0,Bellandur,"Takeaway, Delivery",,North Indian,300,Delivery,Bellandur
Chaatora Ghar,No,No,,0,Bellandur,Food Court,,North Indian,200,Delivery,Bellandur
La-Pizza,Yes,No,3.6/5,151,East Bangalore,Delivery,"Pasta, Burgers, Farm Pizza, Fries","Italian, Pizza, Burger",450,Delivery,Bellandur
Kabab Ghar,Yes,No,3.1/5,11,Bellandur,"Takeaway, Delivery",,"Biryani, North Indian, Kebab",600,Delivery,Bellandur
Chicken Shawarma Hub,No,No,3.1/5,14,Bellandur,"Takeaway, Delivery",,"Fast Food, Arabian, Beverages",250,Delivery,Bellandur
Mont Blanc Cafe,Yes,No,3.8/5,35,Bellandur,Cafe,,"Cafe, Bakery, Italian",650,Delivery,Bellandur
Vishal Foods,Yes,No,,0,Bellandur,Quick Bites,,Fast Food,300,Delivery,Bellandur
Dosa Time,Yes,No,,0,Sarjapur Road,Quick Bites,,South Indian,150,Delivery,Bellandur
Spicy Andhra,Yes,No,2.9/5,22,Marathahalli,Casual Dining,,"Andhra, North Indian, Chinese",600,Delivery,Bellandur
Nite Out,Yes,No,4.0/5,353,Sarjapur Road,Delivery,"Brownie Chocolate, Chicken Biryani, Veg Momos, Noodles","North Indian, Chinese, Biryani",500,Delivery,Bellandur
Visantoe,Yes,No,,0,Marathahalli,Food Court,,"Steak, Continental",500,Delivery,Bellandur
Crunch Pizzas,Yes,No,2.5/5,52,Bellandur,"Takeaway, Delivery",,"Italian, Pizza",600,Delivery,Bellandur
The Rice Company,Yes,No,,0,HSR,Delivery,,"North Indian, Biryani",600,Delivery,Bellandur
Mughal Samraj,Yes,No,3.2/5,4,Bellandur,Casual Dining,,Fast Food,600,Delivery,Bellandur
That Garage Cafe,Yes,No,3.1/5,100,HSR,Cafe,"Coffee, Mutton Steak, Veg Burger, Plum Cake, Ginger Tea","Cafe, Italian, Continental, European",650,Delivery,Bellandur
Atithi Food Park,Yes,No,,0,Marathahalli,Casual Dining,,"South Indian, North Indian, Chinese",450,Delivery,Bellandur
Papacream,No,No,3.8/5,28,Sarjapur Road,Dessert Parlor,,"Desserts, Ice Cream",350,Delivery,Bellandur
Santo's,Yes,No,,0,Marathahalli,Food Court,,North Indian,500,Delivery,Bellandur
Tandoori Ghar,Yes,No,,0,Bellandur,Casual Dining,,"North Indian, Chinese, Biryani",400,Delivery,Bellandur
Cupcake Noggins,No,No,3.9/5,177,Sarjapur Road,Dessert Parlor,"Cup Cake, Chocolate Decadence, Blueberry Cheesecake, Coffee","Desserts, Bakery",300,Delivery,Bellandur
Zaika of North,No,No,,0,Sarjapur Road,Quick Bites,,"North Indian, Chinese",500,Delivery,Bellandur
Ghar Ka Chulha,No,No,,0,Marathahalli,Delivery,,North Indian,150,Delivery,Bellandur
Burger Crush,No,No,3.2/5,4,Sarjapur Road,Delivery,,Fast Food,500,Delivery,Bellandur
Juice Berg,No,No,3.3 /5,4,Sarjapur Road,Beverage Shop,,Juices,200,Delivery,Bellandur
Court Cafe,Yes,No,,0,Sarjapur Road,Quick Bites,,"Fast Food, Beverages",300,Delivery,Bellandur
Wang's Xanadu Momo,Yes,No,3.8/5,14,HSR,Quick Bites,,"Tibetan, Chinese, Momos",250,Delivery,Bellandur
Biriyani Bungalow,Yes,No,3.1/5,4,HSR,Casual Dining,,"Biryani, North Indian",600,Delivery,Bellandur
Chination,Yes,No,3.7/5,5,Sarjapur Road,Delivery,,Chinese,600,Delivery,Bellandur
Yummy Pot,Yes,No,,0,HSR,Quick Bites,,North Indian,300,Delivery,Bellandur
Chriz Cafe,Yes,No,3.5/5,11,Sarjapur Road,"Takeaway, Delivery",,"South Indian, Biryani",400,Delivery,Bellandur
Healthy Sapiens,Yes,No,3.8/5,22,Frazer Town,Delivery,,"American, European, Healthy Food",300,Delivery,Bellandur
Lassi & More,Yes,No,,0,HSR,Beverage Shop,,Juices,150,Delivery,Bellandur
Nawab-E-Khana,Yes,No,,0,Bellandur,"Takeaway, Delivery",,"North Indian, Biryani",500,Delivery,Bellandur
Aaha Andhra,Yes,No,3.7/5,11,Bellandur,Casual Dining,,"Andhra, Biryani, North Indian",900,Delivery,Bellandur
Mint Spice CafÃƒÂƒÃ‚ÂƒÃƒÂ‚Ã‚ÂƒÃƒÂƒÃ‚Â‚ÃƒÂ‚Ã‚ÂƒÃƒÂƒÃ‚ÂƒÃƒÂ‚Ã‚Â‚ÃƒÂƒÃ‚Â‚ÃƒÂ‚Ã‚Â© & Restaurant,Yes,No,3.0/5,12,Bellandur,Casual Dining,,"North Indian, Chinese",500,Delivery,Bellandur
Goodness! Beverages,Yes,No,,0,Marathahalli,"Takeaway, Delivery",,Beverages,250,Delivery,Bellandur
Swathi Deluxe,Yes,Yes,3.9/5,218,Marathahalli,Casual Dining,"Ghee Roast Mutton, Paneer Tikka Masala, Dum Aloo, Fish, Murgh Ghee Roast, Chilli Chicken, Fried Rice","North Indian, Seafood, Chinese, Biryani",750,Delivery,Bellandur
Ultra Biriyani Paradise,Yes,No,3.2/5,4,Sarjapur Road,Quick Bites,,Biryani,300,Delivery,Bellandur
Zangos Grill,Yes,No,,0,Marathahalli,Delivery,,"BBQ, Fast Food",300,Delivery,Bellandur
THE RIG,No,Yes,4.3/5,1585,Sarjapur Road,"Microbrewery, Casual Dining","Bang Bang Chicken, Cocktails, Vegetable Biryani, Craft Beer, Stout, Cosmopolitan, Sandwich","Continental, Finger Food, Pizza",1500,,
 'RATED\n  They are clueless in every sense. Many of the drinks on the menu were not available, waiter wasnÃƒÂƒ\x83ÃƒÂ‚\x83ÃƒÂƒ\x82ÃƒÂ‚\x82ÃƒÂƒ\x83ÃƒÂ‚\x82ÃƒÂƒ\x82ÃƒÂ‚\x92t even sure whatÃƒÂƒ\x83ÃƒÂ‚\x83ÃƒÂƒ\x82ÃƒÂ‚\x82ÃƒÂƒ\x83ÃƒÂ‚\x82ÃƒÂƒ\x82ÃƒÂ‚\x92s available and what not. Post 10 mins of above discussion they did serve drink which at the time of Bill I was told is higher valued drink as the drink I asked for wasnÃƒÂƒ\x83ÃƒÂ‚\x83ÃƒÂƒ\x82ÃƒÂ‚\x82ÃƒÂƒ\x83ÃƒÂ‚\x82ÃƒÂƒ\x82ÃƒÂ‚\x92t available. We were served food which we didnÃƒÂƒ\x83ÃƒÂ‚\x83ÃƒÂƒ\x82ÃƒÂ‚\x82ÃƒÂƒ\x83ÃƒÂ‚\x82ÃƒÂƒ\x82ÃƒÂ‚\x92t order and that too it was disappointing. They need to work on lot of things'), ('Rated 4.0'," """"RATED\n  Hop here for a happy time", the music, ('Rated 3.0', 'RATED\n  Visited on Sunday evening. Ambience is good. Giving 3 stars only because of karaoke night. Had fun listening to some nice singers and not so nice ones too.\nService is pathetic. They forgot our order for Main couse and on asking repeatedly one of the servers mentioned that order was never placed.\nOnly 2 beers were available out of 4 or 5 mentioned in the list. Potatoe wedges were fine.\nShikari murgh was served cold. Very disappointing. They tasted average though.\nVeg Noodles tasted quite bad. No flavours at all.\nWill visit again on a Sunday eve for karaoke night and beer.\nThe rig team please improve upon your food and service.'), ('Rated 5.0'," """"RATED\n  For all those who feel brewery can't have good food then u have not visited THE RIG ??\n\nWith all the food and beverage options available for all kinds of people be it family and friends THE RIG is a perfect destination on sarjapur road.\n\nMust try: brewed beer"," sizzlers and pasta\n\n#rajeshwrites"""")", awesome service, good sitting and less noisy place to hangout.\n\nMy friend has suggested this place near Wipro.\n\nFood is great. Mutton Rogan with Naan was truly great. Both starters and main course are up to the mark.\n\nNow the best part was ambiance and service
Butter Side Up,Yes,No,4.1/5,111,Bellandur,Dessert Parlor,"Cup Cake, Pie, Red Velvet, Chocolate Cake, German Chocolate","Desserts, Bakery",600,Delivery,Bellandur
Just Delhiwala,Yes,No,3.8/5,80,Bellandur,Quick Bites,"Chole, Lassi, Paratha",North Indian,300,Delivery,Bellandur
Madurai Veg Kitchen,Yes,No,NEW,0,Bellandur,"Takeaway, Delivery",,"North Indian, Chinese, South Indian",200,Delivery,Bellandur
Cafe Talkhouse,Yes,No,3.8/5,23,HSR,Quick Bites,,North Indian,400,Delivery,Bellandur
Waffle Stories,Yes,No,NEW,0,HSR,Dessert Parlor,,"Desserts, Beverages",300,Delivery,Bellandur
Foodzoo,Yes,No,3.7/5,122,HSR,Quick Bites,"Paratha, Puri Sabzi, Tea, Chole","North Indian, Chinese, Street Food",300,Delivery,Bellandur
Mumbai Kulfi,Yes,No,4.0/5,92,HSR,Dessert Parlor,"Calcutta Paan, Malai Kulfi, Tender Coconut Kulfi, Kesar Pista Kulfi, Mango Kulfi",Ice Cream,100,Delivery,Bellandur
Tastebuds,Yes,No,3.7/5,23,Sarjapur Road,"Bakery, Quick Bites",,"Bakery, Fast Food",300,Delivery,Bellandur
Punjabi Chulla,Yes,No,3.2/5,9,Bellandur,Delivery,,North Indian,300,Delivery,Bellandur
Rolls Kitchen,Yes,No,3.2/5,7,Marathahalli,Quick Bites,,"Fast Food, Rolls",250,Delivery,Bellandur
Wow Vada Pav,Yes,No,3.7/5,40,HSR,Quick Bites,"Chaat, Burgers, Cheese Maggi, Tea, Chocolate Shake, Lassi, Cheese Vada Pav","Street Food, Burger, Fast Food",150,Delivery,Bellandur
Anand Sweets And Savouries,No,No,4.2/5,267,Sarjapur Road,"Sweet Shop, Quick Bites","Chole Bhature, Rasmalai, Rasgulla, Chaat, Pav Bhaji, Kaju Katli, Samosa","Mithai, Street Food",400,Delivery,Bellandur
Nayi Dilli by Anand Sweets,No,Yes,4.0/5,119,Sarjapur Road,Casual Dining,"Phirni, Butter Naan, Kadhai Paneer, Tandoori Roti, Paratha, Dal Makhani, Paneer Tikka","North Indian, Chinese",1000,Delivery,Bellandur
Cauvery Hyderabadi Biriyani,No,No,3.8/5,111,Marathahalli,Casual Dining,"Lemon Chicken, Hyderabadi Chicken Biryani, Andhra Meal","North Indian, Chinese",600,Delivery,Bellandur
Flavours - Octave Hotel & Spa,No,No,3.0/5,197,Sarjapur Road,Casual Dining,"Pasta, Vegetable Biryani, Chole, Chicken Kebab, Lunch Buffet, Chicken Biryani, Chicken Curry","North Indian, Chinese",700,,
 appreciate the quality. You are the guys due to which Indians are stereotyped.  Stop rating and reviewing if you dont appreciate the quality and taste. \n\nQUALITY FIRST, THEN QUANTITY!'), ('Rated 2.5'," """"RATED\n  Well this place is cool & good as per me good looking lounge in the hotel i went for an party in this hotel .So i should tell you 1st thing is party hall very  small & good decorative hall and pleasant place  for kids birthday parties ...\n\nComing to the food i didn't like the food in this hotel it was not cooked properly well it was a party buffet but the chicken biryani is not cooked well and the veg biryani is some how good to taste ",mutton curry not at all good and coming to veg curries Mushroom green piece masala  was good taste , ('Rated 3.5'," """"RATED\n  On an average it was good..\nBut varieties of starters are few . They are having a wide range of salads but average only. . After looking into the salad bowls you won't want to eat.."""")", ('Rated 3.0', 'RATED\n  Went for a lunch with team to flavours. Nice ambience with good variety of food. Salads are good and Non - Veg items are great. Overall a good experience'), ('Rated 1.0', ('Rated 4.5'," """"RATED\n  I celebrated my Son's 1st Birthday in Octave Hotel... It was a marvelous experience and everything was delivered with high quality and as promised. Mr Bimal is very co-operative and and able manager who has the expertise of organizing parties to delight his customers.\n Food was very good and service was excellent by the staff who looked after kids and served the guests well."""")"
Petoo,No,No,NEW,0,Sarjapur Road,Quick Bites,,"North Indian, Fast Food",450,Delivery,Bellandur
B'Town Cafe & Restaurant,No,No,3.5/5,8,Marathahalli,Food Court,,"Arabian, Continental",350,Delivery,Bellandur
Imperio Cafe,No,No,3.9/5,22,Whitefield,Quick Bites,,"Cafe, Fast Food, Pizza, Burger, Beverages",200,Delivery,Bellandur
Good Food Kitchen,No,No,3.4/5,7,Sarjapur Road,Delivery,,North Indian,400,Delivery,Bellandur
Sree Lakshmi Venkateshwara Andhra Mess,No,No,3.5/5,17,Marathahalli,Mess,,"Andhra, South Indian",400,Delivery,Bellandur
Baba Da Dhaba,No,Yes,3.6/5,32,Sarjapur Road,Casual Dining,,North Indian,650,Delivery,Bellandur
Paratha Plaza,No,No,3.5/5,68,Sarjapur Road,Quick Bites,"Sattu Paratha, Lassi, Dal Makhani, Roti",North Indian,250,Delivery,Bellandur
Delice - Novotel,No,No,3.8/5,33,Marathahalli,"Dessert Parlor, Bakery",,"Desserts, Bakery",800,Delivery,Bellandur
The Shed,No,No,,0,Sarjapur Road,Cafe,,"Cafe, Fast Food",400,Delivery,Bellandur
A La Carte Restaurant,No,No,,0,Sarjapur Road,Quick Bites,,"Chinese, North Indian",500,Delivery,Bellandur
Delish Multi Cuisine Andhra Style Restaurant,No,No,,0,Sarjapur Road,Casual Dining,,"Andhra, Chinese, South Indian, North Indian",600,Delivery,Bellandur
Lassi Cafe,No,No,3.6/5,23,Sarjapur Road,Beverage Shop,,"Beverages, Street Food, North Indian",300,Delivery,Bellandur
Payohima,No,No,,0,Sarjapur Road,Casual Dining,,"South Indian, Ice Cream",1000,Delivery,Bellandur
Jiyo Natural,No,No,3.6/5,14,South Bangalore,Delivery,,"Healthy Food, North Indian",300,Delivery,Bellandur
Fine Day,No,No,3.1/5,5,Sarjapur Road,Quick Bites,,"Biryani, Andhra, North Indian",500,Delivery,Bellandur
Innate,No,No,,0,Sarjapur Road,Delivery,,Beverages,,Delivery,Bellandur
Biryani Treat,No,No,,0,Sarjapur Road,"Takeaway, Delivery",,Biryani,400,Delivery,Bellandur
Heavenly Desserts,No,No,3.6/5,10,Sarjapur Road,Bakery,,Bakery,300,Delivery,Bellandur
Punjabi Last Stand,No,No,,0,Sarjapur Road,Quick Bites,,North Indian,300,Delivery,Bellandur
RJ Kitchen,No,No,,0,Sarjapur Road,"Takeaway, Delivery",,North Indian,300,Delivery,Bellandur
Biggies Burger 'n' More,No,No,,0,Sarjapur Road,Quick Bites,,"Burger, American, Beverages, Cafe",650,Delivery,Bellandur
Mangala Hotel,No,No,NEW,0,Sarjapur Road,Quick Bites,,South Indian,100,Delivery,Bellandur
Runiq,No,No,,0,Sarjapur Road,Delivery,,North Indian,300,Delivery,Bellandur
North Met South,No,No,NEW,0,Sarjapur Road,Casual Dining,,"North Indian, South Indian",800,Delivery,Bellandur
C R Mangalore Bakery,No,No,NEW,0,Sarjapur Road,Bakery,,Bakery,300,Delivery,Bellandur
Cafe Petu,No,No,,0,Sarjapur Road,Delivery,,"North Indian, Chinese, Italian",300,Delivery,Bellandur
Punjabi Paratha House,No,No,NEW,0,Sarjapur Road,Delivery,,North Indian,300,Delivery,Bellandur
Kriti Dugar,No,No,3.4/5,5,Marathahalli,Dessert Parlor,,Desserts,200,Delivery,Bellandur
Nandhini Deluxe,No,No,2.9/5,108,Sarjapur Road,Casual Dining,Chicken Biryani,"Andhra, North Indian",800,Delivery,Bellandur
WOW MOMO,No,No,3.4/5,10,Marathahalli,"Takeaway, Delivery",,"Tibetan, Momos",300,Delivery,Bellandur
Lluvia Bakery,Yes,No,3.4/5,11,Sarjapur Road,"Takeaway, Delivery",,Bakery,350,Delivery,Bellandur
Rolls On Wheels,No,No,3.5/5,132,Sarjapur Road,Quick Bites,"Rolls, Veg Momos, Chicken Momo, Paneer Tikka Roll","Fast Food, Rolls, Momos",300,Delivery,Bellandur
Masale Daan,Yes,No,,0,RT Nagar,Delivery,,North Indian,350,Delivery,Bellandur
Helloo Delhi,Yes,No,3.2/5,34,Sarjapur Road,,,North Indian,1000,Delivery,Bellandur
Chai Resto,No,No,3.6/5,5,Bellandur,Quick Bites,,"Fast Food, Tea",200,Delivery,Bellandur
Flavored With Love,No,No,NEW,0,Bellandur,"Takeaway, Delivery",,Bakery,200,Delivery,Bellandur
Tasty Yum,No,No,NEW,0,Sarjapur Road,Quick Bites,,"South Indian, Mughlai",300,Delivery,Bellandur
Dunkin' Donuts,No,No,NEW,0,Sarjapur Road,"Quick Bites, Dessert Parlor",,Desserts,300,Delivery,Bellandur
Andhra Spice,No,No,NEW,0,Sarjapur Road,Casual Dining,,"North Indian, Hyderabadi, Chinese, South Indian, Beverages, Desserts",600,Delivery,Bellandur
Sardar Ka Chullah,Yes,No,,0,Marathahalli,Food Court,,North Indian,400,Delivery,Bellandur
Punjabi Home Made Food,Yes,No,,0,Bellandur,Quick Bites,,North Indian,400,Delivery,Bellandur
Chawla's 2 Online.com,Yes,No,,0,Sarjapur Road,Delivery,,North Indian,800,Delivery,Bellandur
Smokin Bites,Yes,No,3.4/5,20,Sarjapur Road,Quick Bites,,"North Indian, Chinese",200,Delivery,Bellandur
Health Gourmet,Yes,No,3.8/5,117,Sarjapur Road,"Takeaway, Delivery","Pasta, Peri Peri Chicken, Basil Smoothie, Baked Chicken, Yakisoba","Continental, American, Mediterranean, Healthy Food",600,Delivery,Bellandur
Detox Kitchen,Yes,No,3.1/5,9,HSR,"Takeaway, Delivery",,"Healthy Food, Beverages, Salad",500,Delivery,Bellandur
China On My Plate,Yes,No,2.8/5,23,Bellandur,Casual Dining,,Chinese,800,Delivery,Bellandur
Paratha King,Yes,No,3.1/5,19,Bellandur,Quick Bites,,North Indian,300,Delivery,Bellandur
Hotel S Mom,Yes,No,,0,Bellandur,Quick Bites,,"South Indian, Hyderabadi, Chinese",350,Delivery,Bellandur
Food Singh,Yes,No,,0,Sarjapur Road,Delivery,,North Indian,500,Delivery,Bellandur
Sethi's,Yes,No,,0,Sarjapur Road,Delivery,,"North Indian, Chinese, BBQ",600,Delivery,Bellandur
Navab's,Yes,No,,0,Sarjapur Road,Delivery,,Mughlai,600,Delivery,Bellandur
Wat-a-Biryani,Yes,No,,0,Sarjapur Road,Delivery,,Biryani,500,Delivery,Bellandur
Delhi Food Factory,Yes,No,,0,HSR,Delivery,,North Indian,500,Delivery,Bellandur
Coffee Tea & More,No,No,,0,Marathahalli,"Beverage Shop, Quick Bites",,"Beverages, South Indian",300,Delivery,Bellandur
Kakatiya's,Yes,No,3.1/5,6,HSR,Quick Bites,,"South Indian, Biryani",250,Delivery,Bellandur
Hyderabadi Biryani Hub,Yes,No,3.5/5,19,Bellandur,Casual Dining,,"Biryani, North Indian, Chinese",600,Delivery,Bellandur
Hangouts @ Kashish Caterers,Yes,No,3.4/5,10,HSR,Delivery,,"Biryani, Kebab",400,Delivery,Bellandur
Jagan's Hotel,Yes,No,,0,HSR,Quick Bites,,"South Indian, North Indian",200,Delivery,Bellandur
Go Gharelu,Yes,No,3.1/5,69,Marathahalli,"Takeaway, Delivery",,"North Indian, Biryani",250,Delivery,Bellandur
Tempteys,Yes,No,3.7/5,39,HSR,"Beverage Shop, Dessert Parlor",,Beverages,500,Delivery,Bellandur
Speedy Chow,Yes,No,,0,Marathahalli,Casual Dining,,"Chinese, Thai",500,Delivery,Bellandur
Savours,Yes,No,3.3/5,10,Sarjapur Road,Quick Bites,,"North Indian, South Indian, Chinese",350,Delivery,Bellandur
Happy Endings,Yes,No,4.3/5,490,Bellandur,"Bakery, Dessert Parlor","Brownie Fudge Sundae, Ferrero Rocher Shake, Cheesecake, Chocolate Mocha, Chocolate Truffle, Pasta Alfredo, Chocolate Sundae","Bakery, Desserts, Italian",500,Desserts,Bellandur
Baker's Home,Yes,No,4.0/5,175,Bellandur,"Bakery, Dessert Parlor",Designer Cakes,"Bakery, Desserts",300,Desserts,Bellandur
Cakes Wagon,Yes,No,3.4/5,6,Bellandur,"Dessert Parlor, Bakery",,"Desserts, Bakery",300,Desserts,Bellandur
Kanti Sweets,Yes,No,4.0/5,152,Bellandur,Sweet Shop,"Kaju Katli, Gulab Jamun, Petha","Mithai, Street Food",400,Desserts,Bellandur
eat.fit,Yes,No,4.4/5,632,Bellandur,Delivery,"Buddha Bowl, Chicken Curry, Brownie, Chole, Veg Thali, Idli, Raita","Healthy Food, North Indian, Biryani, Continental, Sandwich, Desserts",500,Desserts,Bellandur
Apsara Ice Cream,No,No,4.1/5,83,Bellandur,Dessert Parlor,"Blueberry Cheesecake, Panipuri, Sitaphal Ice Cream","Ice Cream, Desserts",200,Desserts,Bellandur
Murli,Yes,No,3.9/5,1233,Bellandur,Casual Dining,"Chole Bhature, Chaat, Paneer Tikka, Jalebi, Samosa Chat, Rasmalai, Rabri","North Indian, Chinese, Street Food, Fast Food, Mithai",500,Desserts,Bellandur
XO Belgian Waffle,Yes,No,NEW,0,Bellandur,Dessert Parlor,,"Desserts, Beverages",400,Desserts,Bellandur
CakeZone,No,No,3.7/5,20,Bellandur,Bakery,,"Bakery, Desserts",500,Desserts,Bellandur
Keventers,Yes,No,3.6/5,18,Bellandur,"Beverage Shop, Dessert Parlor",,"Desserts, Beverages, Ice Cream",400,Desserts,Bellandur
Polar Bear,Yes,No,4.2/5,213,Bellandur,Dessert Parlor,"Sandwiches, Waffles, Kulfi, Brownie, Hot Chocolate Fudge, Chocolate Cake, Cheese Sandwich","Ice Cream, Desserts, Beverages, Sandwich",400,Desserts,Bellandur
Mont Blanc Cafe,Yes,No,3.8/5,35,Bellandur,Cafe,,"Cafe, Bakery, Italian",650,Desserts,Bellandur
Laddoos,Yes,No,2.9/5,163,Bellandur,"Quick Bites, Sweet Shop","Paratha, Samosa, Chole Bhature, Pav Bhaji, Kachori, Vada Pav","North Indian, Street Food, Mithai",250,Desserts,Bellandur
Chef Baker's,Yes,No,3.6/5,136,Bellandur,"Bakery, Quick Bites","Pasta, Apple Pie, Sandwich, Chocolate Cake, Burgers, Hot Chocolate, Donut","Bakery, Fast Food, Pizza, Burger, Cafe",600,Desserts,Bellandur
Cake Town Cafe,Yes,No,3.9/5,75,Bellandur,"Bakery, Dessert Parlor",Chocolate Cake,"Bakery, Desserts",500,Desserts,Bellandur
Food Theory,No,No,3.0/5,88,Bellandur,,"Pasta, Tandoori Roti, Brownie","Biryani, North Indian, Italian, Chinese, Sandwich, Desserts",500,Desserts,Bellandur
Butter Side Up,Yes,No,4.1/5,111,Bellandur,Dessert Parlor,"Cup Cake, Pie, Red Velvet, Chocolate Cake, German Chocolate","Desserts, Bakery",600,Desserts,Bellandur
Gooey & Fluffy,No,No,NEW,0,Bellandur,Delivery,,"Desserts, Bakery",200,Desserts,Bellandur
Melting Melodies,Yes,No,3.6/5,11,Bellandur,"Dessert Parlor, Bakery",,"Desserts, Bakery",300,Desserts,Bellandur
Sweet Truth,Yes,No,NEW,0,Bellandur,Bakery,,"Bakery, Desserts",500,Desserts,Bellandur
Cafe Daily Bread,No,No,3.7/5,128,Bellandur,"Bakery, Quick Bites","Pasta, Sandwich, Sandwiches, Caesar Salad, Salads, Fries, Egg Wrap","Bakery, Fast Food, Italian",600,,
" 'RATED\n  My choice when I want some """"me-time"""" or when I am in the mood for pasta. I absolutely love their chicken morney with mocha cold coffee. I have also had their fries", paneer tikka wrap and the pastries. The pastries were stale every time I have tried them. And wraps and fries are also okay. Not good or excellent.\n\nI think the management keeps changing frequently. And so does the quality of what they serve.\n\nDefinitely not a place to go while it rains since the outlet gets flooded. I was a victim of that last time. I strongly think that they should change the way they serve the customers.\n\nJust a brief review. Their pastas are one reason for which anyone can head to this place.'), ('Rated 4.0'," """"RATED\n  Good place to chill at... Can grab a good bowl of pasta and coffee and read in peace for a while.. the staff is friendly and the service is good.. the quantity has declined over time and so has the quality.. mebbe because the cook changed... Have been here a regular from almost 5 Months.. the ice creams were good but for some reason they stopped.. dish I would recommend is chicken morney with extra chicken and cafe mocha.. perfect combination.. and a good meal on a lazy day.. the management.. kindly don't spoil the quantity and quality of your food.. that's what makes people coming back.."""")", ('Rated 4.0'," mostly due to broken road nearby. Hope they tar the road pretty soon."""")", ('Rated 1.0'," """"RATED\n  Never visit or order from this place.Ordered Veg. PESTO CREAM and a egg wrap. I would strongly suggest don't even think of trying it. Its not even near pasta. And for the egg wrap it took like forever to serve. Waited 25 mins for egg wrap and considering we were the only customer its worst service. Cold Coffee was okay okay. Think again if you want to try this place.\n\nNever coming back."""")", ('Rated 3.5'," """"RATED\n  This is a newly opened food spot in Bellandur. We just went in and took two coupons for a veg buffet @ 150/- each. Seriously", red beans(rajmas), dal fry
Smoor,Yes,No,3.7/5,44,Bellandur,Dessert Parlor,"Cheesecake, Red Velvet, Chocolate Cake","Desserts, Beverages",900,Desserts,Bellandur
Lassi Corner,No,No,3.2/5,9,Bellandur,Beverage Shop,,"Beverages, Desserts",300,Desserts,Bellandur
Artinci Artisanal Ice Cream,Yes,No,NEW,0,Bellandur,Dessert Parlor,,"Ice Cream, Desserts",300,Desserts,Bellandur
Pop Hop,No,No,3.5/5,6,Bellandur,Dessert Parlor,,"Ice Cream, Desserts",300,Desserts,Bellandur
Just Bake,No,No,3.7/5,36,Bellandur,Bakery,,"Bakery, Desserts",400,Desserts,Bellandur
Carnival Cakes & Breads,No,No,3.7/5,23,Bellandur,"Dessert Parlor, Quick Bites",,"Bakery, Fast Food, Fast Food",200,Desserts,Bellandur
Bombay Kulfis,No,No,,0,Bellandur,Dessert Parlor,,Ice Cream,200,Desserts,Bellandur
Nutty Squirrel,Yes,No,3.8/5,72,Bellandur,Kiosk,"Brownie Chocolate, Ice Cream Sandwich, Brownie Sundae, Waffles","Ice Cream, Desserts",300,Desserts,Bellandur
The Ganache Factory,No,No,,0,Bellandur,"Dessert Parlor, Bakery",,"Desserts, Bakery",400,Desserts,Bellandur
Baskin Robbins,Yes,No,3.7/5,48,Bellandur,Dessert Parlor,,"Ice Cream, Desserts",250,Desserts,Bellandur
Delitz Creamvilla Cafe,Yes,No,4.0/5,74,Bellandur,"Cafe, Dessert Parlor","Waffles, Coffee, Nachos, Rolls, Sandwiches","Cafe, Desserts, Ice Cream",600,Desserts,Bellandur
Milkyway Ice Creams,Yes,No,3.7/5,25,Bellandur,Food Court,,Ice Cream,300,Desserts,Bellandur
Oven Fresh,No,No,3.2/5,8,Bellandur,"Bakery, Food Court",,"Bakery, Fast Food",600,Desserts,Bellandur
Coffee Bike,No,No,3.7/5,15,Bellandur,Kiosk,,"Fast Food, Beverages",250,Desserts,Bellandur
Me And My Cake,No,No,,0,Bellandur,"Takeaway, Delivery",,"Bakery, Desserts",500,Desserts,Bellandur
Re:fuel- Aloft Bengaluru Cessna Business Park,No,No,,0,Bellandur,"Cafe, Bakery",,"Bakery, Beverages, Cafe, Coffee, Desserts, Sandwich",1000,Desserts,Bellandur
Cake Dilim,Yes,No,3.3/5,10,Bellandur,Bakery,,"Bakery, Desserts",400,Desserts,Bellandur
The Chocolate Heaven - Cakes,Yes,No,,0,Bellandur,"Dessert Parlor, Bakery",,"Desserts, Bakery, Beverages",600,Desserts,Bellandur
The French Loaf,No,No,,0,Bellandur,"Bakery, Quick Bites",,"Bakery, Desserts",400,Desserts,Bellandur
Bangalore Agarwal Bhavan,No,No,3.2/5,4,Bellandur,"Sweet Shop, Quick Bites",,"Mithai, Street Food, Fast Food",200,Desserts,Bellandur
Squeez Juice Bars,No,No,3.3/5,10,Bellandur,Beverage Shop,,"Beverages, Fast Food",200,Desserts,Bellandur
38 Sugar Lane,No,No,,0,Bellandur,"Takeaway, Delivery",,"Bakery, Desserts",850,Desserts,Bellandur
Devi's Cakes N Bakes,No,No,3.6/5,31,Bellandur,Bakery,,"Bakery, Desserts",200,Desserts,Bellandur
PiÃƒÂƒÃ‚ÂƒÃƒÂ‚Ã‚ÂƒÃƒÂƒÃ‚Â‚ÃƒÂ‚Ã‚ÂƒÃƒÂƒÃ‚ÂƒÃƒÂ‚Ã‚Â‚ÃƒÂƒÃ‚Â‚ÃƒÂ‚Ã‚Â±ata,No,No,3.7/5,19,Bellandur,Bakery,,Bakery,400,Desserts,Bellandur
Oz Pies,Yes,No,3.8/5,37,Bellandur,Delivery,,"Australian, Continental",400,Desserts,Bellandur
Cupcake Bliss,Yes,No,3.3/5,8,Bellandur,Bakery,,Bakery,250,Desserts,Bellandur
Stoner,Yes,No,4.3/5,556,Sarjapur Road,"Dessert Parlor, Cafe","Burgers, Cheesy Chicken Burger, Chicken Chilli Pizza, Monster Burger, Peri Peri Chicken Burger, Butter Chicken Pizza, Mojito","Ice Cream, Cafe, Pizza, Burger, Desserts, Beverages",500,,
 ('Rated 3.0'," """"RATED\n  The place is amazing. Food taste is good. Things I didn't like it\n\n1) Near the dine inn there was some ceiling work going on and I was not happy about it cause there was dust flying.\n\n2) Ordered for the Cheesy chicken burger", taste was good, but there was just a slice of cheese. There was no hype as per the details given in the description of the product.\n\n3) The Oreo shake could have been a bit thick," it was watery. But again the test was good.\n\nHope the management takes care of these issues.\n\nAgain the food was good and the presentation was superb. Keep it up."""")", 'RATED\n  The perfect place to have an ice cream. However they also provide a lot of options for food. But this place is just too comfortable and big.\n\nService is on point.\nTaste, you can trust upon.\n\nPaan flavour is the best'), ('Rated 5.0', 'RATED\n  I have order Chipotle veggie pizza and must say it was amazing. Base was thin and crispy. It was better than those sellers who are specifically for pizza. Loved it\n\nI ordered Cjuan Hawaian pizza. And yea as usual it was yummy. Now stoner has gained the position of favourite. Love it'), ('Rated 5.0'," but these guys are quite generous with the toppings if compared with other competitors. Lots of nuts and nutty fudgy the best of the lot with lots and lots of caramelised nuts!!\n\nThe place has no competition closeby and has maintained it's quality throughout the visits that I have made.. kudos to the team !! ?"""")", ('Rated 3.0'
Anand Sweets And Savouries,No,No,4.2/5,267,Sarjapur Road,"Sweet Shop, Quick Bites","Chole Bhature, Rasmalai, Rasgulla, Chaat, Pav Bhaji, Kaju Katli, Samosa","Mithai, Street Food",400,Desserts,Bellandur
Soul Treat,Yes,No,4.3/5,269,Sarjapur Road,Bakery,"Fruit Cake, Blueberry Cake, Brownie, Chocolate Walnut Cake, Carrot Cake, Chocolate Blueberry, Meetha Paan","Bakery, Desserts, Healthy Food",750,Desserts,Bellandur
Natural Ice Cream,No,No,4.3/5,384,Sarjapur Road,Dessert Parlor,"Mango Ice Cream, Coffee Walnut, Waffle Cone, Tender Coconut Ice Cream, Custard Apple, Kesar Pista, Chips","Ice Cream, Desserts",150,Desserts,Bellandur
Cold Smith Ice Creams,Yes,No,3.9/5,41,Sarjapur Road,Dessert Parlor,,"Ice Cream, Desserts",450,Desserts,Bellandur
Waffle Talesz,Yes,No,3.6/5,18,Sarjapur Road,Dessert Parlor,,Desserts,200,Desserts,Bellandur
Karachi Bakery,Yes,No,3.7/5,16,Sarjapur Road,Bakery,,"Bakery, Desserts",400,Desserts,Bellandur
Light House Cafe,Yes,No,3.7/5,94,Marathahalli,Cafe,Chicken Sandwich,"Cafe, Beverages, Continental, North Indian, Chinese",700,,
" Oreo Shake and lemonade. The food was very average and was not looking fresh. Chilly chicken pieces were too big to chew and too dry. Same was other stuffs. I thought of trying tea to change the taste. But o dear tea was deadly sweet and I left it like that only.\n\nPlace was too noisy with loud music without any refined taste. Screen and Music was not in sync both were playing absolutely different stuffs. Place was full of mosquitoes. After sometime we left the place and sighed with relief. Hookah can be one attraction which we didn't tried.\n\nFood: 2.5/5\nAmbience: 2.5/5\nPocket 3/5"""")", ('Rated 5.0'," 'RATED\n  This peaceful place has the most delicious food. Each and every comforting smile the employees had on their faces made me feel good . Must try """"Arabian dijajh biryani""""..its so delicious and mouth watering ..')", ('Rated 5.0', 'RATED\n  Hukka was awesome... The Arabic chicken Biriyani is very good taste... Love the Ambience and service.. Would surly visit then again and again...')," """"RATED\n  Must needed place in ORR! This place has a great ambience that's feels very close to nature! Hookah is great! The hookah master himself comes up to us and suggests the best hookah! I feel this place is the best hookah place in town that cost 350 for any number of flavours! Tried non veg Chinese starters! I feel the starters are one of the best in town! Overall my experience was surepb @ Light house cafe! Will be visiting this pace frequently"""")", ('Rated 3.5', 'RATED\n  Decent place to hangout, ambiance wise pretty OK, can play uno and other indoor games there. Food was 3/5," """"RATED\n  Went to catch up with old friend around ecospace. Getting this place over GPS was first challenge as it was incorrect. The restaurant is in service road and not inside.\nNevertheless once I got inside around evening only 2 PPL were there. We ordered Chicken Chilly ", Grilled chicken sandwich
Lluvia Bakery,Yes,No,3.4/5,11,Sarjapur Road,"Takeaway, Delivery",,Bakery,350,Desserts,Bellandur
Bombay Kulfi,Yes,No,3.8/5,38,Marathahalli,Dessert Parlor,,"Desserts, Ice Cream",150,Desserts,Bellandur
Carlos Cake Cafe,Yes,No,3.8/5,81,Sarjapur Road,Bakery,"Pasta, Chocolate Truffle, Burgers, Blueberry Cheesecake","Bakery, Desserts",300,Desserts,Bellandur
Cake Delights,Yes,No,3.6/5,24,Sarjapur Road,Bakery,,"Bakery, Desserts",500,Desserts,Bellandur
Cupcake Noggins,No,No,3.9/5,177,Sarjapur Road,Dessert Parlor,"Cup Cake, Chocolate Decadence, Blueberry Cheesecake, Coffee","Desserts, Bakery",300,Desserts,Bellandur
Frozen Bottle,Yes,No,3.6/5,13,Sarjapur Road,Beverage Shop,,"Beverages, Desserts, Ice Cream",400,Desserts,Bellandur
Payohima Ice Creams,Yes,No,3.9/5,20,Sarjapur Road,Dessert Parlor,,Desserts,300,Desserts,Bellandur
Tastebuds,Yes,No,3.7/5,23,Sarjapur Road,"Bakery, Quick Bites",,"Bakery, Fast Food",300,Desserts,Bellandur
Delice - Novotel,No,No,3.8/5,33,Marathahalli,"Dessert Parlor, Bakery",,"Desserts, Bakery",800,Desserts,Bellandur
INDULGE by InnerChef,Yes,No,3.6/5,22,Sarjapur Road,Bakery,,"Desserts, Bakery",400,Desserts,Bellandur
Papacream,No,No,3.8/5,28,Sarjapur Road,Dessert Parlor,,"Desserts, Ice Cream",350,Desserts,Bellandur
Archana's First Crush,Yes,No,3.7/5,31,Sarjapur Road,Bakery,,"Bakery, Desserts",400,Desserts,Bellandur
Lassi Cafe,No,No,3.6/5,23,Sarjapur Road,Beverage Shop,,"Beverages, Street Food, North Indian",300,Desserts,Bellandur
Lassi Shop,No,No,,0,Sarjapur Road,"Dessert Parlor, Beverage Shop",,"Beverages, Ice Cream, Fast Food",300,Desserts,Bellandur
Homemade Delite,No,No,3.6/5,21,HSR,Takeaway,,"Bakery, Desserts",200,Desserts,Bellandur
Hokey Pokey Ice Creams,No,No,3.9/5,75,Sarjapur Road,Dessert Parlor,"Cheesecake, Rolls, Coffee, Ice Cream Roll","Ice Cream, Desserts",350,Desserts,Bellandur
The Gulkand Store,No,No,,0,BTM,Dessert Parlor,,"Desserts, Ice Cream",100,Desserts,Bellandur
Heavenly Desserts,No,No,3.6/5,10,Sarjapur Road,Bakery,,Bakery,300,Desserts,Bellandur
Minus 4,No,No,3.3/5,4,Sarjapur Road,Dessert Parlor,,Desserts,300,Desserts,Bellandur
C R Mangalore Bakery,No,No,NEW,0,Sarjapur Road,Bakery,,Bakery,300,Desserts,Bellandur
Cafe Coffee Day,No,No,3.1/5,7,Sarjapur Road,Cafe,,"Cafe, Fast Food",900,Desserts,Bellandur
Kriti Dugar,No,No,3.4/5,5,Marathahalli,Dessert Parlor,,Desserts,200,Desserts,Bellandur
Warm Oven,Yes,No,3.9/5,93,Sarjapur Road,Bakery,"Red Velvet Cake, Chocolate Truffle","Bakery, Desserts",500,Desserts,Bellandur
Cake Box,Yes,No,2.9/5,24,Marathahalli,Bakery,,"Bakery, Desserts",400,Desserts,Bellandur
Dunkin' Donuts,No,No,NEW,0,Sarjapur Road,"Quick Bites, Dessert Parlor",,Desserts,300,Desserts,Bellandur
MoMo Cafe - Courtyard by Marriott,No,Yes,4.2/5,271,Bellandur,Casual Dining,"Pasta, Lunch Buffet, Butter Chicken, Salads, Bhuna Gosht, Salad, Sea Food","Asian, North Indian, South Indian, Momos",2000,Dine-out,Bellandur
Kava - Fairfield by Marriott,No,Yes,3.9/5,284,Bellandur,Casual Dining,"Tea, Salads, Fish, Chicken Biryani, Breakfast Buffet, Salad, Noodles","North Indian, South Indian, Continental",1500,Dine-out,Bellandur
Punjabi Times,Yes,Yes,4.1/5,1691,Bellandur,"Casual Dining, Bar","Papdi Chaat, Thandai, Chole Bhature, Lassi, Paan Ice Cream, Mutton Curry, Raita",North Indian,1100,,
 'RATED\n  Food quality is excellent and service also.Reasonable and affordable.Anything I have ordered from the menu in all my 4 visits, the food has been extremely tasty!I have always ended up licking my finger.Good ambiance too. A good dining place indeed.'), ('Rated 5.0'," """"RATED\n  The food is one of a kind and best in quality and taste.\nA good dining experience with your family.\n\nWhen you are craving for yummy north Indian food and you have tried almost all the places in Bangalore and you still come back here", you know the food is really good.\nStaying in Bellandur this place is one of the perks for sure.\nIf you haven't visited here then give it a try, ('Rated 2.0', 'RATED\n  My God this place had a pathetic service, the food takes forever to come out of the kitchen, the staff disappears after taking the order. The only thing that came fast to my table was the bill.Coming to the food, the small Tandoori platter had 4 different types of kebab, but it came in a glass. The desert came to my table 25 minutes after ordering. The Rabri was slightly sour, moong dal halwah on the other hand was good
Ruh,Yes,Yes,4.1/5,3020,Bellandur,Casual Dining,"Fattoush Salad, Mutton Biryani, Mutton Roganjosh, Panipuri, Mocktails, Choco Bomb, Cocktails","North Indian, Mughlai, Mediterranean, Iranian",1000,,
 'RATED\n  Full marks for the ambience... I feel special on entering the restaurant..\nThe menu here is wide and has varieties..\nTheir buffet is also good... Has varities in both veg and nonveg...\nThe service is nice..\nThere is a swing seating ...where we can sit on the large swing and enjoy our meal..\nSure will like to visit again :)'), ('Rated 5.0', 'RATED\n  Was in love with the ambience ?? Staff were pretty friendly and were also helping out in ordering the best food! They had Mughal costumes too which was a plus! In the drinks menu they had dares and movie dialogues through which we could also play!\nFood- 5/5\nAmbience-10/5?????'), ('Rated 5.0'," 'RATED\n  An only Arabic Themed Restaurant in the center of Bangalore with fantastic Arabian ambience just like a fairy tale. Everything starters with a """"Khuja Sim sim"""". Entering you to a whole new world.\n\nThere are two cuisines Mediterranean and North Indian", Prawns infused in Garlic Olive Oil, Murgh Malai Chops, Tawa Lamb Chops Sizzler and Chocolate Bomb. You must try all these dishes as they have the perfect taste and are recommended by the Chef as mentioned in the menu.\n\nDont miss the live music they have every friday at 10pm, the singer is just amazing.'), ('Rated 1.0', 'RATED\n  Full marks for the ambience... I feel special on entering the restaurant..\nThe menu here is wide and has varieties..\nTheir buffet is also good... Has varities in both veg and nonveg...\nThe service is nice..\nThere is a swing seating ...where we can sit on the large swing and enjoy our meal..\nSure will like to visit again :)'), ('Rated 5.0'
Bombay Brasserie,Yes,No,4.3/5,555,Bellandur,Casual Dining,"Butter Chicken, Beer, Vegetable Biryani, Kulfi, Cocktails, Chur Chur Paratha, Keema Pav",Modern Indian,1800,,
 'RATED\n  Bombay Brasserie a North Indians delight in South India. Thats how I would define it...from their adaptation of famous Chur Chur paratha of North India to Punjabi style butter chicken tikka masala....! Everything was just perfectly balanced!To top it all was the beautiful ambience of the place!Would definitely recommend it to my friends in Bangalore!'), ('Rated 4.0', 'RATED\n  Had been there few days ago on a weekday for a team lunch. It is a neat small place in The Bay amidst all the tech companies.  The food over there is good, starters were excellent, main course I would say was average+, a rating of 4-4.5. The menu is different with exotic names, presentation of food is very unique and service is good (always room for improvement).  Definitely a must visit place and will visit again very soon.'), ('Rated 5.0', 'RATED\n  My first time here was a great experience. Service is great, food is amazing and the ambience is very relaxing. Looking forward to visiting again'), the service was lethargic, the food unappetising and the entire experience was below average. For such a lovely setup
The Irish House,Yes,No,4.2/5,793,Bellandur,"Casual Dining, Pub","Beer, Cocktails, Burgers, Mini Tacos, Sweet Corn Pizza, Fries, Sea Food","European, American",1700,,
 right next to Chillies\n\nAmbience - it resembles a Irish Pub, Wooden Tables and high stools, loud music and large TV screen to enjoy those match nights\n\nFood -\n\nAngry Bird - French fries topped with tangy tomato-chicken gravy served with a half fried egg. Honestly I like my fries crispy however this dish makes the fries soggy.\n\nRed sauce Spaghetti Pasta - perfect in every way\n\nCheese Burst Chicken - Fried chicken stuffed with Cheese. It melts in your mouth.\n\nService -\nIt was a Friday night so the place was super crowded. The service was very slow. We had to wait for atleast 30-40 mins for our order to arrive\n\nCost-\n\n3k for these three dishes and a couple of drinks'), ('Rated 4.0'," """"RATED\n  Obviously it's 'The Irish house'. The name speaks for itself. Such ambiance! Also the location of this pub.. Never imagined a pub to be located in the vicinity of the offices. Good food.. Ocktoberfest was going on", ('Rated 5.0', 'RATED\n  Great place to hang out with friends.. Food is great, music is good & service is even better. Abhay our server was very helpful to me and my friends to select the right food.. Kudos!! Great job guys, please keep Guinness Stout for the fans! Cheers!!'), ('Rated 4.0', 'RATED\n  Even though, they didn?t have\n1. nachoes\n2. Tacos\n3. Olive oil!\n\nthey took good care of us!\n\nWe order a fries-family
Chili's American Grill & Bar,Yes,Yes,4.5/5,1365,Bellandur,"Casual Dining, Bar","Pork Ribs, Chicken Soup, Veg Fajitas, Cocktails, Burgers, Tacos, Pasta","American, Tex-Mex, Burger, BBQ",1800,,
 ('Rated 5.0'," """"RATED\n  It's a late evening visit with my friend and we ordered broccoli cheese poppers .and mushroom queasadilla..both the dishes were made to perfection and piping hot ..the service was too good Mr.Gaijhang took good care of us ..overall a very satisfying experience ..will def visit chili's again .\n\nWe have visited again and the crispy broccoli Taco's was amazing ..Miss Ari took great care of us and the Chipotle rice which comes with the Taco's was just out of the world ..."""")", ('Rated 4.0', 'RATED\n  One of my favourite places in Bellandur. The food options are really good, makes good drinks and is surprisingly not difficult to get a seat as it is inside a Tech Park and people outside would not hunt this down. Also has a pool table and a fooseball table. Perfect for team outings or small to medium size friend groups catch up.'), 'RATED\n  31-08-2018. Lunch Time with the Team. Chili?s make a wonderful dishes and i appreciate their cooking. Had a Lunch Combo along with a Starter. Service is average, we had to wait for quite sometime after each course. This really disappointed us. But place is awesome. Service could be better, may be it was on Friday and the place was crowded.'), ('Rated 4.0', 'RATED\n  I visited here for a couple of occasions and I should say that they are good in what they do. The location is amazing and the food is even better. We had Nacho that are classic indeed. The tacos were good as well and the veggies inside were in right proportion. Crispy broccoli tacos are worth a try. The veg Fajita is awesome if you are vegetarian and the sizzling Fajita with your choice of meat is just amazing. There are still a lot of things in the menu I would like to try. Not to forget the staffs are friendly however at times you really need to wait for someone to attend you and is something that can be improved.'), the service takes the experience down. Sometimes the waiters just don?t bother checking on people.'), ('Rated 5.0'
Tipsy Bull - The Bar Exchange,Yes,Yes,4.4/5,2182,Bellandur,"Bar, Casual Dining","Falafel, Cocktails, Mocktails, Sea Food, Spring Roll, Mutton Pepper Fry, Pasta","North Indian, Chinese, Continental, Mexican",1400,,
 'RATED\n  It was a totally amazing experience!!\nDrinks made our day and the food was awesome and the interior and everything is quite as expectations..\nActually come to think about it, the ambiance and theme made our weekend.\nService too was good.\nI liked the concept a lot.'), ('Rated 3.0'," """"RATED\n  Good place if you want to booze. Okayish food. Better to order snacks"," don't go for main course!\nDj and ambience is okay. Can go on a Friday night!"""")", 'RATED\n  Went to Tipsy bull with my friend (old review) and we loved this place. We were meeting after a long time and it was a perfect hangout place. Liked the Innovative concept like a stock exchange. Drinks were good and the vegetarian food too!\nWill surely recommend a visit once.'), ('Rated 4.0', 'RATED\n  The place is really trendy and happening!\nThe ambiance is really nice to come with friends and chill! Spectacular ambiance with good food and reasonably priced alcohol!\nIf you want to have a social gathering or party then this place is the best.\nI shall come here again for sure..'), ('Rated 5.0', 'RATED\n  It was a totally amazing experience!!\nDrinks made our day and the food was awesome and the interior and everything is quite as expectations..\nActually come to think about it," """"RATED\n  Good place if you want to booze. Okayish food. Better to order snacks"," don't go for main course!\nDj and ambience is okay. Can go on a Friday night!"""")"
Mani's Dum Biryani,Yes,No,4.0/5,894,Bellandur,Casual Dining,"Vegetable Biryani, Raita, Chicken Boneless Biryani, Biryani Combo, Mutton Biryani, Chicken Kebab Biryani, Fish Biryani","Biryani, Kebab",750,Dine-out,Bellandur
Maia - Eat | Bake | Mom,Yes,Yes,4.3/5,996,Bellandur,Casual Dining,"Matar Paneer, Pizza, Pasta, Sandwiches, Calzone, Mocktails, Vegetarian","Continental, North Indian, Beverages",1200,,
 'RATED\n  This place is a hidden gem of the city set amid a residential area. The setup is really cute.\nService is quick and the staff is very friendly.\nFor drinks, we ordered a watermelon, ginger and rose mocktail and an orange and lemon grass mocktail. Both of them were refreshing.\nFor food, we ordered khao suey and fettuccini pasta.\nKhao suey was just amazing. The broth had amazing flavours. Pasta was okay.\n\nOverall a good experience.'), ('Rated 4.0', indoor as well as rooftop seating. Set up in a corner of Bellandur, precisely green glen layout - this place is a hidden gem.\nThey offer global cuisine and are an all vegetarian place! Well that makes me happy.\nThey have their own little bakery, which is wonderful.\n\nThe watermelon, Ginger and rose juice was awesome. Loved the blend.\nThe vibe of the place is very nice and calm.\n\nTalking about the food -\nI had the Aromatic Kebabs - average.\nThe Veggie Pizza - very good and loaded with cheese. Love for thin crust pizzas will never fade.\nKnow Suey - this has been my favorite for quite some time now, and the place does Justice to the dish. I was not disappointed if not wowed. :)\n\nI am definitely coming back here with my family.\n\n\nlittlefoodiegirl.com'), the location (nestled between multiple high rise buildings over looking the open garden seating setup) was a bit discomforting. The service was extremely slow. The place is horribly understaffed. The staff was thoroughly confused and visibly overworked. They mixed up the order sequence, did not come back to table to check if we needed something
Chullah Chandigarh,No,No,4.2/5,308,Bellandur,Casual Dining,"Lassi, Murgh Patiala, Dal Makhani, Hara Bhara Kabab, Malai Kofta, Stuffed Mushroom, Paneer Tikka",North Indian,800,,
 'RATED\n  Ambiance-4/5\nService-3/5\nFood-5/5\nWe ordered daal makhni, missi roti, chicken tikka masala, lassi.\nQuantity of rotis was less.\nDaal makhni and chicken tikka were made with care and we loved every bit of it.\nA must visit as its good on pocket and in tummy?'), ('Rated 4.0', bamboo and jute chairs and tables. Quick on service too. So we went for ajwain fish Tikka , masala papad, garlic butter naan," murgh patiala and lassi. I liked each and every thing we ordered except masala papad( too much of lemon juice). Murgh patiala was also awesome but I would have preferred a little less of egg and a little more of gravy. Ajwain fish was superb. Lassi was mind-blowing. Will definitely go back and try other things in the menu. And most importantly it's well worth the money... Just around 750 for all the above... So total budget friendly for amazing Punjabi food."""")", ('Rated 4.0', ('Rated 4.0'," """"RATED\n  Wanna treat yourself over the weekend after working 45 hours a week ? You head to Chullah Chandigarh! With the raw ambience and some vibrant Punjabi music. This place had a big thumbs up from me already :D\n\nTalking about the food.. My friends and i ordered for Missi Roti"
Nook - Aloft Bengaluru Cessna Business Park,No,Yes,4.3/5,403,Bellandur,Casual Dining,"Chicken Quesadilla, Breakfast Buffet, Cheesecake, Naan, Cocktails, Biryani, Lamb","North Indian, Continental, Asian",1800,Dine-out,Bellandur
Chaarcoal,Yes,No,4.0/5,444,Bellandur,Casual Dining,"Egg Biryani, Raita, Gulab Jamun, Chicken Biryani, Fish, Stuffed Kulcha, Chicken Lollipop",North Indian,1200,Dine-out,Bellandur
Bathinda Dine,Yes,No,4.0/5,230,Bellandur,Casual Dining,"Butter Chicken, Paneer Methi Malai, Lassi, Butter Naan, Sarso Da Saag, Tandoori Chicken, Gajar Ka Halwa",North Indian,950,Dine-out,Bellandur
Shake It Off,Yes,No,4.0/5,60,Bellandur,Beverage Shop,"Momos, Thick Shakes, Sandwiches, Veg Maggi, Burgers","Beverages, Fast Food",600,Dine-out,Bellandur
Eden Huts Restaurant,No,No,4.0/5,213,Bellandur,Casual Dining,"Roti, Chicken Kebab, Panneer Butter Masala, Ghee Rice, Butter Naan, Biryani, Jeera Rice","Chinese, North Indian",400,Dine-out,Bellandur
Dalchini,No,No,4.0/5,225,Bellandur,Casual Dining,"Lassi, Buttermilk, Tandoori Chicken, Mutton Biryani, Dhania Chicken, Mutton Roganjosh, Naan",North Indian,700,Dine-out,Bellandur
Thalassery Restaurant,Yes,No,3.4/5,692,Bellandur,Casual Dining,"Shawarma, Appam, Chai, Tea, Thalassery Biryani, Chicken Grill, Vegetable Stew","Seafood, Biryani, South Indian, North Indian, Chinese, Arabian, Kebab, Kerala",600,Dine-out,Bellandur
Empire Restaurant,Yes,No,3.8/5,2084,Bellandur,Casual Dining,"Chicken Masala, Butter Naan, Shaadi Ki Biryani, Chicken Shawarama, Mutton Curry, Chicken Grill, Chicken Satay","North Indian, Mughlai, South Indian, Chinese",750,,
 'RATED\n  As always this place stands up to the level which is expected. Amazing service However need to still work on some delays they cause as sometimes you get a feel they have forgotten to bring what you ordered. They need to start serving normal roll inside the restaurant and not just tawa roasted one as it becomes a hassle to take parcel and eat inside just for the taste of the original roll.'), ('Rated 1.0'," """"RATED\n  Worst experience at empire!! I had last been to the kormangala branch about 2 years ago and the veg thali had been pretty good at a very reasonable rate. After that today's experience at the Bellandur branch was just horrible!! I had ordered a paneer tikka masala whose view itself just put me off and tasted as if the morning prepared gravy was just redone with some extra masala. My friends ordered a butter chicken and chicken biryani which both tasted dismal. Unable to have the paneer dish any further", we ordered a dal tadka but seriously," that was by far the worst dal tadka ever experienced! Some stale dal covered with a lot of chilli powder! Red coloured dal tadka! Which just burns your mouth! And they took a half an hour to get us the lemon soda.\nThe place is just over priced for its items! I guess only the outside counter food is reasonable.\nNever going back again."""")"," """"RATED\n  Empire is quiet famous for its authentic taste of non-veg in city. To giving it a try I dropped down here to have lunch.\n\nThe place is located near to the Central Mall", Bellandur and is very easy to spot it out. It has a average seating area with decent ambience.\n\nI order Chilly Chicken Boneless, Hyderabadi Chicken Boneless Gravy and Kerala Paratha. Lil the items were delivered to the table very soon.\n\nChilly Chicken was not up-to the mark. It lacked the spiciness and the flavor of chilly. Though the pieces were tender and well marinated.\n\nHyderabadi Chicken was average know taste. Quantity of gravy was very large so it didn't tasted that good.\n\nKerala Paratha was really nice and well made. Loved it :)\n\nApart from food," service is quiet good and the best part is that it has Zomato gold. Hope to visit again.\n\nujjwallok.wordpress.com"""")", ('Rated 1.0', after complaining they got another plate.\n\nThe food was tasteless,\nChicken 65 - no taste\nChicken manchurian dry - only good thing\nHyderabadi chicken - extremely spicy\nprawns fried rice - good\n\nThe person who took our order was ignoring us for a long while
Sharaab Factory,Yes,Yes,3.9/5,392,Bellandur,Bar,"Chicken Curry, Chicken Tikka, Cocktails, Long Island Iced Tea, Draught Beer","Biryani, North Indian",1500,Dine-out,Bellandur
Coastal Fish Land,Yes,No,NEW,0,Bellandur,Casual Dining,,Mangalorean,500,Dine-out,Bellandur
The Rasaganga,Yes,No,3.7/5,404,Bellandur,Casual Dining,"Coffee, Chai, Idli, Pav Bhaji, Vada, Tea, Masala Dosa","South Indian, North Indian, Chinese, Street Food",500,Dine-out,Bellandur
Skylit - Citrus Hotels,No,Yes,3.6/5,255,Bellandur,Lounge,"Chicken Curry, Mocktails, Biryani, Halwa, Beer, Pasta, Fish Tikka","North Indian, Mughlai, Mediterranean",1500,Dine-out,Bellandur
Samaroh,No,No,4.0/5,246,Bellandur,Casual Dining,"Kulfi, Rajasthani Thali, Sweet Paan, Buttermilk, Rasmalai, Chaat, Lassi",North Indian,1200,Dine-out,Bellandur
Kanti Sweets,Yes,No,4.0/5,152,Bellandur,Sweet Shop,"Kaju Katli, Gulab Jamun, Petha","Mithai, Street Food",400,Dine-out,Bellandur
Story Time,No,No,3.7/5,15,Bellandur,"Cafe, Quick Bites",,"North Indian, South Indian, Andhra, Cafe",500,Dine-out,Bellandur
Health Zingo,No,No,3.8/5,368,Bellandur,Casual Dining,"Sattu Paratha, Pasta, Idli, Salads, Thali, Khichda, Masala Dosa","North Indian, Salad, Healthy Food",600,Dine-out,Bellandur
Basmati Restaurant,Yes,No,3.8/5,419,Bellandur,Casual Dining,"Paneer Tikka Biryani, Chicken Biryani, Bamboo Chicken, Chicken Kebab, Vegetable Biryani","Biryani, Andhra, North Indian, Chinese",900,Dine-out,Bellandur
The Salad Studio,Yes,No,4.0/5,107,Bellandur,Cafe,"Salads, Salad, Sandwiches, Chicken Grill","Cafe, Healthy Food, Salad",400,Dine-out,Bellandur
Sichuan,Yes,No,4.1/5,268,Bellandur,Casual Dining,"Singapore Noodles, Fish, Clear Soup, Manchow Soup, Lemongrass Tea, Nasi Goreng, Pad Thai","Chinese, Asian, Seafood",800,Dine-out,Bellandur
Gusto's Pizza,Yes,No,3.0/5,289,Bellandur,Casual Dining,"Pasta, Salads, Cheesy Garlic Bread, Mint Mojito, Chicken Salad, Veg Extravaganza Pizza, Pane Pizza","Pizza, Italian",500,Dine-out,Bellandur
Smoke - The Sizzler House,Yes,No,3.3/5,4,Bellandur,Casual Dining,,"Continental, Chinese, Thai, BBQ, Steak",900,Dine-out,Bellandur
Blue Berry Restaurant,Yes,No,3.9/5,146,Bellandur,Casual Dining,"Tandoori Chicken, Coffee, Butter Chicken, Fish Curry, Biryani","North Indian, Biryani, Chinese, Beverages",650,Dine-out,Bellandur
Murli,Yes,No,3.9/5,1233,Bellandur,Casual Dining,"Chole Bhature, Chaat, Paneer Tikka, Jalebi, Samosa Chat, Rasmalai, Rabri","North Indian, Chinese, Street Food, Fast Food, Mithai",500,Dine-out,Bellandur
Flavors of India,Yes,Yes,3.7/5,37,Bellandur,Casual Dining,"Salads, Fish","Chinese, North Indian, Salad, Fast Food",1500,Dine-out,Bellandur
Cooking Mom,Yes,No,2.9/5,182,Bellandur,Casual Dining,"Fish Chilli, Kadhai Paneer, Vegetable Biryani, Chicken Kebab, Veg Thali, Chicken Butter Masala, Butter Naan","North Indian, Andhra",800,Dine-out,Bellandur
@ The Bbq,Yes,No,NEW,0,Bellandur,Casual Dining,,"BBQ, Continental, North Indian, Chinese, Beverages",700,Dine-out,Bellandur
BG's Poolside Bar & Grill,No,Yes,4.1/5,106,Bellandur,"Casual Dining, Bar","Cocktails, Pasta, Sunday Brunch, Red Wine Sangria, Shotgun Chicken, New Zealand Lamb Chops, Beer","Mediterranean, Italian, Mexican",1600,Dine-out,Bellandur
Glassy,No,Yes,4.2/5,707,Bellandur,Club,"Cocktails, Mocktails, Chicken Chatpata, Beer, Chilli Chicken, Fish Tikka, Masala Peanuts","North Indian, Chinese",1400,Dine-out,Bellandur
Manchow,Yes,Yes,3.8/5,157,Bellandur,Casual Dining,"Veg Manchow Soup, Garlic Butter Noodle, Chop Suey, Chicken Dim Sum","Chinese, Asian, Momos",600,Dine-out,Bellandur
Mont Blanc Cafe,Yes,No,3.8/5,35,Bellandur,Cafe,,"Cafe, Bakery, Italian",650,Dine-out,Bellandur
Nukkad,Yes,No,3.0/5,106,Bellandur,Casual Dining,"Biryani, Pepper Chicken, Ghee Rice, Dal Fry","North Indian, Chinese",500,,
 'RATED\n  I have visited this restaurant 2-3 times. Good for low cost dinner. Can not say food quality is very high but cost wise it is okey type. So, rating 2 is from my side.'), ('Rated 1.5', 'RATED\n  Who adds curry leaves in Manchurian? It was bizarre first time experience. Guess all the cooks are from andhra. I ordered 3 dishes Chinese (veg Manchurian), starter (pepper mushroom) and mushroom gravy. All 3 dishes were having more curry leafs then other stuff. Also minimum order for delivery is Rs.300/-. I wont recommend and will never order again.'), 'RATED\n  Ordered delivery and good lord it was spicy. The biryani was very tasty though. As for the taste, it was average and the excessive spiciness sort of ruins the flavor. Reasonably priced though.'), ('Rated 3.0', 'RATED\n  Good place to have a reasonably priced meal with friends.. Nothing extravagant...the chicken biriyani is worth a try. Try the variety of stuffed kulchas if you are roti inclined...'), ('Rated 4.5', 'RATED\n  I have visited this restaurant 2-3 times. Good for low cost dinner. Can not say food quality is very high but cost wise it is okey type. So, rating 2 is from my side.')
Moriz Restaurant,Yes,No,2.6/5,74,Bellandur,Casual Dining,"Shawarma, Pepper Chicken","Arabian, North Indian, Seafood, Chinese, Biryani",800,Dine-out,Bellandur
Food Theory,No,No,3.0/5,88,Bellandur,,"Pasta, Tandoori Roti, Brownie","Biryani, North Indian, Italian, Chinese, Sandwich, Desserts",500,Dine-out,Bellandur
Kerala Mess Upahar,Yes,No,3.7/5,123,Bellandur,Mess,,"Kerala, Biryani, South Indian",300,Dine-out,Bellandur
Ambur Dum Biryani,No,No,,0,Bellandur,Mess,,"Biryani, South Indian",250,Dine-out,Bellandur
Unico,Yes,No,3.7/5,66,Bellandur,Casual Dining,"Orange Juice, Garlic Naan","North Indian, Biryani, Chinese",550,Dine-out,Bellandur
Drunken Monkey,Yes,No,3.4/5,11,Bellandur,Kiosk,,"Beverages, Fast Food",400,Dine-out,Bellandur
Andhra Spicy,No,No,3.5/5,11,Bellandur,Quick Bites,,"Andhra, Biryani",400,Dine-out,Bellandur
Hyderabadi Biriyani,Yes,No,3.4/5,33,Bellandur,Casual Dining,,"Biryani, Hyderabadi, Chinese, North Indian",800,Dine-out,Bellandur
Nellore Andhra Mess,No,No,,0,Bellandur,Mess,,"Andhra, South Indian",300,Dine-out,Bellandur
Wimpie Cafe & Restaurant,Yes,No,NEW,0,Bellandur,Casual Dining,,"Andhra, North Indian",500,Dine-out,Bellandur
Sri Murali Krishna,Yes,No,NEW,0,Bellandur,Casual Dining,,"North Indian, Chinese, Biryani",600,Dine-out,Bellandur
Azura Restaurant,Yes,No,2.8/5,95,Bellandur,Casual Dining,"Egg Biryani, Dum Biryani, Naan","North Indian, Mughlai, Chinese, Arabian, Kerala",500,Dine-out,Bellandur
BISO - Citrus Hotels,No,No,3.0/5,120,Bellandur,Casual Dining,"Salads, Gulab Jamun, Pasta, Fish, Rasgulla, Coffee, Lunch Buffet","North Indian, Italian, Chinese, Asian",1000,Dine-out,Bellandur
Cafe Jezve,No,No,4.0/5,23,Bellandur,Cafe,,Cafe,500,Dine-out,Bellandur
Aapni Rasoi,Yes,No,3.2/5,127,Bellandur,Quick Bites,"Dal Tadka, Matar Methi Malai, Malai Kofta, Jeera Rice, Roti",North Indian,400,Dine-out,Bellandur
Chai Point,Yes,No,3.9/5,61,Bellandur,"Beverage Shop, Quick Bites",,"Tea, Beverages, Fast Food",250,Dine-out,Bellandur
Tandoori Ghar,Yes,No,,0,Bellandur,Casual Dining,,"North Indian, Chinese, Biryani",400,Dine-out,Bellandur
Biryani House,Yes,No,3.5/5,11,Bellandur,Casual Dining,,"Andhra, Biryani, Chinese, North Indian",600,Dine-out,Bellandur
Starbucks,No,No,3.9/5,38,Bellandur,"Cafe, Food Court",,"Cafe, Desserts",700,Dine-out,Bellandur
Sri Sai Mango Tree Restaurant,No,No,3.6/5,336,Bellandur,Casual Dining,"Chicken Biryani, Kastoori Chicken, Rice, Mushroom Biryani, Mutton Biryani, Paneer Biryani, Tandoori Chicken","North Indian, Biryani, Chinese",600,,
" """"RATED\n  Both me and my friend hadn't had our lunch and were very hungry.\nThe time however"," was 05:40pm and almost all restaurants would not have been opened by that time. So we stopped at the restaurant that served us food at that time.\n\nWe ordered Mushroom Biriyani and Veg Biriyani alongwith babycorn manchurian.\nThe taste of dishes were good.\n\nHowever in the evening both me and my friend developed pain in the stomach and gas as well. So I'm not really sure about the food quality. I do eat lots of Biriyanis by the way. But still this biriyani might have made us a bit sick.\n\nPlus the ambiance wasn't that great. Need better maintenance."""")", ('Rated 1.0', 'RATED\n  Not happy with the ambience, worst taste please dont prefer this restaurant.\nStarters were very worst especially baby corn 65.  poor service and Cleanliness')," """"RATED\n  Pathetic Restaurant", Please do not visit self or with friends/family, restaurant is open upto 11 is what they mentioned ya applied only if you go in a huge group, I went with one of my friend at 10pm today after taking the entire order and confirming availability we were made to wait for 15 minutes and then told food is over, because there was a group sitting before us they gave our biriyani to them and asked us to leave literally got humiliated, ('Rated 3.5', 'RATED\n  We took boneless chicken biryani and it tasted good.\nAlso we have taken chicken sixer and its too good.\nI have given 4rating bcoz Restaurent is not maintained properly.\nService is okay.')
White Horse Pulse Resto Bar,No,No,3.3/5,6,Bellandur,Pub,,"North Indian, Chinese",1000,Dine-out,Bellandur
Sai Ram Andhra Mess,No,No,3.2/5,6,Bellandur,Mess,,"South Indian, North Indian",300,Dine-out,Bellandur
Puro Gusto,No,No,3.9/5,25,Bellandur,Cafe,,Cafe,400,Dine-out,Bellandur
Hyderabadi Biryani Hub,Yes,No,3.5/5,19,Bellandur,Casual Dining,,"Biryani, North Indian, Chinese",600,Dine-out,Bellandur
Paratha's Kitchen,Yes,No,2.8/5,32,Bellandur,,"Paratha, Chole","North Indian, South Indian",200,Dine-out,Bellandur
Tata Cha,Yes,No,3.6/5,34,Bellandur,"Beverage Shop, Cafe",,"Tea, Fast Food, Cafe",400,Dine-out,Bellandur
Bhagini,No,No,2.3/5,131,Bellandur,Casual Dining,"Masala Peanuts, Chicken Biryani, Roti","Andhra, South Indian, Chinese, North Indian",800,,
 'RATED\n  worst food,  and will never ever order from them again.\n\nwe ordered the ajwain fish, it was so bad and bitter and we have never had such bad fish ever before any where and it was not fresh, worst experience and the main course was a big disappointment too.'), ('Rated 3.5', and they didn't even have andhra style chilli chicken. Slightly disappointed we ordered the Chinese version of Chilli Chicken, mutton Biriyani - we were told this is a specialty item of this place, dal makhani and naan. The service was quick. The chicken was quite spicy and tasted okay types. The Biriyani was definitely quite nice, the mutton being absolutely tender and the rice suitably aromatic and flavorsome. The Dal Makhani wasn't too authentic but good enough with the fresh naan. The bill for 3 came up to about 950 rupees. Decent place in the area," I wish they would get the meals back! Tapash Kumar Sahu\n\nsheknowsgrub.com"""")", fast and efficient. Food is a bit spicy just the way Andhra food should be.'), ('Rated 1.5'
The Punjabi,Yes,No,2.9/5,32,Bellandur,Casual Dining,,"North Indian, Mughlai, Biryani, Chinese",550,Dine-out,Bellandur
Cafe Coffee Day,Yes,No,3.1/5,48,Bellandur,Cafe,Hot Coffee,"Cafe, Fast Food",900,Dine-out,Bellandur
Chef's Gallery,No,No,3.5/5,95,Bellandur,Casual Dining,"Pasta, Lunch Buffet, Pizza, Noodles, Draught Beer","Chinese, Italian, North Indian",700,Dine-out,Bellandur
Tea Totallers,Yes,No,2.9/5,19,Bellandur,Cafe,,"Cafe, Continental, Tea",500,Dine-out,Bellandur
Annalakshmi,No,No,3.5/5,28,Bellandur,Casual Dining,,"Andhra, Chettinad",700,Dine-out,Bellandur
Kaka Singh,Yes,No,2.6/5,42,Bellandur,Casual Dining,,North Indian,400,Dine-out,Bellandur
Hyderabadi Zaiqa,Yes,No,3.1/5,41,Bellandur,Casual Dining,,"Hyderabadi, North Indian, Biryani",700,Dine-out,Bellandur
Aaha Andhra,Yes,No,3.7/5,11,Bellandur,Casual Dining,,"Andhra, Biryani, North Indian",900,Dine-out,Bellandur
Atithi Family Bar & Restaurant,Yes,No,3.6/5,31,Bellandur,"Casual Dining, Bar",,"North Indian, South Indian, Andhra",500,Dine-out,Bellandur
Mint Spice CafÃƒÂƒÃ‚ÂƒÃƒÂ‚Ã‚ÂƒÃƒÂƒÃ‚Â‚ÃƒÂ‚Ã‚ÂƒÃƒÂƒÃ‚ÂƒÃƒÂ‚Ã‚Â‚ÃƒÂƒÃ‚Â‚ÃƒÂ‚Ã‚Â© & Restaurant,Yes,No,3.0/5,12,Bellandur,Casual Dining,,"North Indian, Chinese",500,Dine-out,Bellandur
Annapurna Foods,Yes,No,3.5/5,11,Bellandur,Casual Dining,,"North Indian, Chinese, Hyderabadi",400,Dine-out,Bellandur
Hyderabad Biryaani Palace,No,No,3.3/5,12,Bellandur,Casual Dining,,"Chinese, South Indian, North Indian, Biryani",700,Dine-out,Bellandur
China On My Plate,Yes,No,2.8/5,23,Bellandur,Casual Dining,,Chinese,800,Dine-out,Bellandur
Asia In A Box,Yes,No,3.1/5,9,Bellandur,Casual Dining,,"Thai, Asian",550,Dine-out,Bellandur
Bellandur Kitchen,Yes,No,3.4/5,17,Bellandur,Quick Bites,,"North Indian, Chinese",400,Dine-out,Bellandur
Chicken Man,Yes,No,3.7/5,48,Bellandur,Kiosk,"Burgers, Wings","Roast Chicken, Burger",400,Dine-out,Bellandur
The Brewing Bean,No,No,3.7/5,47,Bellandur,Cafe,"Coffee, Pasta, Fish",Cafe,500,Dine-out,Bellandur
Cuppa,No,No,3.7/5,33,Bellandur,Cafe,,"Cafe, Fast Food",550,Dine-out,Bellandur
Re:fuel- Aloft Bengaluru Cessna Business Park,No,No,,0,Bellandur,"Cafe, Bakery",,"Bakery, Beverages, Cafe, Coffee, Desserts, Sandwich",1000,Dine-out,Bellandur
Masala Kitchen,No,No,,0,Bellandur,Casual Dining,,North Indian,700,Dine-out,Bellandur
New Andhra Spicy,Yes,No,3.6/5,11,Bellandur,,,"North Indian, Chinese, Andhra, South Indian, Biryani",200,Dine-out,Bellandur
Mughal Samraj,Yes,No,3.2/5,4,Bellandur,Casual Dining,,Fast Food,600,Dine-out,Bellandur
Reddy's Paradise,Yes,No,3.3/5,4,Bellandur,Casual Dining,,Andhra,700,Dine-out,Bellandur
Mast Kalandar,No,No,2.1/5,337,Bellandur,Casual Dining,"Khichda, Gaon Ki Thali, Buttermilk, Dal Makhani, Paratha, Shikanji, Paneer Bhurji",North Indian,450,Dine-out,Bellandur
Pasta Twist Plus,Yes,No,2.6/5,20,Bellandur,Casual Dining,,"Fast Food, Continental",400,Dine-out,Bellandur
Mirapakaya,Yes,No,,0,Bellandur,Quick Bites,,"South Indian, Fast Food",300,Dine-out,Bellandur
Nandana Mess,No,No,3.4/5,7,Bellandur,Mess,,"South Indian, Chinese",350,Dine-out,Bellandur
Palki Grand,No,No,2.9/5,16,Bellandur,Casual Dining,,"North Indian, Chinese, Biryani, Mangalorean",500,Dine-out,Bellandur
Bangalore Agarwal Bhavan,No,No,3.2/5,4,Bellandur,"Sweet Shop, Quick Bites",,"Mithai, Street Food, Fast Food",200,Dine-out,Bellandur
Flamin Grill,No,No,3.5/5,10,Bellandur,Casual Dining,,"Lebanese, Turkish, BBQ, Burger",600,Dine-out,Bellandur
Chung Wah,No,No,2.9/5,17,Bellandur,Casual Dining,,"Chinese, Thai",400,Dine-out,Bellandur
Spicy Punjabi Pharatha,Yes,No,2.7/5,33,Bellandur,Casual Dining,,"North Indian, South Indian, Chinese",500,Dine-out,Bellandur
BTM Bawarchi Biryani,No,No,,0,Bellandur,Casual Dining,,"Biryani, North Indian, Chinese",600,Dine-out,Bellandur
Palki's,No,No,3.0/5,155,Bellandur,Casual Dining,"Outdoor Sitting Arrangement, Vegetable Biryani, Dal Makhani, Veg Thali","North Indian, Biryani",800,,
 offering seating in open garden and also in A/C hall. Nice music in garden area and TV in hall.\n\nFood: (3.5/5 )Priced at average of 250/- per main dish, quality was better than good, Murg Patiala is worth a try. Dal Maharaja is Ok .\n\nService: (5/5) Service is superb. Crew is courteous .\n\nWorth visiting again.'), ('Rated 4.5', 'RATED\n  today i went palkis  very good food i like palkis food and  garden area it was  awesome. good service i will recommend my friend to visit palkis restaurant in bellandur, ('Rated 4.5', 'RATED\n  Good, affordable buffet with great taste! :)'), ('Rated 4.0', 'RATED\n  Myself and my colleague visited this place today for lunch.  The staff received well and we ordered buffet. The dishes were quite tasty , the buffet cost is just two night nine.  \nWant to visit again!'), ('Rated 4.0'
Al Khwaja,No,No,3.0/5,13,Bellandur,Casual Dining,,"North Indian, Chinese",400,Dine-out,Bellandur
Costa Coffee,No,No,3.0/5,6,Bellandur,Cafe,,"Cafe, Fast Food",500,Dine-out,Bellandur
Kolkata Famous Kati Roll,No,No,3.4/5,7,Bellandur,Kiosk,,"Fast Food, Rolls",100,Dine-out,Bellandur
Vandana Mess,No,No,,0,Bellandur,Mess,,South Indian,200,Dine-out,Bellandur
Spice Garden by Dum Mast Biryani,No,No,3.2/5,59,Bellandur,Casual Dining,"Biryani, Paneer Pasanda","North Indian, South Indian, Biryani, Continental",550,Dine-out,Bellandur
Cafe Olive,No,No,3.8/5,114,Bellandur,Cafe,"Pasta, Pizza, Burgers, Sandwiches, Greek Salad, Sandwich, French Fries","Cafe, European, Beverages, Italian",550,,
" you definitely will enjoy the food.\nI would certainly go back for more..."""")", ('Rated 5.0'," """"RATED\n  Really good food and its a must try if you are near ORR"," specially pasta and starter's. The place is also near CISCO office so you can take your time and see this"""")", ('Rated 5.0', more than what I had expected :) ..!!! Pizzas and Pastas are just awesome here. And prices are very nominal and the dishes are worth it. I was contented after eating here. I had the best experience. I would encourage everyone to eat atleast once in this place.'), ('Rated 4.5'," """"RATED\n  Small place", good smooth food. Don't judge by the looks," judge by what goes in your belly. Best under the clouds and a cool breeze. Humble and understanding service"""")", ordered multiple starters, sandwiches
Pizza Hut,No,No,3.6/5,542,Bellandur,Casual Dining,"Pizza Crispy Crunch, Garlic Bread, Paneer Pizza, Pasta, Pane Pizza","Pizza, Fast Food",750,Dine-out,Bellandur
W XYZ Bar - Aloft Bengaluru Cessna Business Park,No,No,3.8/5,46,Bellandur,"Lounge, Casual Dining",Cocktails,"Finger Food, North Indian",2000,Dine-out,Bellandur
Ghar Ki Rasoi,Yes,No,3.7/5,50,Bellandur,Casual Dining,,North Indian,500,Dine-out,Bellandur
Punjabi Tadka,No,No,2.6/5,270,Bellandur,Casual Dining,"Roti, Paratha, Jeera Rice, Panneer Butter Masala, Sweet Lassi, Tandoori Chicken, Tawa Chicken","North Indian, Chinese",400,Dine-out,Bellandur
Al Khansah,Yes,No,3.9/5,370,Bellandur,Casual Dining,"Chicken Tikka Masala, Chicken Biryani, Mutton Biryani, Chicken Curry, Gajar Ka Halwa, Malai Kebab, Gulab Jamun","Biryani, Mughlai, Chinese, North Indian, Kebab",550,Dine-out,Bellandur
Apna Veg Dhaba,Yes,No,3.1/5,35,Bellandur,Casual Dining,,"North Indian, Chinese",400,Dine-out,Bellandur
Biriyani House,Yes,No,3.6/5,27,Bellandur,Casual Dining,,Biryani,400,Dine-out,Bellandur
Cafe Thulp,Yes,Yes,4.0/5,341,Bellandur,Cafe,"Burgers, Fries, Beef Burger, Pasta, Salad, Mudpie, Falafel Burger","Cafe, Burger, Italian, Salad",1000,Dine-out,Bellandur
Meghana Biryani,Yes,No,2.3/5,235,Bellandur,Casual Dining,"Paneer Biryani, Vegetable Biryani, Chicken Boneless Biryani",North Indian,800,Dine-out,Bellandur
Hyderabadi Bawarchi Biriyani,Yes,No,,0,Bellandur,Casual Dining,,Biryani,450,Dine-out,Bellandur
Curry Flavours,No,No,NEW,0,Bellandur,Casual Dining,,"Tamil, South Indian, North Indian, Chinese",200,Dine-out,Bellandur
Shree Khana Khazana,Yes,No,4.2/5,166,Bellandur,Quick Bites,"Thali, Lassi, Dal Bati Churma, Paratha, Buttermilk, Paneer Malai Kofta, Dal Tadka","North Indian, Chinese",450,Dine-out,Bellandur
Tumbites,Yes,No,NEW,0,Bellandur,Quick Bites,,North Indian,200,Dine-out,Bellandur
Udupi Aatithya,Yes,No,4.0/5,77,Bellandur,Quick Bites,"Filter Coffee, Vada, Biryani, Masala Dosa","South Indian, North Indian, Chinese",300,Dine-out,Bellandur
Punjabi Nukkad Pure Veg,Yes,No,3.5/5,378,Bellandur,Quick Bites,"Lassi, Paratha, Chur Chur Naan, Raita, Chana Masala, Kheer, Buttermilk","North Indian, Chinese, Juices",500,Dine-out,Bellandur
Phulke Ghar Ke,Yes,No,4.0/5,532,Bellandur,Quick Bites,"Lassi, Thali, Paratha, Rajma, Malai Kofta, Buttermilk, Phulke Ghar Ke","North Indian, Chinese",300,Dine-out,Bellandur
Biryani Kitchen,Yes,No,3.9/5,214,Bellandur,Quick Bites,"Hyderabadi Biryani, Paneer Biryani",Biryani,400,Dine-out,Bellandur
Marwari Basa,Yes,No,3.1/5,26,Bellandur,Quick Bites,,"Rajasthani, North Indian",300,Dine-out,Bellandur
Homelicious Food,Yes,No,NEW,0,Bellandur,Quick Bites,,North Indian,200,Dine-out,Bellandur
Delhite Food,Yes,No,3.5/5,6,Bellandur,Quick Bites,,North Indian,300,Dine-out,Bellandur
Faasos,Yes,No,NEW,0,Bellandur,Quick Bites,,"North Indian, Biryani, Fast Food",500,Dine-out,Bellandur
The Modak,Yes,No,3.6/5,18,Bellandur,Quick Bites,,"North Indian, Street Food, Desserts, Chinese",400,Dine-out,Bellandur
Atithi Aramane Veg,Yes,No,3.9/5,48,Bellandur,Quick Bites,,"South Indian, North Indian, Chinese",300,Dine-out,Bellandur
Laddoos,Yes,No,2.9/5,163,Bellandur,"Quick Bites, Sweet Shop","Paratha, Samosa, Chole Bhature, Pav Bhaji, Kachori, Vada Pav","North Indian, Street Food, Mithai",250,Dine-out,Bellandur
KFC,No,No,3.6/5,20,Bellandur,"Quick Bites, Food Court",,"Burger, Fast Food",450,Dine-out,Bellandur
Cake Town Cafe,Yes,No,3.9/5,75,Bellandur,"Bakery, Dessert Parlor",Chocolate Cake,"Bakery, Desserts",500,Dine-out,Bellandur
Chef Baker's,Yes,No,3.6/5,136,Bellandur,"Bakery, Quick Bites","Pasta, Apple Pie, Sandwich, Chocolate Cake, Burgers, Hot Chocolate, Donut","Bakery, Fast Food, Pizza, Burger, Cafe",600,Dine-out,Bellandur
Just Delhiwala,Yes,No,3.8/5,80,Bellandur,Quick Bites,"Chole, Lassi, Paratha",North Indian,300,Dine-out,Bellandur
Punjabi Dawat,Yes,No,2.9/5,248,Bellandur,Quick Bites,"Lassi, Naan, Chicken Biryani, Butter Chicken, Aloo Paratha, Manchurian, Paneer Tikka Masala","North Indian, Chinese",400,,
 'RATED\n  biryani was good, but tandoori was watery'), ('Rated 1.0', 'RATED\n  i have not reaceived food'), ('Rated 2.0', ('Rated 1.0', 'RATED\n  disgusting food'), ('Rated 2.0', 'RATED\n  taste was not good specially for saal, quantity was less against given amount'), but tandoori was watery'), ('Rated 1.0'
Kairali Restaurant,Yes,No,3.9/5,94,Bellandur,Quick Bites,"Beef Fry, Beef Biryani, Fish Curry, Appam, Karimeen Fry",Kerala,200,Dine-out,Bellandur
Udupi Nalapaka,Yes,No,3.7/5,37,Bellandur,Quick Bites,,"South Indian, North Indian, Chinese",400,Dine-out,Bellandur
McDonald's,Yes,No,3.2/5,258,Bellandur,Quick Bites,"Burgers, Fries","Burger, Fast Food",500,Dine-out,Bellandur
Frosty Fills,Yes,No,NEW,0,Bellandur,Quick Bites,,"Desserts, Ice Cream",250,Dine-out,Bellandur
Ambur Dum Biriyani,Yes,No,3.4/5,12,Bellandur,Quick Bites,,Biryani,200,Dine-out,Bellandur
Indy Palate,Yes,No,3.6/5,14,Bellandur,Quick Bites,,"Continental, Biryani, Italian, North Indian, Chinese",250,Dine-out,Bellandur
Punjabi Food Point,Yes,No,3.3/5,200,Bellandur,Quick Bites,"Aloo Paratha, Panneer Butter Masala","North Indian, Mughlai, Biryani, Chinese",450,Dine-out,Bellandur
Subway,Yes,No,3.6/5,12,Bellandur,Food Court,,"Salad, Fast Food",600,Dine-out,Bellandur
Pathankot Punjabi Restaurant,No,No,3.2/5,5,Bellandur,Food Court,,North Indian,350,Dine-out,Bellandur
Zayakedar,Yes,No,4.0/5,250,Bellandur,Quick Bites,"Rajma, Fried Rice, Lassi, Butter Phulkas, Bhindi Fry, Thali, Butter Chicken",North Indian,250,Dine-out,Bellandur
Roll junction,No,No,3.1/5,8,Bellandur,Food Court,,"Fast Food, Rolls",150,Dine-out,Bellandur
Mumbai Xpress,Yes,No,2.9/5,89,Bellandur,Quick Bites,"Chai, Vada Pav, Pizza","Fast Food, Street Food",350,Dine-out,Bellandur
Abbabi Chicken,Yes,No,3.8/5,133,Bellandur,Quick Bites,"Rolls, Chicken Shawarama, Chicken Shwarma Roll, Abbabi Chicken, Shawarma Roll",Fast Food,200,Dine-out,Bellandur
Sri Ganesh Juice Junction,Yes,No,,0,Bellandur,Quick Bites,,"Fast Food, Juices",200,Dine-out,Bellandur
Corner Huts,Yes,No,3.8/5,30,Bellandur,Quick Bites,,"North Indian, Chinese, Biryani, South Indian",300,Dine-out,Bellandur
Burrito Boys,No,No,2.7/5,39,Bellandur,Food Court,Rice Bowl,"Mexican, Tex-Mex",330,Dine-out,Bellandur
Blueberry Restaurant,Yes,No,3.7/5,36,Bellandur,Quick Bites,,"North Indian, Biryani, South Indian",400,Dine-out,Bellandur
Monsoon,No,No,2.8/5,11,Bellandur,Food Court,,Continental,1000,Dine-out,Bellandur
Five Star Chicken,Yes,No,3.4/5,9,Bellandur,Quick Bites,,"Fast Food, Burger",200,Dine-out,Bellandur
Goli Vada Pav No. 1,Yes,No,3.3/5,84,Bellandur,Quick Bites,"Masala Vada Pav, Kulfi",Street Food,200,Dine-out,Bellandur
Parathe Ghar Ke,Yes,No,3.2/5,4,Bellandur,Quick Bites,,North Indian,300,Dine-out,Bellandur
Ritomi's Lov,Yes,No,3.7/5,48,Bellandur,Quick Bites,"Paratha, Thali, Rajma, Poha",North Indian,400,Dine-out,Bellandur
Cafe Daily Bread,No,No,3.7/5,128,Bellandur,"Bakery, Quick Bites","Pasta, Sandwich, Sandwiches, Caesar Salad, Salads, Fries, Egg Wrap","Bakery, Fast Food, Italian",600,,
" """"RATED\n  Good place to chill at... Can grab a good bowl of pasta and coffee and read in peace for a while.. the staff is friendly and the service is good.. the quantity has declined over time and so has the quality.. mebbe because the cook changed... Have been here a regular from almost 5 Months.. the ice creams were good but for some reason they stopped.. dish I would recommend is chicken morney with extra chicken and cafe mocha.. perfect combination.. and a good meal on a lazy day.. the management.. kindly don't spoil the quantity and quality of your food.. that's what makes people coming back.."""")", ('Rated 4.0'," """"RATED\n  I'm a fan of Americano and Chicken Pasta @ Daily Bread.\nThe place is bit dusty"," mostly due to broken road nearby. Hope they tar the road pretty soon."""")", ('Rated 1.0', ('Rated 3.5'," """"RATED\n  This is a newly opened food spot in Bellandur. We just went in and took two coupons for a veg buffet @ 150/- each. Seriously", the food was delicious to the core. We had that homely feeling while enjoying their buffet. The veg buffet had a dessert, a sweet corn salad, red beans(rajmas)," mixed veg & spicy potatoes with capsicum. We're definitely putting this place as our weekend lunch spot. Homely food with proper hygiene.\n\nThe cafe has a separate section for buffet and their bakery items. They even got a TT table & a Foosball spot. There were some 10-12 people while we were there for lunch. Highly recommended for the residents of Bellandur !"""")", ('Rated 3.5'
Biriyani's & Curries,No,No,,0,Bellandur,Quick Bites,,"Andhra, Biryani",400,Dine-out,Bellandur
Hungry Bird,Yes,No,3.6/5,15,Bellandur,Quick Bites,,"North Indian, Chinese, Biryani",400,Dine-out,Bellandur
Kerala Panoor Restaurant,Yes,No,3.5/5,137,Bellandur,Quick Bites,,"Kerala, Seafood, Biryani, South Indian",350,Dine-out,Bellandur
Shri Sai Ram Andhra Hotel,No,No,NEW,0,Bellandur,Quick Bites,,"South Indian, North Indian",300,Dine-out,Bellandur
The Kebab House,Yes,No,4.3/5,49,Bellandur,Quick Bites,"Cheese Naan, Biryani, Onion Rings","Kebab, Biryani",250,Dine-out,Bellandur
Just Bake,No,No,3.7/5,36,Bellandur,Bakery,,"Bakery, Desserts",400,Dine-out,Bellandur
Udupi Ruchi,Yes,No,3.8/5,240,Bellandur,Quick Bites,"Tea, Biryani","South Indian, North Indian, Chinese, Street Food",200,Dine-out,Bellandur
Burger King,No,No,3.5/5,21,Bellandur,Food Court,,"Burger, Fast Food, Beverages",600,Dine-out,Bellandur
Mango Tree Grand,Yes,No,3.8/5,112,Bellandur,Quick Bites,,"Andhra, North Indian",700,Dine-out,Bellandur
Up Shawarma,Yes,No,3.4/5,13,Bellandur,Quick Bites,,Arabian,150,Dine-out,Bellandur
Pita Pit,Yes,No,3.3/5,7,Bellandur,Quick Bites,,"Healthy Food, Salad",600,Dine-out,Bellandur
Samosa Corner,No,No,3.7/5,32,Bellandur,Quick Bites,,Street Food,100,Dine-out,Bellandur
Noodles,No,No,3.4/5,4,Bellandur,Food Court,,Chinese,400,Dine-out,Bellandur
Madurai Meenakshi Vilas,Yes,No,3.6/5,27,Bellandur,Quick Bites,,South Indian,300,Dine-out,Bellandur
Ammi's Biryani,No,No,2.8/5,43,Bellandur,Quick Bites,"Chicken Biryani, Mutton Biryani","Biryani, North Indian",500,Dine-out,Bellandur
Kolkata Famous Kati Rolls,No,No,3.6/5,18,Bellandur,Quick Bites,,"Fast Food, Rolls",100,Dine-out,Bellandur
Punjab Zone,Yes,No,2.9/5,120,Bellandur,Quick Bites,,North Indian,400,Dine-out,Bellandur
Paratha Treat,Yes,No,3.6/5,51,Bellandur,Quick Bites,,North Indian,200,Dine-out,Bellandur
Bawarchi Khaana,Yes,No,3.3/5,56,Bellandur,Quick Bites,,"North Indian, Chinese",600,Dine-out,Bellandur
Ramji Chaiwale,Yes,No,3.3/5,30,Bellandur,Quick Bites,,"Beverages, Fast Food",250,Dine-out,Bellandur
Spice Treat,No,No,,0,Bellandur,Quick Bites,,Fast Food,500,Dine-out,Bellandur
Pasta Twist,No,No,,0,Bellandur,Quick Bites,,"Italian, Fast Food",400,Dine-out,Bellandur
Punjabi Home Made Food,Yes,No,,0,Bellandur,Quick Bites,,North Indian,400,Dine-out,Bellandur
Nawab's Kitchen,No,No,,0,Bellandur,Quick Bites,,"Biryani, Chinese",400,Dine-out,Bellandur
Filmy Kitchen,Yes,No,3.7/5,182,Bellandur,Quick Bites,"Paneer Tikka, Dal Bati, Gulab Jamun, Thali, Tandoori Mushrooms, Chole, Chinese Bhel","North Indian, South Indian, Italian, Chinese, Fast Food",400,Dine-out,Bellandur
Domino's Pizza,Yes,No,3.2/5,66,Bellandur,Quick Bites,Pizza Burger,"Pizza, Fast Food",800,Dine-out,Bellandur
Sri Krishna Kitchen,Yes,No,3.6/5,22,Bellandur,Quick Bites,,"North Indian, Chinese",350,Dine-out,Bellandur
All In One Desi Khana,No,No,,0,Bellandur,Quick Bites,,"North Indian, Chinese, Biryani",500,Dine-out,Bellandur
California Burrito,No,No,3.7/5,23,Bellandur,"Food Court, Quick Bites",,"Mexican, Fast Food",400,Dine-out,Bellandur
Punjabi,No,No,,0,Bellandur,Quick Bites,,"North Indian, Chinese",500,Dine-out,Bellandur
Malhari Juice & Chats,No,No,,0,Bellandur,"Food Court, Quick Bites",,Street Food,300,Dine-out,Bellandur
4-States,No,No,,0,Bellandur,Food Court,,South Indian,250,Dine-out,Bellandur
Taste Of India,No,No,,0,Bellandur,Food Court,,North Indian,300,Dine-out,Bellandur
4 States,No,No,,0,Bellandur,Food Court,,South Indian,400,Dine-out,Bellandur
Noodle,No,No,,0,Bellandur,Food Court,,Chinese,500,Dine-out,Bellandur
Paratha King,Yes,No,3.1/5,19,Bellandur,Quick Bites,,North Indian,300,Dine-out,Bellandur
Food Treat,Yes,No,3.3/5,12,Bellandur,Quick Bites,,"North Indian, South Indian",300,Dine-out,Bellandur
Sri Vasavi Restaurant,Yes,No,3.6/5,30,Bellandur,Quick Bites,,"Chinese, Biryani",250,Dine-out,Bellandur
Half & Half Food Box,Yes,No,3.1/5,13,Bellandur,Quick Bites,,"North Indian, Chinese, Biryani",500,Dine-out,Bellandur
Telugu Velugu,No,No,3.0/5,6,Bellandur,Food Court,,"South Indian, Biryani",300,Dine-out,Bellandur
Gowdaaa Mane Oota,No,No,3.4/5,7,Bellandur,Quick Bites,,South Indian,200,Dine-out,Bellandur
Harvest Market,No,No,3.7/5,19,Bellandur,Food Court,,"Continental, Pizza",500,Dine-out,Bellandur
Starve Nights,No,No,,0,Bellandur,Food Court,,"Biryani, Chinese, North Indian",450,Dine-out,Bellandur
Wai Wai City,No,No,,0,Bellandur,Quick Bites,,Chinese,250,Dine-out,Bellandur
Burger & Kulfi Plaza,No,No,,0,Bellandur,"Food Court, Quick Bites",,Fast Food,300,Dine-out,Bellandur
Maza E Hind,No,No,,0,Bellandur,Quick Bites,,North Indian,300,Dine-out,Bellandur
Hotel Thansika,No,No,,0,Bellandur,Quick Bites,,"South Indian, Biryani",200,Dine-out,Bellandur
Nilavara Restaurant,No,No,,0,Bellandur,Quick Bites,,Kerala,300,Dine-out,Bellandur
Shiv Shakti Hotel,No,No,,0,Bellandur,Quick Bites,,North Indian,200,Dine-out,Bellandur
Basaveshwara Khanavali,No,No,,0,Bellandur,Quick Bites,,North Indian,200,Dine-out,Bellandur
Vishal Foods,Yes,No,,0,Bellandur,Quick Bites,,Fast Food,300,Dine-out,Bellandur
Hotel Aahaa,No,No,3.7/5,25,Bellandur,Quick Bites,,South Indian,200,Dine-out,Bellandur
Best Biryani,No,No,,0,Bellandur,Quick Bites,,"North Indian, Biryani, Desserts",300,Dine-out,Bellandur
Crack That,No,No,3.3/5,6,Bellandur,"Food Court, Quick Bites",,Continental,500,Dine-out,Bellandur
Yummy Punjabi Delight,No,No,3.2/5,6,Bellandur,Quick Bites,,North Indian,500,Dine-out,Bellandur
TRP -That Roll Place,No,No,3.6/5,14,Bellandur,"Quick Bites, Food Court",,"Fast Food, Rolls",200,Dine-out,Bellandur
Ande Ka Funda,No,No,3.0/5,21,Bellandur,Quick Bites,,Fast Food,150,Dine-out,Bellandur
Sri Krishna Upahar,No,No,3.6/5,25,Bellandur,Quick Bites,,South Indian,250,Dine-out,Bellandur
Litti Chokha Junction,No,No,,0,Bellandur,Quick Bites,,"Bihari, Chinese",250,Dine-out,Bellandur
Quick Bites Food Junction,No,No,3.2/5,4,Bellandur,Quick Bites,,"North Indian, South Indian, Street Food, Chinese",300,Dine-out,Bellandur
Uttar Karnataka Lunch Home,No,No,3.1/5,6,Bellandur,Quick Bites,,South Indian,150,Dine-out,Bellandur
Chatorr,No,No,2.9/5,78,Bellandur,Quick Bites,,"Fast Food, Street Food",400,Dine-out,Bellandur
New Desi Paratha Point,No,No,,0,Bellandur,Quick Bites,,"North Indian, Chinese",400,Dine-out,Bellandur
Maa Vooru,No,No,3.3/5,4,Bellandur,Quick Bites,,Fast Food,300,Dine-out,Bellandur
Hotel Masthi Kabab,No,No,3.1/5,9,Bellandur,Quick Bites,,"North Indian, Chinese",300,Dine-out,Bellandur
Ambur Biriyani Centre,No,No,3.3/5,6,Bellandur,Quick Bites,,Biryani,150,Dine-out,Bellandur
Spice Of Kolkata,No,No,2.8/5,116,Bellandur,Food Court,"Rolls, Biryani, Dum Aloo","Bengali, Rolls, Chinese",400,,
" """"RATED\n  Worst ever food. Tasteless over spicy ... They used curry leaves in dal - a big box no for Bengal cuisine. It's a punishment to have foods from or at this place. I feel like puking."""")", ('Rated 3.5'," 'RATED\n  We ordered """"Paneer Tikka"""" and """"Tandoori Aloo Cheese Tikka Roll"""". Rolls were tasty and value for money","we would like to have it again.\n\nHowever they don\'t keep """"Achaari"""" flavors which are quite common in other """"Rolls outlet"""".\nIn short",good place to have quick bite :)\n\nabhinieats.com'), 'RATED\n  Pathetic food,the fish served to us was not fresh at all.They had served same gravy for fish,chicken and mutton with no variations and taste.A complete waste of money. I will not recommand any one to visit this restaurent.'), ('Rated 1.0'," 'RATED\n  I found a """"Spring"""" in my Aloo Gobi.\n1st", they were like, oh spring. Ya whatever. Like it\'s a normal matter to them. You can see the photo of the same I have uploaded.\nOn the same day
Spicy Hub,No,No,3.0/5,26,Bellandur,Quick Bites,,North Indian,400,Dine-out,Bellandur
Inhouse Burger,No,No,3.6/5,10,Bellandur,Food Court,,Fast Food,400,Dine-out,Bellandur
Ramana Hotel,No,No,,0,Bellandur,Quick Bites,,"South Indian, North Indian",300,Dine-out,Bellandur
Taste Of India,No,No,3.1/5,5,Bellandur,Quick Bites,,"North Indian, Rolls",400,Dine-out,Bellandur
Cravingz,No,No,,0,Bellandur,Quick Bites,,"Fast Food, Beverages",400,Dine-out,Bellandur
Kanthari Food Court,No,No,,0,Bellandur,Food Court,,Kerala,150,Dine-out,Bellandur
Biryani Treat,No,No,,0,Bellandur,Quick Bites,,Biryani,400,Dine-out,Bellandur
Five Satr Chiken,No,No,NEW,0,Bellandur,Quick Bites,,Fast Food,300,Dine-out,Bellandur
Parrattha Ssinghh,Yes,No,NEW,0,Bellandur,Quick Bites,,North Indian,250,Dine-out,Bellandur
Shree K Foods,No,No,NEW,0,Bellandur,Quick Bites,,"North Indian, South Indian",350,Dine-out,Bellandur
Chaatora Ghar,No,No,,0,Bellandur,Food Court,,North Indian,200,Dine-out,Bellandur
Savi Sagar,No,No,3.2/5,6,Bellandur,"Food Court, Quick Bites",,"North Indian, South Indian, Chinese",400,Dine-out,Bellandur
Biryani Kitchen,No,No,3.5/5,27,Bellandur,Quick Bites,,Biryani,350,Dine-out,Bellandur
The Paratha Studio,Yes,No,NEW,0,Bellandur,Quick Bites,,North Indian,200,Dine-out,Bellandur
Xung Fu,Yes,No,,0,Bellandur,Quick Bites,,"Asian, Chinese",350,Dine-out,Bellandur
Singh Saheb Di Rasoi,Yes,No,3.2/5,10,Bellandur,Quick Bites,,North Indian,800,Dine-out,Bellandur
Yummy Punjabi,Yes,No,2.9/5,93,Bellandur,Quick Bites,,"North Indian, Chinese",400,Dine-out,Bellandur
Ambur Dum Biriyani,No,No,3.0/5,11,Bellandur,Quick Bites,,Biryani,150,Dine-out,Bellandur
Biriyani Adda,Yes,No,NEW,0,Bellandur,Quick Bites,,"North Indian, Chinese, Biryani, Kebab",350,Dine-out,Bellandur
Rangla Punjab,Yes,No,2.9/5,313,Bellandur,Quick Bites,"Naan, Paratha, Sweet Lassi, Egg Masala, Matar Paneer, Dal Tadka, Panneer Butter Masala","North Indian, Chinese",450,Dine-out,Bellandur
Deli Chats & Sweets,Yes,No,NEW,0,Bellandur,Quick Bites,,"Street Food, Mithai",200,Dine-out,Bellandur
Basaveshwara Khanavali,No,No,3.3/5,11,Bellandur,Quick Bites,,South Indian,150,Dine-out,Bellandur
Punjabi Khana,Yes,No,3.0/5,12,Bellandur,Quick Bites,,North Indian,500,Dine-out,Bellandur
Yummy Tummy,Yes,No,3.0/5,111,Bellandur,Quick Bites,"Rolls, Paratha","Rolls, North Indian, Chinese, Biryani",400,Dine-out,Bellandur
